date,region,DLWPI,UR
1997 Q3,AUS,NA,8.3732066
1997 Q4,AUS,0.8955283729103591,7.9760865333333335
1998 Q1,AUS,0.7401958295667477,7.8395823
1998 Q2,AUS,0.5882369903067008,7.7329733
1998 Q3,AUS,1.0211613170196365,7.7871232
1998 Q4,AUS,0.578872817624454,7.373851433333333
1999 Q1,AUS,1.0050335853502013,7.081623033333334
1999 Q2,AUS,0.4276556767259798,6.885279166666667
1999 Q3,AUS,0.9908078224696304,6.8734500333333335
1999 Q4,AUS,0.5617992304223662,6.6329774
2000 Q1,AUS,0.6978395381461944,6.6500349666666665
2000 Q2,AUS,0.554786443771782,6.3012467333333335
2000 Q3,AUS,1.2371291802547368,5.9889494333333335
2000 Q4,AUS,0.8163310639160315,6.1712069
2001 Q1,AUS,1.0781775603288857,6.366332933333333
2001 Q2,AUS,0.53476063265947,6.868633
2001 Q3,AUS,1.0610179112015672,6.8667495333333335
2001 Q4,AUS,0.7884403524148986,6.978586966666667
2002 Q1,AUS,0.6523180339123691,6.6259067
2002 Q2,AUS,0.6480904084082972,6.4038341999999995
2002 Q3,AUS,1.1560822401076365,6.279546033333333
2002 Q4,AUS,0.763362485507102,6.1569294333333335
2003 Q1,AUS,1.0088357944340487,6.0550219
2003 Q2,AUS,0.5006268278144432,6.0503393
2003 Q3,AUS,1.24071070470535,5.906318
2003 Q4,AUS,0.9816029737656606,5.708122133333333
2004 Q1,AUS,0.7299302481611036,5.5364295666666665
2004 Q2,AUS,0.4836768800614344,5.435035666666667
2004 Q3,AUS,1.3181736702064129,5.478746233333333
2004 Q4,AUS,0.9478743954543845,5.1168752
2005 Q1,AUS,1.0557282805876866,5.1063183
2005 Q2,AUS,0.6976772485647764,5.056454333333333
2005 Q3,AUS,1.3809195274187225,4.957940733333333
2005 Q4,AUS,0.9101314246345638,5.007213566666667
2006 Q1,AUS,1.014093197604904,5.0440011
2006 Q2,AUS,0.7816901891611217,4.856658899999999
2006 Q3,AUS,1.106205970585794,4.677776166666667
2006 Q4,AUS,0.9852296443011888,4.514877566666667
2007 Q1,AUS,1.0834342165709998,4.5491633333333334
2007 Q2,AUS,0.7514796502486654,4.324274633333333
2007 Q3,AUS,1.3807972966334958,4.2547153
2007 Q4,AUS,0.9448889197932075,4.3532732
2008 Q1,AUS,0.9360442759564158,4.0850542
2008 Q2,AUS,0.9273636785328776,4.2579072
2008 Q3,AUS,1.1218883604787955,4.184493333333333
2008 Q4,AUS,1.2096921708828923,4.4404717
2009 Q1,AUS,0.6989544181712048,5.306532366666667
2009 Q2,AUS,0.5952398527295344,5.728186833333334
2009 Q3,AUS,0.8862687257845003,5.682560866666667
2009 Q4,AUS,0.6839303650242101,5.557184066666667
2010 Q1,AUS,0.8725212890869471,5.328351933333333
2010 Q2,AUS,0.5774799493884153,5.2901615
2010 Q3,AUS,1.4292763556925436,5.124262866666666
2010 Q4,AUS,0.84786188555519,5.0896989
2011 Q1,AUS,0.9337135995940216,4.9668839
2011 Q2,AUS,0.5560718684697541,4.962494666666666
2011 Q3,AUS,1.194318284417406,5.194207666666666
2011 Q4,AUS,0.9090971701252393,5.204698433333333
2012 Q1,AUS,0.8111806535375798,5.1407978666666665
2012 Q2,AUS,0.7155665595412586,5.118494
2012 Q3,AUS,1.1519843832861199,5.274986866666667
2012 Q4,AUS,0.702373387930777,5.366085633333333
2013 Q1,AUS,0.6105557562484876,5.4751351999999995
2013 Q2,AUS,0.4338401598597663,5.630446
2013 Q3,AUS,0.9478743954543845,5.727545066666666
2013 Q4,AUS,0.5132603226520871,5.839836333333333
2014 Q1,AUS,0.6802747322752545,5.898155766666666
2014 Q2,AUS,0.42283361095210026,5.926701366666666
2014 Q3,AUS,0.8403410796379518,6.171731733333334
2014 Q4,AUS,0.584065072954143,6.253369666666667
2015 Q1,AUS,0.41511060023786683,6.201954066666667
2015 Q2,AUS,0.4133945531727967,6.0158837
2015 Q3,AUS,0.8216973102281422,6.181047966666667
2015 Q4,AUS,0.40833049793702614,5.8350603
2016 Q1,AUS,0.40666993825544395,5.795258266666667
2016 Q2,AUS,0.40502282990226846,5.6859729
2016 Q3,AUS,0.7249326954910096,5.6604635666666665
2016 Q4,AUS,0.40048111195130076,5.734496433333333
2017 Q1,AUS,0.39888365612323895,5.806185266666667
2017 Q2,AUS,0.3972988936776112,5.590543233333333
2017 Q3,AUS,0.789893522453422,5.537155566666667
2017 Q4,AUS,0.4709584843085146,5.493009366666667
2018 Q1,AUS,0.3907781448075909,5.5431441
2018 Q2,AUS,0.38925701155116954,5.4372112999999995
2018 Q3,AUS,1.0050335853501124,5.1922567
2018 Q4,AUS,0.4604766386748338,5.0449983
2019 Q1,AUS,0.45836596676576136,5.038531666666667
2019 Q2,AUS,0.4562745558418513,5.220721433333333
2019 Q3,AUS,0.8311343650793113,5.263283333333334
2019 Q4,AUS,0.4504512121104476,5.1737413
2020 Q1,AUS,0.4484312447328165,5.179222366666667
2020 Q2,AUS,0,6.8987810666666665
2020 Q3,AUS,0.44642931286862364,7.069535
2020 Q4,AUS,0.518327706185584,6.776098266666667
2021 Q1,AUS,0.5156549179245573,5.9210719
2021 Q2,AUS,0.29347049675942927,5.195023366666667
2021 Q3,AUS,0.8752791109595037,4.683498066666666
2021 Q4,AUS,0.5792919892783743,4.6960105
2022 Q1,AUS,0.575955515836668,4.0493744666666665
2022 Q2,AUS,0.572657255720177,3.7956282666666668
2022 Q3,AUS,1.417458176009312,3.5417816666666666
2022 Q4,AUS,0.7711219423490512,3.494348733333333
2023 Q1,AUS,0.7652211253279972,3.6096628
2023 Q2,AUS,0.6217636610870159,3.6023663999999997
2023 Q3,AUS,1.8424267326058619,3.6701216666666667
2023 Q4,AUS,0.9421334828390471,3.9000396333333334
2024 Q1,AUS,0.6010034784889484,3.8957483
2024 Q2,AUS,0.5974129948659979,4.0426948
2024 Q3,AUS,1.3149433384944231,4.1384408666666666
2024 Q4,AUS,0.6510439662432255,4.006744566666667
2025 Q1,AUS,0.7756987828571482,4.071017866666667
1997 Q3,NSW,NA,7.758426099999999
1997 Q4,NSW,0.5970166986503322,7.453097333333333
1998 Q1,NSW,1.0362787035546717,7.256295033333333
1998 Q2,NSW,0.44085302847660657,7.155773966666667
1998 Q3,NSW,1.455629777420775,7.1539926666666664
1998 Q4,NSW,0.4325889947121908,6.682569333333333
1999 Q1,NSW,1.0021558461019708,6.496341933333333
1999 Q2,NSW,0.5681833467430231,6.151856166666667
1999 Q3,NSW,1.1267724846343086,6.394393966666667
1999 Q4,NSW,0.4192878260036004,5.6854023
2000 Q1,NSW,0.6949298293205786,5.7816225333333335
2000 Q2,NSW,0.6901338640692423,5.363927033333334
2000 Q3,NSW,1.6371443414683107,5.0438111
2000 Q4,NSW,0.539812376955684,5.391798733333333
2001 Q1,NSW,0.9377161812596846,5.4971790333333335
2001 Q2,NSW,0.6644542718668767,5.821776066666667
2001 Q3,NSW,1.1850039917495891,6.1405759
2001 Q4,NSW,0.6523180339123691,6.356055566666666
2002 Q1,NSW,0.6480904084082972,6.0783022
2002 Q2,NSW,0.5154650588664822,6.1141213
2002 Q3,NSW,1.4039796667482562,5.844702933333333
2002 Q4,NSW,0.6317140401261412,5.795356366666667
2003 Q1,NSW,1.251580793183038,5.810834266666666
2003 Q2,NSW,0.4962789342129348,5.8176399666666665
2003 Q3,NSW,1.3522025331973886,5.746207366666667
2003 Q4,NSW,0.85106896679088,5.472804433333334
2004 Q1,NSW,0.8438868645864517,5.2829866
2004 Q2,NSW,0.5984458315239749,5.378662233333333
2004 Q3,NSW,1.068259416997197,5.368030266666667
2004 Q4,NSW,0.5885832177261463,5.1170352
2005 Q1,NSW,1.3986241974739855,5.303648133333334
2005 Q2,NSW,0.8069208048446797,5.025333633333333
2005 Q3,NSW,1.3683223751457696,5.0342424999999995
2005 Q4,NSW,0.6772034909944047,5.205161333333334
2006 Q1,NSW,1.1185798957716209,5.276624666666667
2006 Q2,NSW,0.6651909228305719,5.2727838333333334
2006 Q3,NSW,1.2081420974204171,5.1642392
2006 Q4,NSW,0.7612869828721891,4.804395933333333
2007 Q1,NSW,1.0775966344491295,5.0712323
2007 Q2,NSW,0.6410278360919008,4.8357312
2007 Q3,NSW,1.3749555583102868,4.6732073666666665
2007 Q4,NSW,0.7326040092072716,4.642597666666666
2008 Q1,NSW,0.9341012393139003,4.411779666666667
2008 Q2,NSW,0.8230499136515412,4.6305481
2008 Q3,NSW,1.1207453020388947,4.793772566666667
2008 Q4,NSW,1.008073052835634,5.2034902333333335
2009 Q1,NSW,0.7992050531338002,6.1297912
2009 Q2,NSW,0.6941029354234907,6.346554733333333
2009 Q3,NSW,0.9832920916238663,5.7843807
2009 Q4,NSW,0.39062549670649815,5.975754866666667
2010 Q1,NSW,0.9699397088713368,5.490979666666667
2010 Q2,NSW,0.5774799493884153,5.4323144333333335
2010 Q3,NSW,1.5238390104932442,5.1215735
2010 Q4,NSW,0.6594465725281218,5.0154236333333335
2011 Q1,NSW,1.0275662578203892,4.904826633333333
2011 Q2,NSW,0.5560718684697541,5.140452766666667
2011 Q3,NSW,1.194318284417406,5.3364206
2011 Q4,NSW,0.9090971701252393,5.3424824
2012 Q1,NSW,0.8111806535375798,4.976346566666667
2012 Q2,NSW,0.5371543801910406,5.0783149000000005
2012 Q3,NSW,1.3303965626363379,5.0484919
2012 Q4,NSW,0.439561147303813,5.0985137
2013 Q1,NSW,0.5249355886143725,5.2560128
2013 Q2,NSW,0.43535114471975334,5.5005275000000005
2013 Q3,NSW,0.865057297600913,5.7197355
2013 Q4,NSW,0.6011181690280587,5.900668366666666
2014 Q1,NSW,0.6825965070399675,5.481338433333333
2014 Q2,NSW,0.3395589001138788,5.620479866666667
2014 Q3,NSW,0.9278851895588858,5.797865566666666
2014 Q4,NSW,0.4189365155277791,5.9786421
2015 Q1,NSW,0.41718875694058966,6.108816966666667
2015 Q2,NSW,0.3325023844771735,5.7774018
2015 Q3,NSW,0.9909247062772408,5.860202966666667
2015 Q4,NSW,0.3281381123176885,5.274926933333333
2016 Q1,NSW,0.40866423854524214,5.3220594666666665
2016 Q2,NSW,0.40700096882968495,5.158021266666666
2016 Q3,NSW,0.8896136308970348,4.994185
2016 Q4,NSW,0.4017683186612331,5.0237366
2017 Q1,NSW,0.40016059800072057,5.143838866666667
2017 Q2,NSW,0.3189795368100157,4.7456432
2017 Q3,NSW,0.950878796902721,4.849600033333333
2017 Q4,NSW,0.3149608902896617,4.7550839
2018 Q1,NSW,0.47058910374122576,5.0320045
2018 Q2,NSW,0.3904729678156471,4.859369666666667
2018 Q3,NSW,1.1623532648399326,4.656749033333334
2018 Q4,NSW,0.3844679860809386,4.435856033333334
2019 Q1,NSW,0.3829954892299092,4.242327666666666
2019 Q2,NSW,0.3815342285652612,4.622564733333333
2019 Q3,NSW,0.9852296443010999,4.459224766666667
2019 Q4,NSW,0.3763647649304147,4.683970466666667
2020 Q1,NSW,0.37495357014796227,4.658241533333333
2020 Q2,NSW,0,6.493792633333333
2020 Q3,NSW,0.5970166986503322,6.852055733333334
2020 Q4,NSW,0.3713335124660766,6.439270733333333
2021 Q1,NSW,0.5175612292585008,5.7021711999999996
2021 Q2,NSW,0.2945510229757531,5.2503172000000005
2021 Q3,NSW,0.878482955573201,4.652130233333334
2021 Q4,NSW,0.6538345123462186,4.7539085
2022 Q1,NSW,0.5776189345051641,3.9613695
2022 Q2,NSW,0.5026940567973703,3.6780641666666667
2022 Q3,NSW,1.351852675502041,3.403775
2022 Q4,NSW,0.8444807399498266,3.1989974
2023 Q1,NSW,0.6983268602188453,3.2330561666666666
2023 Q2,NSW,0.48594333737472795,3.1675529
2023 Q3,NSW,1.7164856721105792,3.4336106666666666
2023 Q4,NSW,1.2851039219159865,3.5041734
2024 Q1,NSW,0.6030169026590926,3.8560260333333334
2024 Q2,NSW,0.4665120090156627,3.9049652666666668
2024 Q3,NSW,1.1897033911846044,3.949469233333333
2024 Q4,NSW,0.5895857236052571,3.918181533333333
2025 Q1,NSW,0.8455334927037761,4.092416333333333
1997 Q3,QLD,NA,9.158658966666666
1997 Q4,QLD,0.8968669982760247,8.747530933333334
1998 Q1,QLD,0.7412932389125437,8.371861633333333
1998 Q2,QLD,0.44215252578778674,8.294420033333333
1998 Q3,QLD,1.1696039763190669,8.652980033333334
1998 Q4,QLD,0.5797117684326558,8.1760683
1999 Q1,QLD,0.7199455142854028,7.5124094999999995
1999 Q2,QLD,0.42949242828811407,7.647626766666667
1999 Q3,QLD,1.136375865031436,7.668326266666667
1999 Q4,QLD,0.7037326720576331,7.932459066666667
2000 Q1,QLD,0.5594420185325077,7.799804
2000 Q2,QLD,0.278551712142594,7.442566133333333
2000 Q3,QLD,0.9688657103748888,7.290377266666667
2000 Q4,QLD,1.2320484388040676,7.7185527333333335
2001 Q1,QLD,0.6779686985379563,8.062570466666667
2001 Q2,QLD,0.6734032181343608,8.705280833333333
2001 Q3,QLD,1.0681009420333787,8.142347133333333
2001 Q4,QLD,0.6618157842478212,8.354053066666667
2002 Q1,QLD,0.6574645642085208,7.836254766666666
2002 Q2,QLD,0.5228770082799095,7.5873039
2002 Q3,QLD,1.037622798609128,7.341941233333333
2002 Q4,QLD,0.8991711191963958,7.300860433333333
2003 Q1,QLD,0.7643349312568049,7.1731312
2003 Q2,QLD,0.5063301956546695,6.8223910000000005
2003 Q3,QLD,1.1299555253933669,6.538173966666666
2003 Q4,QLD,1.117330059812538,6.152472433333333
2004 Q1,QLD,0.9828088936262525,6.011497266666667
2004 Q2,QLD,0.4878058453432921,5.6386155
2004 Q3,QLD,1.2092045765028203,5.303789
2004 Q4,QLD,1.0759219151739607,4.765764566666666
2005 Q1,QLD,0.8288975818954825,4.605931666666667
2005 Q2,QLD,0.5878911699776168,5.005486933333334
2005 Q3,QLD,1.5125361070755794,4.8096217
2005 Q4,QLD,1.2622083809747942,4.754661266666667
2006 Q1,QLD,1.1337989937397097,4.9124506666666665
2006 Q2,QLD,0.7860792863934485,4.596685766666667
2006 Q3,QLD,1.2229168526411982,4.474661033333334
2006 Q4,QLD,1.3172528556538943,4.007000166666667
2007 Q1,QLD,1.084609330938946,4.020052733333333
2007 Q2,QLD,0.8592963722832359,3.4746634666666667
2007 Q3,QLD,1.1696039763190669,3.6814054333333335
2007 Q4,QLD,1.1560822401076365,3.6678695
2008 Q1,QLD,0.8324709886031734,3.5930024
2008 Q2,QLD,0.6198366952339107,3.7669315
2008 Q3,QLD,1.5329886311310048,3.5532749666666668
2008 Q4,QLD,1.0090902981962913,3.820038333333333
2009 Q1,QLD,0.999009307508647,4.626247833333333
2009 Q2,QLD,0.4957868360786932,5.3029394666666665
2009 Q3,QLD,0.984259914419372,5.7589543333333335
2009 Q4,QLD,0.6832627850445583,5.8077436
2010 Q1,QLD,0.871676221441664,5.5469215
2010 Q2,QLD,0.6727560213056982,5.497789466666667
2010 Q3,QLD,1.6152370171398367,5.316921566666667
2010 Q4,QLD,0.9380931833765871,5.551414
2011 Q1,QLD,0.5586606708639863,5.5418326
2011 Q2,QLD,0.6478504843203226,5.246033
2011 Q3,QLD,1.4652276786870644,5.631371866666667
2011 Q4,QLD,0.9049835519917337,5.460308633333334
2012 Q1,QLD,0.628650476282111,5.570075533333333
2012 Q2,QLD,0.7136515569319712,5.390156133333333
2012 Q3,QLD,0.9730284642576414,5.986820033333333
2012 Q4,QLD,0.701757265864611,6.1087534
2013 Q1,QLD,0.6100236782139667,5.740859066666666
2013 Q2,QLD,0.4334640510440302,5.8681258666666665
2013 Q3,QLD,0.9470583054232762,5.809723333333333
2013 Q4,QLD,0.5128216366919958,5.9124903
2014 Q1,QLD,0.6796967543886367,6.0997892333333334
2014 Q2,QLD,0.42247633603089696,6.2027643
2014 Q3,QLD,0.8396354952906471,6.515190266666667
2014 Q4,QLD,0.5835781464101686,6.781180833333333
2015 Q1,QLD,0.4147662520081141,6.5454281666666665
2015 Q2,QLD,0.24803650583322678,6.2111507999999995
2015 Q3,QLD,0.7404394174209905,6.296668166666667
2015 Q4,QLD,0.49059787688543466,6.0010473
2016 Q1,QLD,0.40700096882968495,6.0421448
2016 Q2,QLD,0.24340782808796035,6.3241343
2016 Q3,QLD,0.7266887045378034,6.119124633333334
2016 Q4,QLD,0.5615738785635926,5.9404903
2017 Q1,QLD,0.31948908965189204,6.308639633333334
2017 Q2,QLD,0.31847160675200215,6.0284489
2017 Q3,QLD,0.9493742192250743,5.78892
2017 Q4,QLD,0.5496676579902271,5.748493133333334
2018 Q1,QLD,0.3127445864195444,6.1067838
2018 Q2,QLD,0.38956029008296866,6.1550820999999996
2018 Q3,QLD,1.005811187303518,5.9491609
2018 Q4,QLD,0.5374293165776756,5.947944633333333
2019 Q1,QLD,0.3821173927323507,5.8320589
2019 Q2,QLD,0.3046460848165289,6.083428233333334
2019 Q3,QLD,0.8330226133942631,6.237401133333333
2019 Q4,QLD,0.3012050469991756,5.925286766666667
2020 Q1,QLD,0.5997019472374632,5.749120166666667
2020 Q2,QLD,0,7.4849368
2020 Q3,QLD,0.5961269516499001,7.6706915
2020 Q4,QLD,0.37078277555258055,7.352128966666666
2021 Q1,QLD,0.4431321874670324,6.2487585333333335
2021 Q2,QLD,0.29433428165965836,5.5112842
2021 Q3,QLD,0.8778403116505018,5.0353330666666665
2021 Q4,QLD,0.7979730409644503,4.762909266666667
2022 Q1,QLD,0.5045055745827476,4.112779033333333
2022 Q2,QLD,0.7163354413564527,4.0282941999999995
2022 Q3,QLD,1.3470604258299268,3.5539937
2022 Q4,QLD,0.771662896114389,3.4089022
2023 Q1,QLD,0.8350779217420445,3.7994237
2023 Q2,QLD,0.6906104796412293,3.8182999
2023 Q3,QLD,2.3130282889871623,4.046377566666667
2023 Q4,QLD,0.8704440630146415,4.304670766666667
2024 Q1,QLD,0.6644542718668767,4.055116033333333
2024 Q2,QLD,0.6600684031352166,3.9919826666666665
2024 Q3,QLD,1.6313575491524013,4.171631033333333
2024 Q4,QLD,0.6451635281488066,3.8804735999999997
2025 Q1,QLD,0.6410278360919008,3.9710078666666666
1997 Q3,SA,NA,9.5949781
1997 Q4,SA,0.7446050784078118,9.426375966666667
1998 Q1,SA,0.5917177028088361,9.4296088
1998 Q2,SA,0.4415018209117605,9.4686988
1998 Q3,SA,1.3129291441792645,9.779941133333333
1998 Q4,SA,0.5780362915499104,9.0455247
1999 Q1,SA,0.7178781727005479,8.6944319
1999 Q2,SA,0.14295928095950927,7.938353266666667
1999 Q3,SA,1.136375865031436,7.7110723
1999 Q4,SA,0.8438868645865405,7.904995366666666
2000 Q1,SA,0.5586606708638975,8.006718333333334
2000 Q2,SA,0.6939653110540789,8.070885366666667
2000 Q3,SA,0.9635311983672068,7.3214544
2000 Q4,SA,0.8185584586439809,7.2658701
2001 Q1,SA,0.9465925988882518,6.954416933333333
2001 Q2,SA,0.40295554860021454,7.513436633333334
2001 Q3,SA,0.9339627596132161,7.487064166666666
2001 Q4,SA,1.1881327886753112,7.247909466666667
2002 Q1,SA,0.6540245680609402,7.081871766666667
2002 Q2,SA,0.3903713480474025,6.722029233333333
2002 Q3,SA,1.4184634991956102,6.802675533333334
2002 Q4,SA,1.3986241974739855,6.281036566666667
2003 Q1,SA,0.5037794029957077,6.1869079000000005
2003 Q2,SA,0.5012541823544048,6.118714566666666
2003 Q3,SA,1.6119381879883932,6.085851966666667
2003 Q4,SA,1.2225091129258736,6.212087833333333
2004 Q1,SA,0.6056953708189816,6.022613166666667
2004 Q2,SA,0.24125464053845747,6.015131633333334
2004 Q3,SA,1.1976191046715101,6.116840533333334
2004 Q4,SA,1.3010236736015202,5.275758133333333
2005 Q1,SA,0.7025790024405509,5.4588741
2005 Q2,SA,0.46565858299505436,5.302857266666667
2005 Q3,SA,1.2694919481249123,4.809313633333333
2005 Q4,SA,1.1402632097811782,4.7809262
2006 Q1,SA,0.6779686985378675,4.887335866666667
2006 Q2,SA,0.5614837884329482,4.9238477000000005
2006 Q3,SA,1.2242779515677427,4.8547598
2006 Q4,SA,1.2094704883344853,5.1143817
2007 Q1,SA,1.1950169370657626,5.1920011
2007 Q2,SA,0.5385042630887682,4.9454984
2007 Q3,SA,1.8095224977955127,4.791520466666666
2007 Q4,SA,1.153657262841623,5.0601707
2008 Q1,SA,0.9341012393139003,4.5606345
2008 Q2,SA,0.6179216365957529,4.957943966666667
2008 Q3,SA,1.1230337529553935,4.9387487
2008 Q4,SA,1.411313747646492,5.3566425
2009 Q1,SA,0.6982572011130728,5.8141487666666665
2009 Q2,SA,0.3968259175620936,5.5217886
2009 Q3,SA,0.6906786213254357,5.6898365
2009 Q4,SA,0.5882369903067008,5.3587149
2010 Q1,SA,0.8759180089881191,4.913026833333333
2010 Q2,SA,0.6760045057719211,5.546577366666667
2010 Q3,SA,1.1483379777724068,5.2667107
2010 Q4,SA,1.1353007464996345,5.5766666
2011 Q1,SA,0.5628532683097376,5.5384025333333335
2011 Q2,SA,0.3734831605653355,5.327674133333333
2011 Q3,SA,1.2042757863182096,5.2219546333333335
2011 Q4,SA,1.0989121575595284,5.278381700000001
2012 Q1,SA,0.635499188237798,5.2379771999999996
2012 Q2,SA,0.45146803545259573,5.614921466666667
2012 Q3,SA,1.3423020332140823,5.474105333333333
2012 Q4,SA,0.6202944124607868,5.630462166666667
2013 Q1,SA,0.8795131452827398,5.951608033333334
2013 Q2,SA,0.43687269134151663,5.939956666666666
2013 Q3,SA,1.3853035389293389,6.561751733333333
2013 Q4,SA,0.7708817618294006,6.8423328
2014 Q1,SA,0.5954930400412728,6.7766062
2014 Q2,SA,0.25412974286727064,6.753339333333333
2014 Q3,SA,1.0101095986503772,6.528542033333333
2014 Q4,SA,0.6677821142605289,6.685994133333334
2015 Q1,SA,0.5806735519639616,6.8581608
2015 Q2,SA,0.16528929383001767,7.6993836
2015 Q3,SA,0.9042396178448264,7.827264033333334
2015 Q4,SA,0.6525308634921956,7.2870631333333336
2016 Q1,SA,0.40568006956149816,7.014915866666667
2016 Q2,SA,0.24262041824636427,6.917109833333333
2016 Q3,SA,0.9646377051805821,6.692173133333333
2016 Q4,SA,0.5584378293900016,6.713576
2017 Q1,SA,0.3969834510911596,6.5400856
2017 Q2,SA,0.15835316056440618,6.9090071
2017 Q3,SA,0.866488288572409,5.893723933333333
2017 Q4,SA,0.4694844304207635,6.021054333333333
2018 Q1,SA,0.62257010424531245,5.8849535
2018 Q2,SA,0.15503879074545424,5.7180421
2018 Q3,SA,0.9252186278202679,5.631294
2018 Q4,SA,0.6120906638854784,5.680958733333333
2019 Q1,SA,0.38066281215627384,5.919380866666667
2019 Q2,SA,0.22770408320518243,5.921158966666667
2019 Q3,SA,1.0558167461394596,6.8592128
2019 Q4,SA,0.5983563102969214,6.253636466666667
2020 Q1,SA,0.3721626922994936,5.820770566666667
2020 Q2,SA,0.37078277555258055,7.823629533333333
2020 Q3,SA,0.4431321874670324,7.604258300000001
2020 Q4,SA,0.2208318895228878,6.5781216
2021 Q1,SA,0.5133857993851798,6.610217333333334
2021 Q2,SA,0.3650971561880212,5.661053033333333
2021 Q3,SA,0.7262196041785351,4.917082333333334
2021 Q4,SA,0.5052338426728475,4.6659628
2022 Q1,SA,0.574301650261777,4.9048544666666665
2022 Q2,SA,0.42857208454991635,4.5052685666666665
2022 Q3,SA,1.7662062797069389,4.176196433333333
2022 Q4,SA,0.6978395381461944,4.0783317666666665
2023 Q1,SA,0.6239188350491531,3.915356366666667
2023 Q2,SA,0.5513452974109434,4.1344529
2023 Q3,SA,1.9735244121732443,3.7781104666666665
2023 Q4,SA,0.8053734807097257,3.8495190666666668
2024 Q1,SA,0.40026737896567965,3.7788486666666667
2024 Q2,SA,0.6635724415398947,3.980851866666667
2024 Q3,SA,1.3140793561057684,4.168780666666667
2024 Q4,SA,0.6506203822738144,4.093960633333333
2025 Q1,SA,0.8395270490059836,3.9851634666666667
1997 Q3,TAS,NA,10.984504866666667
1997 Q4,TAS,0.44085302847660657,11.181953433333334
1998 Q1,TAS,0.730463437888762,10.1996781
1998 Q2,TAS,0.2906978791308745,9.838077766666666
1998 Q3,TAS,1.010838932076119,10.3089505
1998 Q4,TAS,0.4301081899390269,10.073756966666666
1999 Q1,TAS,0.8547060578458776,9.9293047
1999 Q2,TAS,0.7067167223092419,9.2390754
1999 Q3,TAS,0.9810870564259666,8.631780533333334
1999 Q4,TAS,0.41753714104801887,9.0828605
2000 Q1,TAS,0.4158010148663571,8.4858816
2000 Q2,TAS,0.4140792666031068,8.748514733333334
2000 Q3,TAS,1.0959013789720196,8.501502966666667
2000 Q4,TAS,0.8141157583700043,8.593125833333334
2001 Q1,TAS,0.5390848634876377,8.7713681
2001 Q2,TAS,0.8032171697263557,9.134727066666667
2001 Q3,TAS,1.0610179112015672,9.3292715
2001 Q4,TAS,0.5263170044274901,8.625306033333334
2002 Q1,TAS,0.7843177461025697,8.9653937
2002 Q2,TAS,0.5194816877104103,8.5941185
2002 Q3,TAS,1.159059981490973,8.7752774
2002 Q4,TAS,1.1457795621381273,8.356929633333333
2003 Q1,TAS,0.2528446353358582,9.074857733333333
2003 Q2,TAS,0.7547205635383136,8.346841266666667
2003 Q3,TAS,1.2453461071286753,7.072347433333333
2003 Q4,TAS,0.8626054719766962,6.8448783
2004 Q1,TAS,0.48959706122069235,6.490335033333333
2004 Q2,TAS,0.4872116824000017,6.540985833333333
2004 Q3,TAS,1.9254505790136989,6.6769449666666665
2004 Q4,TAS,0.4756251534648648,5.968470533333333
2005 Q1,TAS,1.4134510934905364,5.802069599999999
2005 Q2,TAS,0.8153801726932919,6.137056233333333
2005 Q3,TAS,1.3825104991841641,6.070251266666666
2005 Q4,TAS,0.6841531816717428,6.7240275
2006 Q1,TAS,1.129955525393278,6.667221733333333
2006 Q2,TAS,0.7834399332610431,6.5583173666666665
2006 Q3,TAS,1.4388737452099676,6.267945
2006 Q4,TAS,0.7662872745569871,5.896512166666667
2007 Q1,TAS,1.4077113890836657,5.376111166666667
2007 Q2,TAS,0.7498696091119861,4.8966121
2007 Q3,TAS,1.061581094765618,5.1559045333333335
2007 Q4,TAS,0.8412247294652175,5.399371100000001
2008 Q1,TAS,0.8342071317395394,4.8142605666666665
2008 Q2,TAS,0.8273056493199427,3.9887347
2008 Q3,TAS,1.4315172880763782,4.1797107
2008 Q4,TAS,1.1105616412509178,4.4491653
2009 Q1,TAS,1.0983635133964498,4.379946633333334
2009 Q2,TAS,0.49529571288484675,5.238810933333333
2009 Q3,TAS,1.3739175883303645,4.909279566666667
2009 Q4,TAS,0.6799443388923798,5.5939944666666666
2010 Q1,TAS,0.9633985881134066,5.696694533333333
2010 Q2,TAS,0.5736153395524468,6.0226267
2010 Q3,TAS,0.9487737205109426,5.888645133333333
2010 Q4,TAS,0.7525905700346947,5.402999266666667
2011 Q1,TAS,1.118371395638107,5.7302291
2011 Q2,TAS,0.6466535235746029,5.367229766666667
2011 Q3,TAS,1.2808958292581885,5.080283533333334
2011 Q4,TAS,0.453515516539138,6.044646166666666
2012 Q1,TAS,0.8111806535375798,6.927971366666666
2012 Q2,TAS,0.6264002584930317,7.072230866666667
2012 Q3,TAS,1.3292176208937079,6.8224092
2012 Q4,TAS,0.5267790934858851,6.9847098333333335
2013 Q1,TAS,0.6980831141340182,7.2379469
2013 Q2,TAS,0.34722257107491217,7.783579766666667
2013 Q3,TAS,0.8628181223338416,8.048367
2013 Q4,TAS,0.25740039951722693,7.712773566666667
2014 Q1,TAS,0.7682496172016329,7.519512233333334
2014 Q2,TAS,0.3395589001138788,7.318397433333333
2014 Q3,TAS,1.0956704638204862,7.2325289999999995
2014 Q4,TAS,0.2511512412661787,6.6567895
2015 Q1,TAS,0.5835781464101686,6.5624488
2015 Q2,TAS,0.49751346401132324,6.8718033
2015 Q3,TAS,0.9876623495912007,6.117585766666666
2015 Q4,TAS,0.0818665620836434,6.663048166666667
2016 Q1,TAS,0.6525308634921956,6.694699766666667
2016 Q2,TAS,0.40568006956149816,6.411884266666666
2016 Q3,TAS,1.0471299867295336,6.452604966666667
2016 Q4,TAS,0.24009615375382154,6.435314866666666
2017 Q1,TAS,0.5579926793474854,5.825552
2017 Q2,TAS,0.15885626851375179,5.694769133333334
2017 Q3,TAS,1.261846395921129,5.7520065
2017 Q4,TAS,0.23483376741078033,6.099531833333333
2018 Q1,TAS,0.6235406017284006,5.8007878
2018 Q2,TAS,0.31031832505155066,6.0679153333333335
2018 Q3,TAS,1.384637506325781,5.877812266666667
2018 Q4,TAS,0.22892035941337596,5.855126133333333
2019 Q1,TAS,0.5321183213280456,6.921573566666667
2019 Q2,TAS,0.2271867694317642,6.777461433333333
2019 Q3,TAS,1.2777325279540896,6.141714366666666
2019 Q4,TAS,0.5214164513500208,5.9747387666666665
2020 Q1,TAS,0.2967361227802279,5.3898443333333335
2020 Q2,TAS,0.29585820397448614,6.575452
2020 Q3,TAS,0.5156549179245573,6.504286966666666
2020 Q4,TAS,0.36670374792695526,7.720981933333333
2021 Q1,TAS,0.8020458597919777,6.0378859333333335
2021 Q2,TAS,0.5070637448960191,5.649836333333333
2021 Q3,TAS,1.0064786616140076,4.747602733333333
2021 Q4,TAS,0.6417134320633622,4.859469766666667
2022 Q1,TAS,0.5669752962949026,4.060270933333333
2022 Q2,TAS,0.6340281894583022,4.3633217
2022 Q3,TAS,1.6713480973741035,4.117164833333334
2022 Q4,TAS,0.6196233249542438,3.878040733333333
2023 Q1,TAS,1.0921610267425663,4.033951
2023 Q2,TAS,0.40650462481695016,3.999753166666667
2023 Q3,TAS,2.20670940286789,4.371721033333333
2023 Q4,TAS,0.5277057100843585,3.848665733333333
2024 Q1,TAS,1.6313575491524013,4.2800572
2024 Q2,TAS,0.6451635281488066,3.999769366666667
2024 Q3,TAS,1.0873148375817543,4.2340249
2024 Q4,TAS,0.507615303186082,4.106025066666667
2025 Q1,TAS,0.8821733329147818,3.8735592666666667
1997 Q3,VIC,NA,8.794946933333334
1997 Q4,VIC,0.7380107297622729,8.039770933333333
1998 Q1,VIC,0.8784829555732898,8.047058833333333
1998 Q2,VIC,0.4363643287772945,7.979511633333333
1998 Q3,VIC,1.1544139746865412,7.763715733333333
1998 Q4,VIC,0.5722476274065968,7.4652434
1999 Q1,VIC,0.7107350458651851,7.184697266666667
1999 Q2,VIC,0.5649732542119423,7.261435
1999 Q3,VIC,0.9810870564259666,7.01956
1999 Q4,VIC,0.6949298293205786,6.5786135
2000 Q1,VIC,0.6901338640692423,6.6705007
2000 Q2,VIC,0.685403642779292,6.3613986
2000 Q3,VIC,0.9517406986890187,5.939554433333333
2000 Q4,VIC,0.9427679255558985,5.791797233333333
2001 Q1,VIC,0.668005156037399,5.9835117
2001 Q2,VIC,0.9277733878236383,6.335220733333333
2001 Q3,VIC,1.1803415724884303,6.468915633333333
2001 Q4,VIC,0.5201572196073201,6.854046633333334
2002 Q1,VIC,0.646414661988981,6.298819233333333
2002 Q2,VIC,1.0256500167189486,5.913932833333333
2002 Q3,VIC,1.3933094303923532,5.8946534
2002 Q4,VIC,0.6269613013595077,5.778408633333333
2003 Q1,VIC,0.6230549750636527,5.4205058
2003 Q2,VIC,0.6191970247921397,5.8380701
2003 Q3,VIC,1.227009259181422,5.499467266666667
2003 Q4,VIC,0.7290433262679308,5.461845066666666
2004 Q1,VIC,0.6035021334469981,5.4315642
2004 Q2,VIC,0.7194275634026859,5.310458866666667
2004 Q3,VIC,1.3056565302427714,5.685223733333333
2004 Q4,VIC,1.0557282805876866,5.627674866666667
2005 Q1,VIC,1.0446989964655096,5.4061831
2005 Q2,VIC,0.6904515346544571,5.315076533333333
2005 Q3,VIC,1.1402632097811782,5.271464866666666
2005 Q4,VIC,0.9029406719394117,5.3203584
2006 Q1,VIC,0.8948605576014401,5.229888966666667
2006 Q2,VIC,0.8869237740779745,5.075209966666667
2006 Q3,VIC,0.7696574551989244,4.7217535
2006 Q4,VIC,0.8724155660337907,4.8995974
2007 Q1,VIC,1.079924102176033,4.8681088
2007 Q2,VIC,0.7490671729157405,4.6860575
2007 Q3,VIC,0.9549144179853641,4.430531766666666
2007 Q4,VIC,1.0504298266876155,4.7334334
2008 Q1,VIC,0.9360442759564158,4.3121917666666665
2008 Q2,VIC,1.0298752200574413,4.556390566666667
2008 Q3,VIC,1.1207453020388947,4.392510766666667
2008 Q4,VIC,1.1083236877982294,4.543624133333333
2009 Q1,VIC,0.6989544181712048,5.418248966666667
2009 Q2,VIC,0.4962789342129348,5.9770934
2009 Q3,VIC,0.6906786213254357,5.813712633333333
2009 Q4,VIC,0.7835495523949021,5.372760266666667
2010 Q1,VIC,0.6806054468999179,5.3425931
2010 Q2,VIC,0.48332621880193827,5.4794047
2010 Q3,VIC,1.5311303904447904,5.351477666666667
2010 Q4,VIC,0.85106896679088,5.1776356
2011 Q1,VIC,0.9372139828863091,4.7939693
2011 Q2,VIC,0.6508623627387244,4.862867933333334
2011 Q3,VIC,1.0143009965054794,5.222142333333333
2011 Q4,VIC,0.9132483563273119,5.328023566666666
2012 Q1,VIC,0.7246408520766856,5.455339033333333
2012 Q2,VIC,0.8089931761971592,5.459252066666667
2012 Q3,VIC,0.9799632988803708,5.5509735
2012 Q4,VIC,0.970453138917815,5.516127933333333
2013 Q1,VIC,0.4380208492560378,5.7605123
2013 Q2,VIC,0.5231049417552924,5.8055376333333335
2013 Q3,VIC,0.9519760340595873,5.785113666666667
2013 Q4,VIC,0.5154650588663934,6.200909466666666
2014 Q1,VIC,0.6831794291703552,6.3944716999999995
2014 Q2,VIC,0.5939771387784454,6.427984633333334
2014 Q3,VIC,0.8424649659251493,6.829453033333333
2014 Q4,VIC,0.6688988150796327,6.7248995
2015 Q1,VIC,0.4158010148663571,6.225695366666667
2015 Q2,VIC,0.6617063019294989,6.042462566666667
2015 Q3,VIC,0.8210226743122107,6.210944566666667
2015 Q4,VIC,0.4893973878862923,5.966007666666667
2016 Q1,VIC,0.406009489929815,5.9275709
2016 Q2,VIC,0.4043677163808823,5.6748514000000005
2016 Q3,VIC,0.6436064050894252,5.743750033333333
2016 Q4,VIC,0.40016059800072057,5.9961842
2017 Q1,VIC,0.5575482384303498,5.9717375666666666
2017 Q2,VIC,0.39635406624558556,6.0089588
2017 Q3,VIC,0.7880261425305513,6.096394366666667
2017 Q4,VIC,0.6259801348506677,5.8076765
2018 Q1,VIC,0.4669269183684044,5.470331533333334
2018 Q2,VIC,0.5420067469339429,5.2719993
2018 Q3,VIC,0.8458335702737685,4.790223833333333
2018 Q4,VIC,0.7627802048886245,4.4394157
2019 Q1,VIC,0.5305052229693352,4.653197766666667
2019 Q2,VIC,0.6779686985378675,4.744360933333334
2019 Q3,VIC,0.7479466431292714,4.872923966666667
2019 Q4,VIC,0.6684020428571635,4.7449129
2020 Q1,VIC,0.36941305401416713,5.2398765
2020 Q2,VIC,-0.07377351865391901,6.7046908
2020 Q3,VIC,0.2211574804840133,6.9348532333333335
2020 Q4,VIC,0.7336790063854792,6.931421833333333
2021 Q1,VIC,0.5830920310792465,5.991136366666667
2021 Q2,VIC,0.29027596579620507,4.8915877
2021 Q3,VIC,0.8658062743114314,4.491092966666667
2021 Q4,VIC,0.5016133771116316,4.8453035
2022 Q1,VIC,0.5702082448907575,4.1085764000000005
2022 Q2,VIC,0.5669752962949026,3.7654667
2022 Q3,VIC,1.40353181163837,3.5366447
2022 Q4,VIC,0.7636274524988274,3.6191106
2023 Q1,VIC,0.6891826037921156,3.835019
2023 Q2,VIC,0.6844653689965341,3.7763573333333333
2023 Q3,VIC,1.4895332946441187,3.5859239333333335
2023 Q4,VIC,0.7365282709559828,3.9751466333333334
2024 Q1,VIC,0.5986050465303983,3.967550033333333
2024 Q2,VIC,0.4631169375567623,4.4135317333333335
2024 Q3,VIC,1.3766195764148392,4.4805627333333335
2024 Q4,VIC,0.7135936865448222,4.3708607
2025 Q1,VIC,0.7085375857627696,4.544184333333333
1997 Q3,WA,NA,6.873049433333334
1997 Q4,WA,0.9287992466470385,6.5482701
1998 Q1,WA,1.0728072239999165,6.618667666666667
1998 Q2,WA,0.6079046076381545,6.920735566666667
1998 Q3,WA,0.7547205635383136,6.683544666666666
1998 Q4,WA,0.5997019472374632,6.575265633333333
1999 Q1,WA,0.7446050784078118,6.550523266666667
1999 Q2,WA,0.5917177028088361,6.4658329666666665
1999 Q3,WA,0.5882369903067008,6.162056833333334
1999 Q4,WA,0.584796988242342,6.496488133333333
2000 Q1,WA,0.8708327891784329,6.355946833333333
2000 Q2,WA,0.4325889947121908,5.843893366666666
2000 Q3,WA,1.1445046245873058,5.671712433333333
2000 Q4,WA,0.7087201883054561,6.032055433333333
2001 Q1,WA,1.5417264027327349,6.4739453000000005
2001 Q2,WA,0.6930034664669904,7.509211966666666
2001 Q3,WA,0.5509655810969072,7.034007866666666
2001 Q4,WA,0.8207980417830107,6.684715633333334
2002 Q1,WA,0.6788892333686292,6.433786866666667
2002 Q2,WA,0.8086297431357359,6.2032492
2002 Q3,WA,1.4657157799973675,6.1061345000000005
2002 Q4,WA,0.5277057100843585,6.104949833333333
2003 Q1,WA,0.9168368086879042,5.793764066666667
2003 Q2,WA,0.5201572196073201,5.7327875666666666
2003 Q3,WA,1.1605546120308396,5.997469566666667
2003 Q4,WA,0.7662872745568983,6.0460024
2004 Q1,WA,0.507615303186082,5.5057053
2004 Q2,WA,0.5050515786068743,5.266164566666666
2004 Q3,WA,1.7478597273959728,4.9161262
2004 Q4,WA,1.3522025331973886,4.5041437
2005 Q1,WA,0.85106896679088,4.621165733333333
2005 Q2,WA,0.9638628837768337,4.6375447
2005 Q3,WA,1.54672922933079,4.2662029666666665
2005 Q4,WA,0.7058852839624485,4.134764466666667
2006 Q1,WA,0.9334956936051242,4.091831233333333
2006 Q2,WA,1.2694919481249123,3.452261366666667
2006 Q3,WA,1.253577669498096,3.2558029333333334
2006 Q4,WA,1.1261380272538979,3.4237506
2007 Q1,WA,1.0027939186124435,3.0374736666666666
2007 Q2,WA,1.6492952193841504,3.2063806666666665
2007 Q3,WA,1.836896597237736,3.260173433333333
2007 Q4,WA,1.2766130823035127,3.425256966666667
2008 Q1,WA,0.9468771428852385,3.1545214666666666
2008 Q2,WA,1.3520746795847138,3.3388660666666667
2008 Q3,WA,1.3340372288785929,2.856705266666667
2008 Q4,WA,1.8182319083190457,2.8132303666666667
2009 Q1,WA,0.7976114070008755,4.241566
2009 Q2,WA,0.5940611530120599,5.0725132
2009 Q3,WA,0.7866313915982026,5.543611433333334
2009 Q4,WA,0.7804917669384182,5.013696933333333
2010 Q1,WA,0.7744472395478041,4.992641466666667
2010 Q2,WA,0.9597002641009489,4.3488563000000005
2010 Q3,WA,1.2339976235575811,4.512824166666666
2010 Q4,WA,0.938974034983886,4.44614
2011 Q1,WA,0.9302392662314141,4.3490665
2011 Q2,WA,0.646056700294384,4.195180133333333
2011 Q3,WA,1.3705102591650586,4.220806033333333
2011 Q4,WA,0.9033485097667437,4.240306866666667
2012 Q1,WA,1.5172089339134942,3.9344512000000003
2012 Q2,WA,0.8818399297520152,3.7147792666666666
2012 Q3,WA,1.1348877808654123,3.8787170333333334
2012 Q4,WA,0.6920442844573493,4.401008633333333
2013 Q1,WA,0.9438079497306795,4.4123543666666665
2013 Q2,WA,0.5960000613814742,4.9881967000000005
2013 Q3,WA,0.9294532479250606,4.686674666666667
2013 Q4,WA,0.5033567674828987,4.2489057
2014 Q1,WA,0.584065072954143,5.173104666666667
2014 Q2,WA,0.3322262191978176,5.057000666666667
2014 Q3,WA,0.7434978487517618,4.966693966666667
2014 Q4,WA,0.6562779912523631,5.283093166666666
2015 Q1,WA,0.3265309023738894,5.5882570000000005
2015 Q2,WA,0.32546814735425755,5.6614107
2015 Q3,WA,0.6477755444688427,6.111766366666667
2015 Q4,WA,0.4830927269665608,6.1839083
2016 Q1,WA,0.4807701568103617,5.732798566666667
2016 Q2,WA,0.159744442915688,5.7987725
2016 Q3,WA,0.5571045049455492,6.266104333333334
2016 Q4,WA,0.15860431556351529,6.5228546
2017 Q1,WA,0.3164559602963024,6.282220966666667
2017 Q2,WA,0.3154576748515048,5.6797505
2017 Q3,WA,0.5496676579902271,5.678596266666666
2017 Q4,WA,0.3127445864195444,6.120681266666667
2018 Q1,WA,0.31176954325857764,6.223026566666666
2018 Q2,WA,0.3108005609867348,6.2186063
2018 Q3,WA,0.6187181377256046,6.1236249
2018 Q4,WA,0.3079294196061788,6.190010966666667
2019 Q1,WA,0.30698412442884404,6.2414707
2019 Q2,WA,0.3060446153106078,5.8851316
2019 Q3,WA,0.6851949152552272,5.7368272
2019 Q4,WA,0.3786449052503471,5.506828166666667
2020 Q1,WA,0.377216592142382,5.489177733333333
2020 Q2,WA,0.1504891179419765,7.435845466666667
2020 Q3,WA,0.5249355886143725,7.224596733333334
2020 Q4,WA,0.3732740429684078,6.4475001333333335
2021 Q1,WA,0.371885887873713,5.7971954
2021 Q2,WA,0.2965161549834505,4.937266166666666
2021 Q3,WA,0.8109148749258388,4.4642434
2021 Q4,WA,0.512633857899214,3.800053533333333
2022 Q1,WA,0.5100193204839343,3.743419633333333
2022 Q2,WA,0.7962401821543175,3.2274923666666666
2022 Q3,WA,1.431663679955708,3.3751837333333334
2022 Q4,WA,0.7787649977683664,3.6118447000000002
2023 Q1,WA,1.0522720736099167,3.6582149
2023 Q2,WA,0.8339172718360821,3.6106502333333332
2023 Q3,WA,1.8512698742289224,3.4858141666666667
2023 Q4,WA,0.8119124438503711,3.900602333333333
2024 Q1,WA,0.6046373811864569,3.7775430666666665
2024 Q2,WA,0.800537964378556,3.7433715333333333
2024 Q3,WA,1.1889175712186173,3.7255618333333334
2024 Q4,WA,0.6544525976652338,3.547519233333333
2025 Q1,WA,0.9737175277858334,3.5826013
