date_qtr,series,component,value
1997 Q4,Inflation,lags,NA
1997 Q4,Inflation,dummies,NA
1997 Q4,Inflation,gap,NA
1997 Q4,Inflation,momentum,NA
1997 Q4,Inflation,expectations,NA
1997 Q4,Inflation,import_prices,NA
1997 Q4,Inflation,residual,NA
1998 Q1,Inflation,lags,NA
1998 Q1,Inflation,dummies,NA
1998 Q1,Inflation,gap,NA
1998 Q1,Inflation,momentum,NA
1998 Q1,Inflation,expectations,NA
1998 Q1,Inflation,import_prices,NA
1998 Q1,Inflation,residual,NA
1998 Q2,Inflation,lags,NA
1998 Q2,Inflation,dummies,NA
1998 Q2,Inflation,gap,NA
1998 Q2,Inflation,momentum,NA
1998 Q2,Inflation,expectations,NA
1998 Q2,Inflation,import_prices,NA
1998 Q2,Inflation,residual,NA
1998 Q3,Inflation,lags,0.21886854332717237
1998 Q3,Inflation,dummies,0
1998 Q3,Inflation,gap,-0.11062717318038812
1998 Q3,Inflation,momentum,0.005716778616189276
1998 Q3,Inflation,expectations,0.3885405057434106
1998 Q3,Inflation,import_prices,-9.725687074836485e-4
1998 Q3,Inflation,residual,-0.19787943850488315
1998 Q4,Inflation,lags,0.1777332358696378
1998 Q4,Inflation,dummies,0
1998 Q4,Inflation,gap,-0.09367102834342193
1998 Q4,Inflation,momentum,-0.0030534903375847855
1998 Q4,Inflation,expectations,0.3731877334868645
1998 Q4,Inflation,import_prices,-4.0967732702219296e-4
1998 Q4,Inflation,residual,-0.05176818599450486
1999 Q1,Inflation,lags,0.14967447504053982
1999 Q1,Inflation,dummies,0
1999 Q1,Inflation,gap,-0.07676582209812813
1999 Q1,Inflation,momentum,0.02438547367349196
1999 Q1,Inflation,expectations,0.3731226542981084
1999 Q1,Inflation,import_prices,0.002188443679697164
1999 Q1,Inflation,residual,0.029255141866807527
1999 Q2,Inflation,lags,0.17061146808724753
1999 Q2,Inflation,dummies,0
1999 Q2,Inflation,gap,-0.06512693588768667
1999 Q2,Inflation,momentum,0.017761157097794522
1999 Q2,Inflation,expectations,0.3681293056335516
1999 Q2,Inflation,import_prices,0.0015544616949135456
1999 Q2,Inflation,residual,-0.090727476423832
1999 Q3,Inflation,lags,0.18446014411671247
1999 Q3,Inflation,dummies,0
1999 Q3,Inflation,gap,-0.06257993835222384
1999 Q3,Inflation,momentum,0.011948094368343366
1999 Q3,Inflation,expectations,0.37084488269164595
1999 Q3,Inflation,import_prices,0.0021022807141561992
1999 Q3,Inflation,residual,0.29705938120410513
1999 Q4,Inflation,lags,0.22701708793699976
1999 Q4,Inflation,dummies,0
1999 Q4,Inflation,gap,-0.047561024272309155
1999 Q4,Inflation,momentum,7.133300472609123e-4
1999 Q4,Inflation,expectations,0.3843931865326827
1999 Q4,Inflation,import_prices,0.0021564083098225156
1999 Q4,Inflation,residual,0.03784772586859447
2000 Q1,Inflation,lags,0.2714362281517303
2000 Q1,Inflation,dummies,0
2000 Q1,Inflation,gap,-0.04700711333953454
2000 Q1,Inflation,momentum,0.015131980278555526
2000 Q1,Inflation,expectations,0.3795181636658642
2000 Q1,Inflation,import_prices,-8.370446194640108e-4
2000 Q1,Inflation,residual,0.08132411498738135
2000 Q2,Inflation,lags,0.27290318395497026
2000 Q2,Inflation,dummies,0
2000 Q2,Inflation,gap,-0.02546657538922074
2000 Q2,Inflation,momentum,-0.0010967450944120577
2000 Q2,Inflation,expectations,0.36788673774818814
2000 Q2,Inflation,import_prices,-9.059884385708558e-4
2000 Q2,Inflation,residual,-0.11487531035806137
2000 Q3,Inflation,lags,0.2533463107240994
2000 Q3,Inflation,dummies,0
2000 Q3,Inflation,gap,-0.0056105247931041245
2000 Q3,Inflation,momentum,0.024337191667681612
2000 Q3,Inflation,expectations,0.36466235975981903
2000 Q3,Inflation,import_prices,-0.0029509012126426454
2000 Q3,Inflation,residual,-0.03798687269430345
2000 Q4,Inflation,lags,0.23190081085303346
2000 Q4,Inflation,dummies,0
2000 Q4,Inflation,gap,-0.014816057185010053
2000 Q4,Inflation,momentum,0.021154358886449127
2000 Q4,Inflation,expectations,0.3635323483914182
2000 Q4,Inflation,import_prices,-8.345943459558026e-4
2000 Q4,Inflation,residual,-0.0020342086948844096
2001 Q1,Inflation,lags,0.23840596394559205
2001 Q1,Inflation,dummies,0
2001 Q1,Inflation,gap,-0.025018867355458586
2001 Q1,Inflation,momentum,-0.011962935493162914
2001 Q1,Inflation,expectations,0.34793109195962163
2001 Q1,Inflation,import_prices,-0.001460903910375141
2001 Q1,Inflation,residual,0.45134428305118174
2001 Q2,Inflation,lags,0.3010099271802465
2001 Q2,Inflation,dummies,0
2001 Q2,Inflation,gap,-0.0521779065107314
2001 Q2,Inflation,momentum,-0.011903962073611038
2001 Q2,Inflation,expectations,0.350149700667215
2001 Q2,Inflation,import_prices,3.593205248905993e-4
2001 Q2,Inflation,residual,0.21274850894572928
2001 Q3,Inflation,lags,0.35307106197271304
2001 Q3,Inflation,dummies,0
2001 Q3,Inflation,gap,-0.05273475315863141
2001 Q3,Inflation,momentum,-0.03056951235968798
2001 Q3,Inflation,expectations,0.3541254474712223
2001 Q3,Inflation,import_prices,-8.465335868353187e-6
2001 Q3,Inflation,residual,0.0768495742853118
2001 Q4,Inflation,lags,0.32708538226718575
2001 Q4,Inflation,dummies,0
2001 Q4,Inflation,gap,-0.0599099795712459
2001 Q4,Inflation,momentum,1.1295194642875108e-4
2001 Q4,Inflation,expectations,0.3513684563839196
2001 Q4,Inflation,import_prices,0.0012298435020346487
2001 Q4,Inflation,residual,0.2787003928162004
2002 Q1,Inflation,lags,0.32064642468962457
2002 Q1,Inflation,dummies,0
2002 Q1,Inflation,gap,-0.0424232023823167
2002 Q1,Inflation,momentum,-0.007060316321550393
2002 Q1,Inflation,expectations,0.3583910924796885
2002 Q1,Inflation,import_prices,0.0013328832175392752
2002 Q1,Inflation,residual,0.06934432634388354
2002 Q2,Inflation,lags,0.32682803764891155
2002 Q2,Inflation,dummies,0
2002 Q2,Inflation,gap,-0.031154180560001805
2002 Q2,Inflation,momentum,0.02303188791073804
2002 Q2,Inflation,expectations,0.3629643845622743
2002 Q2,Inflation,import_prices,4.4857123336449845e-4
2002 Q2,Inflation,residual,-0.08331452209553591
2002 Q3,Inflation,lags,0.28589270833853864
2002 Q3,Inflation,dummies,0
2002 Q3,Inflation,gap,-0.025198694214756633
2002 Q3,Inflation,momentum,0.014776065125936372
2002 Q3,Inflation,expectations,0.364035233031806
2002 Q3,Inflation,import_prices,0.0029869701982624414
2002 Q3,Inflation,residual,0.05560339260269953
2002 Q4,Inflation,lags,0.2651837399802976
2002 Q4,Inflation,dummies,0
2002 Q4,Inflation,gap,-0.019269146096696103
2002 Q4,Inflation,momentum,0.00843428667793647
2002 Q4,Inflation,expectations,0.36869726946269554
2002 Q4,Inflation,import_prices,-7.496069920378133e-4
2002 Q4,Inflation,residual,0.0763381746248224
2003 Q1,Inflation,lags,0.27906648318994143
2003 Q1,Inflation,dummies,0
2003 Q1,Inflation,gap,-0.015052347249996264
2003 Q1,Inflation,momentum,0.008479657250861488
2003 Q1,Inflation,expectations,0.3719157311611776
2003 Q1,Inflation,import_prices,7.595700901408499e-4
2003 Q1,Inflation,residual,0.15403336621907848
2003 Q2,Inflation,lags,0.2998379117766361
2003 Q2,Inflation,dummies,0
2003 Q2,Inflation,gap,-0.016966384549260628
2003 Q2,Inflation,momentum,0.007055789374588645
2003 Q2,Inflation,expectations,0.36480435071710504
2003 Q2,Inflation,import_prices,1.501182914865194e-4
2003 Q2,Inflation,residual,-0.15576321007593735
2003 Q3,Inflation,lags,0.2796159871549916
2003 Q3,Inflation,dummies,0
2003 Q3,Inflation,gap,-0.0094752681746817
2003 Q3,Inflation,momentum,3.243370790903709e-4
2003 Q3,Inflation,expectations,0.36323653389707233
2003 Q3,Inflation,import_prices,4.2597555363763757e-4
2003 Q3,Inflation,residual,0.06643484177436498
2003 Q4,Inflation,lags,0.25255073589649424
2003 Q4,Inflation,dummies,0
2003 Q4,Inflation,gap,0.0015311253271031726
2003 Q4,Inflation,momentum,0.010567762368465478
2003 Q4,Inflation,expectations,0.3658101199978807
2003 Q4,Inflation,import_prices,0.0011830791462818244
2003 Q4,Inflation,residual,0.06665606558585696
2004 Q1,Inflation,lags,0.2727321658467727
2004 Q1,Inflation,dummies,0
2004 Q1,Inflation,gap,0.012281246175550454
2004 Q1,Inflation,momentum,0.014951892123124415
2004 Q1,Inflation,expectations,0.3674903463257647
2004 Q1,Inflation,import_prices,0.0011253336348919355
2004 Q1,Inflation,residual,0.030875226446560933
2004 Q2,Inflation,lags,0.2858597079159055
2004 Q2,Inflation,dummies,0
2004 Q2,Inflation,gap,0.017684944787561913
2004 Q2,Inflation,momentum,0.01321335585428121
2004 Q2,Inflation,expectations,0.3732409800958467
2004 Q2,Inflation,import_prices,7.62417340116501e-4
2004 Q2,Inflation,residual,-0.09243238384037267
2004 Q3,Inflation,lags,0.27244488018607266
2004 Q3,Inflation,dummies,0
2004 Q3,Inflation,gap,0.01257389225663106
2004 Q3,Inflation,momentum,0.007734188272523038
2004 Q3,Inflation,expectations,0.37243044838133926
2004 Q3,Inflation,import_prices,-0.0026076009967140215
2004 Q3,Inflation,residual,-0.0663800390939322
2004 Q4,Inflation,lags,0.25292996944671586
2004 Q4,Inflation,dummies,0
2004 Q4,Inflation,gap,0.04166409223688103
2004 Q4,Inflation,momentum,-0.0035588355363651526
2004 Q4,Inflation,expectations,0.37299249592059625
2004 Q4,Inflation,import_prices,-0.0018653501462007928
2004 Q4,Inflation,residual,0.13575267478732655
2005 Q1,Inflation,lags,0.27269730841406936
2005 Q1,Inflation,dummies,0
2005 Q1,Inflation,gap,0.03945514143569307
2005 Q1,Inflation,momentum,0.02962168751228423
2005 Q1,Inflation,expectations,0.3833400869328117
2005 Q1,Inflation,import_prices,-2.7973016574188046e-4
2005 Q1,Inflation,residual,-0.12769222911437678
2005 Q2,Inflation,lags,0.286371418678682
2005 Q2,Inflation,dummies,0
2005 Q2,Inflation,gap,0.041704610677233286
2005 Q2,Inflation,momentum,8.616884062446406e-4
2005 Q2,Inflation,expectations,0.3853871232336845
2005 Q2,Inflation,import_prices,-6.967126359775915e-4
2005 Q2,Inflation,residual,-0.11500198946403056
2005 Q3,Inflation,lags,0.25977830071641383
2005 Q3,Inflation,dummies,0
2005 Q3,Inflation,gap,0.050495302679418486
2005 Q3,Inflation,momentum,0.0042226023501890225
2005 Q3,Inflation,expectations,0.38281945342276313
2005 Q3,Inflation,import_prices,9.79058343540869e-4
2005 Q3,Inflation,residual,-0.09763837157299399
2005 Q4,Inflation,lags,0.24502260678506183
2005 Q4,Inflation,dummies,0
2005 Q4,Inflation,gap,0.04601210415354799
2005 Q4,Inflation,momentum,0.008222918830909691
2005 Q4,Inflation,expectations,0.3800506297556866
2005 Q4,Inflation,import_prices,3.086551015614161e-5
2005 Q4,Inflation,residual,0.02005078062445964
2006 Q1,Inflation,lags,0.25866538237020353
2006 Q1,Inflation,dummies,0
2006 Q1,Inflation,gap,0.04158353686501686
2006 Q1,Inflation,momentum,-0.004091919811541431
2006 Q1,Inflation,expectations,0.3877240577390162
2006 Q1,Inflation,import_prices,-7.895428426859123e-4
2006 Q1,Inflation,residual,0.11652699971820957
2006 Q2,Inflation,lags,0.29292734535980547
2006 Q2,Inflation,dummies,0
2006 Q2,Inflation,gap,0.055986261935739565
2006 Q2,Inflation,momentum,-0.0031432293783601505
2006 Q2,Inflation,expectations,0.3887061618602442
2006 Q2,Inflation,import_prices,-0.0010314537122304217
2006 Q2,Inflation,residual,0.06285531779669107
2006 Q3,Inflation,lags,0.31993052676790634
2006 Q3,Inflation,dummies,0
2006 Q3,Inflation,gap,0.07433399253499912
2006 Q3,Inflation,momentum,0.01673621231593208
2006 Q3,Inflation,expectations,0.3897770103297759
2006 Q3,Inflation,import_prices,-4.419121322606331e-5
2006 Q3,Inflation,residual,-0.10249843740778203
2006 Q4,Inflation,lags,0.3128067529896016
2006 Q4,Inflation,dummies,0
2006 Q4,Inflation,gap,0.09003700662855325
2006 Q4,Inflation,momentum,0.016557295377427242
2006 Q4,Inflation,expectations,0.3878660486963022
2006 Q4,Inflation,import_prices,9.438533558643097e-4
2006 Q4,Inflation,residual,-0.21056567920283703
2007 Q1,Inflation,lags,0.28077829356228967
2007 Q1,Inflation,dummies,0
2007 Q1,Inflation,gap,0.08535950165270388
2007 Q1,Inflation,momentum,0.014958366152380095
2007 Q1,Inflation,expectations,0.38726850341772373
2007 Q1,Inflation,import_prices,3.642371288382312e-4
2007 Q1,Inflation,residual,-0.16963103105303395
2007 Q2,Inflation,lags,0.25292996944671586
2007 Q2,Inflation,dummies,0
2007 Q2,Inflation,gap,0.11388623716946622
2007 Q2,Inflation,momentum,-0.0032956627532616843
2007 Q2,Inflation,expectations,0.3903863881881283
2007 Q2,Inflation,import_prices,3.6290293290332134e-4
2007 Q2,Inflation,residual,0.14735991744468746
2007 Q3,Inflation,lags,0.2865246827129181
2007 Q3,Inflation,dummies,0
2007 Q3,Inflation,gap,0.12113461066858208
2007 Q3,Inflation,momentum,0.022103032465517022
2007 Q3,Inflation,expectations,0.39691797222328307
2007 Q3,Inflation,import_prices,8.278348474410792e-4
2007 Q3,Inflation,residual,0.07087811165140634
2007 Q4,Inflation,lags,0.3474601661388518
2007 Q4,Inflation,dummies,0
2007 Q4,Inflation,gap,0.10792710771949605
2007 Q4,Inflation,momentum,0.006679357389846914
2007 Q4,Inflation,expectations,0.3977817505467728
2007 Q4,Inflation,import_prices,1.846627413651347e-5
2007 Q4,Inflation,residual,0.3386235822808068
2008 Q1,Inflation,lags,0.40904596262110404
2008 Q1,Inflation,dummies,0
2008 Q1,Inflation,gap,0.14029133174946162
2008 Q1,Inflation,momentum,-0.010096166435996406
2008 Q1,Inflation,expectations,0.3995270560634129
2008 Q1,Inflation,import_prices,1.1578393269869281e-4
2008 Q1,Inflation,residual,0.16095660224430125
2008 Q2,Inflation,lags,0.4553265750153448
2008 Q2,Inflation,dummies,0
2008 Q2,Inflation,gap,0.11597748199386718
2008 Q2,Inflation,momentum,0.02635175046405777
2008 Q2,Inflation,expectations,0.4036152123752716
2008 Q2,Inflation,import_prices,-7.01817011815489e-4
2008 Q2,Inflation,residual,0.1965362864422484
2008 Q3,Inflation,lags,0.4689834770031135
2008 Q3,Inflation,dummies,0
2008 Q3,Inflation,gap,0.1206703654614402
2008 Q3,Inflation,momentum,-0.01727737649171956
2008 Q3,Inflation,expectations,0.4011422032025409
2008 Q3,Inflation,import_prices,-2.1740034067707124e-4
2008 Q3,Inflation,residual,0.22448168163097598
2008 Q4,Inflation,lags,0.4826448635273284
2008 Q4,Inflation,dummies,0
2008 Q4,Inflation,gap,0.08365918895780547
2008 Q4,Inflation,momentum,0.006909939185951486
2008 Q4,Inflation,expectations,0.3771989780301933
2008 Q4,Inflation,import_prices,-0.0014104326913852929
2008 Q4,Inflation,residual,-0.2529567564249219
2009 Q1,Inflation,lags,0.42396201585111803
2009 Q1,Inflation,dummies,0
2009 Q1,Inflation,gap,5.903581384148627e-4
2009 Q1,Inflation,momentum,-0.02017769220335014
2009 Q1,Inflation,expectations,0.36939539166935154
2009 Q1,Inflation,import_prices,-0.0073525814805911575
2009 Q1,Inflation,residual,0.12942575655583632
2009 Q2,Inflation,lags,0.3472543501107556
2009 Q2,Inflation,dummies,0
2009 Q2,Inflation,gap,-0.02945964854730667
2009 Q2,Inflation,momentum,-0.06327497359302624
2009 Q2,Inflation,expectations,0.3715607537679627
2009 Q2,Inflation,import_prices,-7.671353126406833e-4
2009 Q2,Inflation,residual,0.07689058149441313
2009 Q3,Inflation,lags,0.32682803764891155
2009 Q3,Inflation,dummies,0
2009 Q3,Inflation,gap,-0.027917875286265572
2009 Q3,Inflation,momentum,-0.030966175151379213
2009 Q3,Inflation,expectations,0.3828845326115192
2009 Q3,Inflation,import_prices,0.0022436651875208814
2009 Q3,Inflation,residual,0.04980094093380305
2009 Q4,Inflation,lags,0.29974079677883825
2009 Q4,Inflation,dummies,0
2009 Q4,Inflation,gap,-0.019751976088036527
2009 Q4,Inflation,momentum,0.0034367827779525056
2009 Q4,Inflation,expectations,0.3901201551432171
2009 Q4,Inflation,import_prices,0.0032147444634260695
2009 Q4,Inflation,residual,0.12436518490093168
2010 Q1,Inflation,lags,0.2998379117766361
2010 Q1,Inflation,dummies,0
2010 Q1,Inflation,gap,-0.005029773399059318
2010 Q1,Inflation,momentum,0.009846529469977008
2010 Q1,Inflation,expectations,0.3984739564635419
2010 Q1,Inflation,import_prices,0.00903112707905588
2010 Q1,Inflation,residual,0.08936905777169057
2010 Q2,Inflation,lags,0.31993052676790634
2010 Q2,Inflation,dummies,0
2010 Q2,Inflation,gap,-0.005899775375227907
2010 Q2,Inflation,momentum,0.01807688127704979
2010 Q2,Inflation,expectations,0.40355604947640245
2010 Q2,Inflation,import_prices,6.454806467434541e-4
2010 Q2,Inflation,residual,-0.33657869297272147
2010 Q3,Inflation,lags,0.274832038297107
2010 Q3,Inflation,dummies,0
2010 Q3,Inflation,gap,0.004078227985611468
2010 Q3,Inflation,momentum,0.003120071174078263
2010 Q3,Inflation,expectations,0.39763975958948683
2010 Q3,Inflation,import_prices,-0.0030820202052227567
2010 Q3,Inflation,residual,-0.07822324677429227
2010 Q4,Inflation,lags,0.21865144607466852
2010 Q4,Inflation,dummies,0
2010 Q4,Inflation,gap,0.004367960768568907
2010 Q4,Inflation,momentum,0.013639181918396148
2010 Q4,Inflation,expectations,0.4024142055282277
2010 Q4,Inflation,import_prices,-0.002181217327389952
2010 Q4,Inflation,residual,-0.23971614658279666
2011 Q1,Inflation,lags,0.2044785912006074
2011 Q1,Inflation,dummies,0
2011 Q1,Inflation,gap,0.012839711769110352
2011 Q1,Inflation,momentum,0.002906840216567305
2011 Q1,Inflation,expectations,0.41102240731369
2011 Q1,Inflation,import_prices,-3.526613002436309e-4
2011 Q1,Inflation,residual,0.1692697055344185
2011 Q2,Inflation,lags,0.23230949942996096
2011 Q2,Inflation,dummies,0
2011 Q2,Inflation,gap,0.009140717429786022
2011 Q2,Inflation,momentum,0.010342565759102829
2011 Q2,Inflation,expectations,0.4047393074537856
2011 Q2,Inflation,import_prices,8.788007922482582e-4
2011 Q2,Inflation,residual,0.14476749539814843
2011 Q3,Inflation,lags,0.29974335099243465
2011 Q3,Inflation,dummies,0
2011 Q3,Inflation,gap,-0.012000720577191275
2011 Q3,Inflation,momentum,3.547886182731953e-4
2011 Q3,Inflation,expectations,0.4035087191573071
2011 Q3,Inflation,import_prices,7.940668640177296e-4
2011 Q3,Inflation,residual,-0.28986585625205846
2011 Q4,Inflation,lags,0.274832038297107
2011 Q4,Inflation,dummies,0
2011 Q4,Inflation,gap,-0.015630141770960726
2011 Q4,Inflation,momentum,-0.018627376399957436
2011 Q4,Inflation,expectations,0.40999297287336667
2011 Q4,Inflation,import_prices,-4.2526666911766716e-5
2011 Q4,Inflation,residual,-0.04791377039374595
2012 Q1,Inflation,lags,0.21865144607466852
2012 Q1,Inflation,dummies,0
2012 Q1,Inflation,gap,-0.011833185229351709
2012 Q1,Inflation,momentum,-8.452900661369324e-4
2012 Q1,Inflation,expectations,0.3954329834616673
2012 Q1,Inflation,import_prices,-0.0027487744511993624
2012 Q1,Inflation,residual,-0.19733439691886018
2012 Q2,Inflation,lags,0.2044785912006074
2012 Q2,Inflation,dummies,0
2012 Q2,Inflation,gap,-0.011894285234706078
2012 Q2,Inflation,momentum,0.0052186609321468545
2012 Q2,Inflation,expectations,0.3948827685021841
2012 Q2,Inflation,import_prices,0.001055106453541892
2012 Q2,Inflation,residual,-0.08896119967571747
2012 Q3,Inflation,lags,0.1907788413258746
2012 Q3,Inflation,dummies,0
2012 Q3,Inflation,gap,-0.02544243153891469
2012 Q3,Inflation,momentum,0.001753820923928765
2012 Q3,Inflation,expectations,0.3976160944299391
2012 Q3,Inflation,import_prices,-0.001626582064624911
2012 Q3,Inflation,residual,0.13812278324146088
2012 Q4,Inflation,lags,0.2254071404875686
2012 Q4,Inflation,dummies,0
2012 Q4,Inflation,gap,-0.03270213430444321
2012 Q4,Inflation,momentum,-0.012213870098523243
2012 Q4,Inflation,expectations,0.38774180660867696
2012 Q4,Inflation,import_prices,5.714756110830187e-4
2012 Q4,Inflation,residual,-0.06523734037003898
2013 Q1,Inflation,lags,0.24569003783980442
2013 Q1,Inflation,dummies,0
2013 Q1,Inflation,gap,-0.04058401219010234
2013 Q1,Inflation,momentum,-0.006930045630961012
2013 Q1,Inflation,expectations,0.3860911617302275
2013 Q1,Inflation,import_prices,9.524795913075476e-4
2013 Q1,Inflation,residual,-0.08189180544465557
2013 Q2,Inflation,lags,0.21886854332717237
2013 Q2,Inflation,dummies,0
2013 Q2,Inflation,gap,-0.050847025628114134
2013 Q2,Inflation,momentum,-0.00809175682276172
2013 Q2,Inflation,expectations,0.38376605980466966
2013 Q2,Inflation,import_prices,-0.0012907326555946532
2013 Q2,Inflation,residual,0.05977169092580492
2013 Q3,Inflation,lags,0.21773204348827532
2013 Q3,Inflation,dummies,0
2013 Q3,Inflation,gap,-0.057862682883704775
2013 Q3,Inflation,momentum,-0.011341115277283813
2013 Q3,Inflation,expectations,0.37782018846831944
2013 Q3,Inflation,import_prices,6.231353623041963e-4
2013 Q3,Inflation,residual,0.1737217344992696
2013 Q4,Inflation,lags,0.2517843535381685
2013 Q4,Inflation,dummies,0
2013 Q4,Inflation,gap,-0.06502602582639108
2013 Q4,Inflation,momentum,-0.00695602058742451
2013 Q4,Inflation,expectations,0.37741196446612224
2013 Q4,Inflation,import_prices,-0.00289764437251708
2013 Q4,Inflation,residual,0.2500886239134489
2014 Q1,Inflation,lags,0.29292734535980547
2014 Q1,Inflation,dummies,0
2014 Q1,Inflation,gap,-0.07044864163295023
2014 Q1,Inflation,momentum,-0.007952505927070554
2014 Q1,Inflation,expectations,0.37748887623465216
2014 Q1,Inflation,import_prices,4.0387019792667404e-4
2014 Q1,Inflation,residual,-0.09143177123203211
2014 Q2,Inflation,lags,0.2796159871549916
2014 Q2,Inflation,dummies,0
2014 Q2,Inflation,gap,-0.07451714765426506
2014 Q2,Inflation,momentum,-0.00411350913879171
2014 Q2,Inflation,expectations,0.3775657880031821
2014 Q2,Inflation,import_prices,-0.0014510223971202245
2014 Q2,Inflation,residual,0.12398833419038563
2014 Q3,Inflation,lags,0.25255073589649424
2014 Q3,Inflation,dummies,0
2014 Q3,Inflation,gap,-0.09128653730805456
2014 Q3,Inflation,momentum,-0.0019427561658629973
2014 Q3,Inflation,expectations,0.3766960933898055
2014 Q3,Inflation,import_prices,0.001290960879372662
2014 Q3,Inflation,residual,-0.13767897483617503
2014 Q4,Inflation,lags,0.23165136106793977
2014 Q4,Inflation,dummies,0
2014 Q4,Inflation,gap,-0.0956922540678611
2014 Q4,Inflation,momentum,-0.016382285617664236
2014 Q4,Inflation,expectations,0.3766783445201447
2014 Q4,Inflation,import_prices,0.002459844170724984
2014 Q4,Inflation,residual,0.10447301555714689
2015 Q1,Inflation,lags,0.21194032780555017
2015 Q1,Inflation,dummies,0
2015 Q1,Inflation,gap,-0.09522801101307218
2015 Q1,Inflation,momentum,-0.005494283734688179
2015 Q1,Inflation,expectations,0.3755187517023092
2015 Q1,Inflation,import_prices,-0.0019376747029644559
2015 Q1,Inflation,residual,0.11681353515947307
2015 Q2,Inflation,lags,0.23164011075923452
2015 Q2,Inflation,dummies,0
2015 Q2,Inflation,gap,-0.08785803852163536
2015 Q2,Inflation,momentum,0.003580130159787003
2015 Q2,Inflation,expectations,0.3782994079491596
2015 Q2,Inflation,import_prices,-5.025991504617087e-4
2015 Q2,Inflation,residual,0.077492979084961
2015 Q3,Inflation,lags,0.24502260678506183
2015 Q3,Inflation,dummies,0
2015 Q3,Inflation,gap,-0.09964904213658449
2015 Q3,Inflation,momentum,0.012576838010340168
2015 Q3,Inflation,expectations,0.3758559802258635
2015 Q3,Inflation,import_prices,-6.792354057666935e-4
2015 Q3,Inflation,residual,-0.23177376400624872
2015 Q4,Inflation,lags,0.20612402872283025
2015 Q4,Inflation,dummies,0
2015 Q4,Inflation,gap,-0.08256774199996261
2015 Q4,Inflation,momentum,-0.011843560654240835
2015 Q4,Inflation,expectations,0.37332972444415047
2015 Q4,Inflation,import_prices,-0.0017297961065709877
2015 Q4,Inflation,residual,0.11806655958539303
2016 Q1,Inflation,lags,0.18397338162334131
2016 Q1,Inflation,dummies,0
2016 Q1,Inflation,gap,-0.08194576187254785
2016 Q1,Inflation,momentum,0.024971993305327476
2016 Q1,Inflation,expectations,0.3652362398788499
2016 Q1,Inflation,import_prices,7.354781653389039e-4
2016 Q1,Inflation,residual,-0.29248222872441665
2016 Q2,Inflation,lags,0.17084102078561297
2016 Q2,Inflation,dummies,0
2016 Q2,Inflation,gap,-0.07474903503621251
2016 Q2,Inflation,momentum,0.002911726472062128
2016 Q2,Inflation,expectations,0.36550247292376103
2016 Q2,Inflation,import_prices,0.0021497836324300967
2016 Q2,Inflation,residual,0.04012447293375104
2016 Q3,Inflation,lags,0.15012620713515673
2016 Q3,Inflation,dummies,0
2016 Q3,Inflation,gap,-0.07568738996219487
2016 Q3,Inflation,momentum,0.00808353874561464
2016 Q3,Inflation,expectations,0.34812632952588984
2016 Q3,Inflation,import_prices,8.215976072453674e-4
2016 Q3,Inflation,residual,-0.13025885925918324
2016 Q4,Inflation,lags,0.1565298096230678
2016 Q4,Inflation,dummies,0
2016 Q4,Inflation,gap,-0.08151300790057642
2016 Q4,Inflation,momentum,0.0018571260888701358
2016 Q4,Inflation,expectations,0.3484398928898964
2016 Q4,Inflation,import_prices,0.0020500427368014195
2016 Q4,Inflation,residual,-0.024565079108365112
2017 Q1,Inflation,lags,0.14967447504053982
2017 Q1,Inflation,dummies,0
2017 Q1,Inflation,gap,-0.08271008380994219
2017 Q1,Inflation,momentum,-0.005349525827265243
2017 Q1,Inflation,expectations,0.3469489878383937
2017 Q1,Inflation,import_prices,9.49441816162973e-4
2017 Q1,Inflation,residual,0.09224576657204084
2017 Q2,Inflation,lags,0.17061146808724753
2017 Q2,Inflation,dummies,0
2017 Q2,Inflation,gap,-0.0692491314778628
2017 Q2,Inflation,momentum,-0.005346684221371386
2017 Q2,Inflation,expectations,0.3452095986116404
2017 Q2,Inflation,import_prices,-3.710289718843711e-4
2017 Q2,Inflation,residual,0.06187126439450494
2017 Q3,Inflation,lags,0.1978128567103905
2017 Q3,Inflation,dummies,0
2017 Q3,Inflation,gap,-0.06713942591058458
2017 Q3,Inflation,momentum,0.016289979856836407
2017 Q3,Inflation,expectations,0.34914393138643934
2017 Q3,Inflation,import_prices,-0.0011170684765044784
2017 Q3,Inflation,residual,-0.09323191070340486
2017 Q4,Inflation,lags,0.19070907907925344
2017 Q4,Inflation,dummies,0
2017 Q4,Inflation,gap,-0.064365090265982
2017 Q4,Inflation,momentum,0.004076877128052469
2017 Q4,Inflation,expectations,0.3451445194228844
2017 Q4,Inflation,import_prices,3.029885674029918e-4
2017 Q4,Inflation,residual,-0.07431195702823273
2018 Q1,Inflation,lags,0.170113293162856
2018 Q1,Inflation,dummies,0
2018 Q1,Inflation,gap,-0.06680715272699693
2018 Q1,Inflation,momentum,0.0032976175426763722
2018 Q1,Inflation,expectations,0.34318622747031524
2018 Q1,Inflation,import_prices,-5.508359400407449e-4
2018 Q1,Inflation,residual,0.05190889950362043
2018 Q2,Inflation,lags,0.17682430267987814
2018 Q2,Inflation,dummies,0
2018 Q2,Inflation,gap,-0.06149382391400149
2018 Q2,Inflation,momentum,-0.003833224256904675
2018 Q2,Inflation,expectations,0.3388969173023014
2018 Q2,Inflation,import_prices,4.183330183929946e-5
2018 Q2,Inflation,residual,-0.047701363257784374
2018 Q3,Inflation,lags,0.18446014411671247
2018 Q3,Inflation,dummies,0
2018 Q3,Inflation,gap,-0.044910999275885016
2018 Q3,Inflation,momentum,0.008537988921015056
2018 Q3,Inflation,expectations,0.34004467754036316
2018 Q3,Inflation,import_prices,-4.633818366125376e-4
2018 Q3,Inflation,residual,-0.0857376056958076
2018 Q4,Inflation,lags,0.170113293162856
2018 Q4,Inflation,dummies,0
2018 Q4,Inflation,gap,-0.03404569161425715
2018 Q4,Inflation,momentum,0.020305861083628557
2018 Q4,Inflation,expectations,0.34260051477151066
2018 Q4,Inflation,import_prices,-0.0014693301409108822
2018 Q4,Inflation,residual,0.0036136635018800545
2019 Q1,Inflation,lags,0.17682430267987814
2019 Q1,Inflation,dummies,0
2019 Q1,Inflation,gap,-0.03502917529804872
2019 Q1,Inflation,momentum,0.012209452560451375
2019 Q1,Inflation,expectations,0.34029907800550047
2019 Q1,Inflation,import_prices,8.814896652621266e-6
2019 Q1,Inflation,residual,-0.1928185191665062
2019 Q2,Inflation,lags,0.17118259573338995
2019 Q2,Inflation,dummies,0
2019 Q2,Inflation,gap,-0.04944653982620476
2019 Q2,Inflation,momentum,5.164213584187001e-4
2019 Q2,Inflation,expectations,0.34029907800550047
2019 Q2,Inflation,import_prices,1.2595429833863804e-4
2019 Q2,Inflation,residual,-0.06062268211601182
2019 Q3,Inflation,lags,0.14967447504053982
2019 Q3,Inflation,dummies,0
2019 Q3,Inflation,gap,-0.053746902075571534
2019 Q3,Inflation,momentum,-0.014473466616180207
2019 Q3,Inflation,expectations,0.34029907800550047
2019 Q3,Inflation,import_prices,1.8361616668592835e-4
2019 Q3,Inflation,residual,-0.02131579549087817
2019 Q4,Inflation,lags,0.15697482587954165
2019 Q4,Inflation,dummies,0
2019 Q4,Inflation,gap,-0.04713092823905138
2019 Q4,Inflation,momentum,-0.003434835815954996
2019 Q4,Inflation,expectations,0.34029907800550047
2019 Q4,Inflation,import_prices,2.597539623270095e-4
2019 Q4,Inflation,residual,-0.045242207176944965
2020 Q1,Inflation,lags,0.16334840452337457
2020 Q1,Inflation,dummies,0
2020 Q1,Inflation,gap,-0.048817991177451565
2020 Q1,Inflation,momentum,0.007237329460970315
2020 Q1,Inflation,expectations,0.34029907800550047
2020 Q1,Inflation,import_prices,8.58793915315656e-5
2020 Q1,Inflation,residual,0.039511973137082435
2020 Q2,Inflation,lags,0.17682430267987814
2020 Q2,Inflation,dummies,0
2020 Q2,Inflation,gap,-0.1446894181466562
2020 Q2,Inflation,momentum,-3.417587562601056e-4
2020 Q2,Inflation,expectations,0.34029907800550047
2020 Q2,Inflation,import_prices,-1.6139464680691812e-4
2020 Q2,Inflation,residual,-0.47072996162255437
2020 Q3,Inflation,lags,0.1178054086447248
2020 Q3,Inflation,dummies,0
2020 Q3,Inflation,gap,-0.15161170839470411
2020 Q3,Inflation,momentum,-0.10176730615448856
2020 Q3,Inflation,expectations,0.34029907800550047
2020 Q3,Inflation,import_prices,-6.577163923166521e-4
2020 Q3,Inflation,residual,0.09672444558643233
2020 Q4,Inflation,lags,0.05335951288737039
2020 Q4,Inflation,dummies,0
2020 Q4,Inflation,gap,-0.13882429417834571
2020 Q4,Inflation,momentum,-0.010451593149691874
2020 Q4,Inflation,expectations,0.34029907800550047
2020 Q4,Inflation,import_prices,0.002279381348488374
2020 Q4,Inflation,residual,0.25332586558767145
2021 Q1,Inflation,lags,0.11818945573495099
2021 Q1,Inflation,dummies,0
2021 Q1,Inflation,gap,-0.0983706770457158
2021 Q1,Inflation,momentum,0.020717609926325174
2021 Q1,Inflation,expectations,0.34029907800550047
2021 Q1,Inflation,import_prices,6.516107308331906e-4
2021 Q1,Inflation,residual,-0.07787582305553897
2021 Q2,Inflation,lags,0.16375195648760432
2021 Q2,Inflation,dummies,0
2021 Q2,Inflation,gap,-0.05134896332850801
2021 Q2,Inflation,momentum,0.06880437103214102
2021 Q2,Inflation,expectations,0.34029907800550047
2021 Q2,Inflation,import_prices,0.0010332343119316633
2021 Q2,Inflation,residual,-0.1164082245428002
2021 Q3,Inflation,lags,0.14967447504053982
2021 Q3,Inflation,dummies,0.23928013937825193
2021 Q3,Inflation,gap,-0.0128337608180106
2021 Q3,Inflation,momentum,0.0648350830839155
2021 Q3,Inflation,expectations,0.34029907800550047
2021 Q3,Inflation,import_prices,0.001106094512402024
2021 Q3,Inflation,residual,0.0198644928584622
2021 Q4,Inflation,lags,0.21208805230405461
2021 Q4,Inflation,dummies,0.23928013937825193
2021 Q4,Inflation,gap,-0.013146205012252575
2021 Q4,Inflation,momentum,0.045555000627249195
2021 Q4,Inflation,expectations,0.34029907800550047
2021 Q4,Inflation,import_prices,-0.0038024826224657944
2021 Q4,Inflation,residual,0.18436648639126313
2022 Q1,Inflation,lags,0.32861834660985684
2022 Q1,Inflation,dummies,0.6749703487035208
2022 Q1,Inflation,gap,0.048645477043721894
2022 Q1,Inflation,momentum,-8.459419638715063e-4
2022 Q1,Inflation,expectations,0.34029907800550047
2022 Q1,Inflation,import_prices,-0.001916369564216995
2022 Q1,Inflation,residual,0.11325922611107431
2022 Q2,Inflation,lags,0.46361900451174026
2022 Q2,Inflation,dummies,0.6749703487035208
2022 Q2,Inflation,gap,0.07897649770281186
2022 Q2,Inflation,momentum,0.07079422168472455
2022 Q2,Inflation,expectations,0.34029907800550047
2022 Q2,Inflation,import_prices,-0.001954882704354973
2022 Q2,Inflation,residual,-0.12772914312560046
2022 Q3,Inflation,lags,0.5791002768980863
2022 Q3,Inflation,dummies,0.6749703487035208
2022 Q3,Inflation,gap,0.11254455888490372
2022 Q3,Inflation,momentum,0.02997449104298653
2022 Q3,Inflation,expectations,0.34029907800550047
2022 Q3,Inflation,import_prices,5.793289413527913e-4
2022 Q3,Inflation,residual,0.1560039909941341
2022 Q4,Inflation,lags,0.6675989908559521
2022 Q4,Inflation,dummies,0.6749703487035208
2022 Q4,Inflation,gap,0.12098414406594177
2022 Q4,Inflation,momentum,0.03031028173948672
2022 Q4,Inflation,expectations,0.34029907800550047
2022 Q4,Inflation,import_prices,-4.076712002988402e-4
2022 Q4,Inflation,residual,-0.13472069325586566
2023 Q1,Inflation,lags,0.7207612876276956
2023 Q1,Inflation,dummies,0.23928013937825193
2023 Q1,Inflation,gap,0.10613351351578253
2023 Q1,Inflation,momentum,0.005512604595064953
2023 Q1,Inflation,expectations,0.34029907800550047
2023 Q1,Inflation,import_prices,1.2026811409970142e-4
2023 Q1,Inflation,residual,-0.2086263678220729
2023 Q2,Inflation,lags,0.6422322141919459
2023 Q2,Inflation,dummies,0
2023 Q2,Inflation,gap,0.11054577705253536
2023 Q2,Inflation,momentum,-0.013362975061157994
2023 Q2,Inflation,expectations,0.34029907800550047
2023 Q2,Inflation,import_prices,0.0020542259888041573
2023 Q2,Inflation,residual,-0.18368871111277996
2023 Q3,Inflation,lags,0.48583131300574556
2023 Q3,Inflation,dummies,0
2023 Q3,Inflation,gap,0.10645538644166813
2023 Q3,Inflation,momentum,8.389689977637509e-4
2023 Q3,Inflation,expectations,0.34029907800550047
2023 Q3,Inflation,import_prices,-9.014337267348165e-4
2023 Q3,Inflation,residual,0.25985442250106544
2023 Q4,Inflation,lags,0.42847934567211604
2023 Q4,Inflation,dummies,0
2023 Q4,Inflation,gap,0.07678809332051853
2023 Q4,Inflation,momentum,-0.007277533879639517
2023 Q4,Inflation,expectations,0.34029907800550047
2023 Q4,Inflation,import_prices,0.0023355046986755813
2023 Q4,Inflation,residual,0.05760031715379238
2024 Q1,Inflation,lags,0.429557128018023
2024 Q1,Inflation,dummies,0
2024 Q1,Inflation,gap,0.07781524720734503
2024 Q1,Inflation,momentum,-0.024695495015235512
2024 Q1,Inflation,expectations,0.34029907800550047
2024 Q1,Inflation,import_prices,3.718694895796385e-4
2024 Q1,Inflation,residual,0.17513797899874367
2024 Q2,Inflation,lags,0.40300593453700334
2024 Q2,Inflation,dummies,0
2024 Q2,Inflation,gap,0.05887568932442358
2024 Q2,Inflation,momentum,4.853433905521727e-4
2024 Q2,Inflation,expectations,0.34029907800550047
2024 Q2,Inflation,import_prices,-2.234910544973333e-4
2024 Q2,Inflation,residual,0.09532537252627138
2024 Q3,Inflation,lags,0.3876425496652839
2024 Q3,Inflation,dummies,0
2024 Q3,Inflation,gap,0.04715036474391318
2024 Q3,Inflation,momentum,-0.014882912131572813
2024 Q3,Inflation,expectations,0.34029907800550047
2024 Q3,Inflation,import_prices,7.565573123339562e-5
2024 Q3,Inflation,residual,0.03649451197851927
2024 Q4,Inflation,lags,0.3622874274286379
2024 Q4,Inflation,dummies,0
2024 Q4,Inflation,gap,0.05971595616481662
2024 Q4,Inflation,momentum,-0.009980651402594222
2024 Q4,Inflation,expectations,0.34029907800550047
2024 Q4,Inflation,import_prices,-1.0767430635316897e-4
2024 Q4,Inflation,residual,-0.25324724087442246
1997 Q4,ΔULC,lags,NA
1997 Q4,ΔULC,dummies,NA
1997 Q4,ΔULC,gap,NA
1997 Q4,ΔULC,momentum,NA
1997 Q4,ΔULC,expectations,NA
1997 Q4,ΔULC,import_prices,0
1997 Q4,ΔULC,residual,NA
1998 Q1,ΔULC,lags,NA
1998 Q1,ΔULC,dummies,NA
1998 Q1,ΔULC,gap,NA
1998 Q1,ΔULC,momentum,NA
1998 Q1,ΔULC,expectations,NA
1998 Q1,ΔULC,import_prices,0
1998 Q1,ΔULC,residual,NA
1998 Q2,ΔULC,lags,0.3155362456008841
1998 Q2,ΔULC,dummies,0
1998 Q2,ΔULC,gap,-0.3970779561912161
1998 Q2,ΔULC,momentum,0.081633728742843
1998 Q2,ΔULC,expectations,0.32491279508160736
1998 Q2,ΔULC,import_prices,0
1998 Q2,ΔULC,residual,0.17451000553014612
1998 Q3,ΔULC,lags,0.2600561286432463
1998 Q3,ΔULC,dummies,0
1998 Q3,ΔULC,gap,-0.3947716199164272
1998 Q3,ΔULC,momentum,0.06326357270335317
1998 Q3,ΔULC,expectations,0.3151566772722418
1998 Q3,ΔULC,import_prices,0
1998 Q3,ΔULC,residual,0.9097165138475005
1998 Q4,ΔULC,lags,0.2105521552252398
1998 Q4,ΔULC,dummies,0
1998 Q4,ΔULC,gap,-0.33279014003947005
1998 Q4,ΔULC,momentum,-0.03379083237957342
1998 Q4,ΔULC,expectations,0.3027035903488262
1998 Q4,ΔULC,import_prices,0
1998 Q4,ΔULC,residual,-1.0651342638765848
1999 Q1,ΔULC,lags,0.18140935336878225
1999 Q1,ΔULC,dummies,0
1999 Q1,ΔULC,gap,-0.27502887646342433
1999 Q1,ΔULC,momentum,0.26985690547468033
1999 Q1,ΔULC,expectations,0.30265080269712774
1999 Q1,ΔULC,import_prices,0
1999 Q1,ΔULC,residual,-0.38053265721020624
1999 Q2,ΔULC,lags,0.2327561270014659
1999 Q2,ΔULC,dummies,0
1999 Q2,ΔULC,gap,-0.2311973812169208
1999 Q2,ΔULC,momentum,0.19655024775141627
1999 Q2,ΔULC,expectations,0.29860055014862574
1999 Q2,ΔULC,import_prices,0
1999 Q2,ΔULC,residual,0.6995465610898808
1999 Q3,ΔULC,lags,0.2363913926090838
1999 Q3,ΔULC,dummies,0
1999 Q3,ΔULC,gap,-0.22241704258633066
1999 Q3,ΔULC,momentum,0.13222116640963674
1999 Q3,ΔULC,expectations,0.3008032348876808
1999 Q3,ΔULC,import_prices,0
1999 Q3,ΔULC,residual,-1.165559020419941
1999 Q4,ΔULC,lags,0.30918779603393676
1999 Q4,ΔULC,dummies,0
1999 Q4,ΔULC,gap,-0.17129610571238518
1999 Q4,ΔULC,momentum,0.00789392249309431
1999 Q4,ΔULC,expectations,0.3117926641958201
1999 Q4,ΔULC,import_prices,0
1999 Q4,ΔULC,residual,0.6070054063682897
2000 Q1,ΔULC,lags,0.3679309138541794
2000 Q1,ΔULC,dummies,0
2000 Q1,ΔULC,gap,-0.17131021030726204
2000 Q1,ΔULC,momentum,0.1674549949839108
2000 Q1,ΔULC,expectations,0.3078383891958608
2000 Q1,ΔULC,import_prices,0
2000 Q1,ΔULC,residual,0.6189837543654242
2000 Q2,ΔULC,lags,0.33676538640286896
2000 Q2,ΔULC,dummies,0
2000 Q2,ΔULC,gap,-0.09053901985658461
2000 Q2,ΔULC,momentum,-0.012136907457094004
2000 Q2,ΔULC,expectations,0.2984037961741132
2000 Q2,ΔULC,import_prices,0
2000 Q2,ΔULC,residual,-0.31871060276190066
2000 Q3,ΔULC,lags,0.3155362456008841
2000 Q3,ΔULC,dummies,0
2000 Q3,ΔULC,gap,-0.02137156373741369
2000 Q3,ΔULC,momentum,0.269322602436218
2000 Q3,ΔULC,expectations,0.29578840797632455
2000 Q3,ΔULC,import_prices,0
2000 Q3,ΔULC,residual,0.7657149824865673
2000 Q4,ΔULC,lags,0.2846912690094344
2000 Q4,ΔULC,dummies,0
2000 Q4,ΔULC,gap,-0.0574448395450144
2000 Q4,ΔULC,momentum,0.2341004281005011
2000 Q4,ΔULC,expectations,0.2948718223877418
2000 Q4,ΔULC,import_prices,0
2000 Q4,ΔULC,residual,0.9197402686747905
2001 Q1,ΔULC,lags,0.3120673543718955
2001 Q1,ΔULC,dummies,0
2001 Q1,ΔULC,gap,-0.0920768702686992
2001 Q1,ΔULC,momentum,-0.13238540271159221
2001 Q1,ΔULC,expectations,0.2822171826123866
2001 Q1,ΔULC,import_prices,0
2001 Q1,ΔULC,residual,0.5173747467776548
2001 Q2,ΔULC,lags,0.4137265594790927
2001 Q2,ΔULC,dummies,0
2001 Q2,ΔULC,gap,-0.1922145168565756
2001 Q2,ΔULC,momentum,-0.13173278530835394
2001 Q2,ΔULC,expectations,0.2840167616475623
2001 Q2,ΔULC,import_prices,0
2001 Q2,ΔULC,residual,0.12331502306470024
2001 Q3,ΔULC,lags,0.4727827852181676
2001 Q3,ΔULC,dummies,0
2001 Q3,ΔULC,gap,-0.192609324565367
2001 Q3,ΔULC,momentum,-0.3382913171058405
2001 Q3,ΔULC,expectations,0.28724160727859704
2001 Q3,ΔULC,import_prices,0
2001 Q3,ΔULC,residual,-0.31442973676113617
2001 Q4,ΔULC,lags,0.3920817016879433
2001 Q4,ΔULC,dummies,0
2001 Q4,ΔULC,gap,-0.21424863865379834
2001 Q4,ΔULC,momentum,0.0012499598383335334
2001 Q4,ΔULC,expectations,0.2850053303975521
2001 Q4,ΔULC,import_prices,0
2001 Q4,ΔULC,residual,-0.5022362785816736
2002 Q1,ΔULC,lags,0.4139397624819814
2002 Q1,ΔULC,dummies,0
2002 Q1,ΔULC,gap,-0.15435932691784285
2002 Q1,ΔULC,momentum,-0.07813156060515986
2002 Q1,ΔULC,expectations,0.2907015979035614
2002 Q1,ΔULC,import_prices,0
2002 Q1,ΔULC,residual,-0.014853784266599862
2002 Q2,ΔULC,lags,0.4204192523331634
2002 Q2,ΔULC,dummies,0
2002 Q2,ΔULC,gap,-0.11354555268030637
2002 Q2,ΔULC,momentum,0.2548777227808282
2002 Q2,ΔULC,expectations,0.29441113015473686
2002 Q2,ΔULC,import_prices,0
2002 Q2,ΔULC,residual,-0.9813817046252571
2002 Q3,ΔULC,lags,0.3397452392857795
2002 Q3,ΔULC,dummies,0
2002 Q3,ΔULC,gap,-0.09310944841110963
2002 Q3,ΔULC,momentum,0.16351633203303445
2002 Q3,ΔULC,expectations,0.2952797269690483
2002 Q3,ΔULC,import_prices,0
2002 Q3,ΔULC,residual,0.8137595009588088
2002 Q4,ΔULC,lags,0.33676538640286896
2002 Q4,ΔULC,dummies,0
2002 Q4,ΔULC,gap,-0.06711481343218671
2002 Q4,ΔULC,momentum,0.09333632527583094
2002 Q4,ΔULC,expectations,0.2990612423816308
2002 Q4,ΔULC,import_prices,0
2002 Q4,ΔULC,residual,-0.6721402647753509
2003 Q1,ΔULC,lags,0.3640785801005447
2003 Q1,ΔULC,dummies,0
2003 Q1,ΔULC,gap,-0.05010962697374602
2003 Q1,ΔULC,momentum,0.0938384095319374
2003 Q1,ΔULC,expectations,0.3016718317019922
2003 Q1,ΔULC,import_prices,0
2003 Q1,ΔULC,residual,0.8413381310099814
2003 Q2,ΔULC,lags,0.38961956374877793
2003 Q2,ΔULC,dummies,0
2003 Q2,ΔULC,gap,-0.05925854969395406
2003 Q2,ΔULC,momentum,0.0780814640634768
2003 Q2,ΔULC,expectations,0.2959035810345758
2003 Q2,ΔULC,import_prices,0
2003 Q2,ΔULC,residual,0.8329608583216864
2003 Q3,ΔULC,lags,0.3427419889579478
2003 Q3,ΔULC,dummies,0
2003 Q3,ΔULC,gap,-0.033572566523691616
2003 Q3,ΔULC,momentum,0.0035892105958625314
2003 Q3,ΔULC,expectations,0.29463187851638506
2003 Q3,ΔULC,import_prices,0
2003 Q3,ΔULC,residual,-1.184301704729962
2003 Q4,ΔULC,lags,0.31035342129846516
2003 Q4,ΔULC,dummies,0
2003 Q4,ΔULC,gap,0.005931894892106299
2003 Q4,ΔULC,momentum,0.1169460018997245
2003 Q4,ΔULC,expectations,0.29671939019718885
2003 Q4,ΔULC,import_prices,0
2003 Q4,ΔULC,residual,-0.6366783427549191
2004 Q1,ΔULC,lags,0.3640785801005447
2004 Q1,ΔULC,dummies,0
2004 Q1,ΔULC,gap,0.04149408426955234
2004 Q1,ΔULC,momentum,0.16546208588614286
2004 Q1,ΔULC,expectations,0.2980822713864952
2004 Q1,ΔULC,import_prices,0
2004 Q1,ΔULC,residual,0.4845111285575068
2004 Q2,ΔULC,lags,0.3640785801005447
2004 Q2,ΔULC,dummies,0
2004 Q2,ΔULC,gap,0.06249509753361808
2004 Q2,ΔULC,momentum,0.1462229263829376
2004 Q2,ΔULC,expectations,0.3027467802456705
2004 Q2,ΔULC,import_prices,0
2004 Q2,ΔULC,residual,-0.1348884824359518
2004 Q3,ΔULC,lags,0.3397452392857795
2004 Q3,ΔULC,dummies,0
2004 Q3,ΔULC,gap,0.03984847111171959
2004 Q3,ΔULC,momentum,0.08558882806735973
2004 Q3,ΔULC,expectations,0.30208933403815297
2004 Q3,ΔULC,import_prices,0
2004 Q3,ΔULC,residual,0.7267269753223502
2004 Q4,ΔULC,lags,0.3120673543718955
2004 Q4,ΔULC,dummies,0
2004 Q4,ΔULC,gap,0.13647325001252664
2004 Q4,ΔULC,momentum,-0.03938313267134909
2004 Q4,ΔULC,expectations,0.3025452273937308
2004 Q4,ΔULC,import_prices,0
2004 Q4,ΔULC,residual,0.6357066216564783
2005 Q1,ΔULC,lags,0.3628187067375645
2005 Q1,ΔULC,dummies,0
2005 Q1,ΔULC,gap,0.1299843548016532
2005 Q1,ΔULC,momentum,0.3278024054005727
2005 Q1,ΔULC,expectations,0.31093846401379
2005 Q1,ΔULC,import_prices,0
2005 Q1,ΔULC,residual,-0.2693208149753561
2005 Q2,ΔULC,lags,0.3679309138541794
2005 Q2,ΔULC,dummies,0
2005 Q2,ΔULC,gap,0.1362930173461705
2005 Q2,ΔULC,momentum,0.009535700224899081
2005 Q2,ΔULC,expectations,0.3125988756035788
2005 Q2,ΔULC,import_prices,0
2005 Q2,ΔULC,residual,-0.08191085213913546
2005 Q3,ΔULC,lags,0.3120673543718955
2005 Q3,ΔULC,dummies,0
2005 Q3,ΔULC,gap,0.17123068236701733
2005 Q3,ΔULC,momentum,0.04672857367994476
2005 Q3,ΔULC,expectations,0.3105161628002021
2005 Q3,ΔULC,import_prices,0
2005 Q3,ΔULC,residual,0.3283055638210168
2005 Q4,ΔULC,lags,0.3120673543718955
2005 Q4,ΔULC,dummies,0
2005 Q4,ΔULC,gap,0.1545480400352942
2005 Q4,ΔULC,momentum,0.09099726580627893
2005 Q4,ΔULC,expectations,0.3082702881643029
2005 Q4,ΔULC,import_prices,0
2005 Q4,ΔULC,residual,-0.3154988064185478
2006 Q1,ΔULC,lags,0.33676538640286896
2006 Q1,ΔULC,dummies,0
2006 Q1,ΔULC,gap,0.14057766495660923
2006 Q1,ΔULC,momentum,-0.04528240183390227
2006 Q1,ΔULC,expectations,0.3144944321872971
2006 Q1,ΔULC,import_prices,0
2006 Q1,ΔULC,residual,1.127783647127858
2006 Q2,ΔULC,lags,0.38961956374877793
2006 Q2,ΔULC,dummies,0
2006 Q2,ΔULC,gap,0.19470086493303274
2006 Q2,ΔULC,momentum,-0.034783911298939686
2006 Q2,ΔULC,expectations,0.3152910458402015
2006 Q2,ΔULC,import_prices,0
2006 Q2,ΔULC,residual,0.36873983511920105
2006 Q3,ΔULC,lags,0.4160898058291941
2006 Q3,ΔULC,dummies,0
2006 Q3,ΔULC,gap,0.24771084961036055
2006 Q3,ΔULC,momentum,0.18520790391101416
2006 Q3,ΔULC,expectations,0.316159642654513
2006 Q3,ΔULC,import_prices,0
2006 Q3,ΔULC,residual,-0.8375462492582327
2006 Q4,ΔULC,lags,0.3920817016879433
2006 Q4,ΔULC,dummies,0
2006 Q4,ΔULC,gap,0.31136815006814034
2006 Q4,ΔULC,momentum,0.18322795584814738
2006 Q4,ΔULC,expectations,0.3146096052455484
2006 Q4,ΔULC,import_prices,0
2006 Q4,ΔULC,residual,0.9880602459097246
2007 Q1,ΔULC,lags,0.3397452392857795
2007 Q1,ΔULC,dummies,0
2007 Q1,ΔULC,gap,0.29185624495269386
2007 Q1,ΔULC,momentum,0.16553372941967776
2007 Q1,ΔULC,expectations,0.31412491862540776
2007 Q1,ΔULC,import_prices,0
2007 Q1,ΔULC,residual,-0.062286509135277446
2007 Q2,ΔULC,lags,0.3120673543718955
2007 Q2,ΔULC,dummies,0
2007 Q2,ΔULC,gap,0.391909685486618
2007 Q2,ΔULC,momentum,-0.03647078436906198
2007 Q2,ΔULC,expectations,0.3166539270295079
2007 Q2,ΔULC,import_prices,0
2007 Q2,ΔULC,residual,0.9299488791211444
2007 Q3,ΔULC,lags,0.388683601746285
2007 Q3,ΔULC,dummies,0
2007 Q3,ΔULC,gap,0.4188600178098849
2007 Q3,ΔULC,momentum,0.24459873212283142
2007 Q3,ΔULC,expectations,0.321951887709065
2007 Q3,ΔULC,import_prices,0
2007 Q3,ΔULC,residual,-0.7768803576408624
2007 Q4,ΔULC,lags,0.4681010315578433
2007 Q4,ΔULC,dummies,0
2007 Q4,ΔULC,gap,0.37373621305624916
2007 Q4,ΔULC,momentum,0.0739157557453103
2007 Q4,ΔULC,expectations,0.3226525238134268
2007 Q4,ΔULC,import_prices,0
2007 Q4,ΔULC,residual,-0.05536523116389347
2008 Q1,ΔULC,lags,0.5442280601063467
2008 Q1,ΔULC,dummies,0
2008 Q1,ΔULC,gap,0.490822930942557
2008 Q1,ΔULC,momentum,-0.11172718102814591
2008 Q1,ΔULC,expectations,0.3240681926544316
2008 Q1,ΔULC,import_prices,0
2008 Q1,ΔULC,residual,-0.30918331193766224
2008 Q2,ΔULC,lags,0.6012568590950738
2008 Q2,ΔULC,dummies,0
2008 Q2,ΔULC,gap,0.39833027714671665
2008 Q2,ΔULC,momentum,0.2916163093359051
2008 Q2,ΔULC,expectations,0.32738421695658193
2008 Q2,ΔULC,import_prices,0
2008 Q2,ΔULC,residual,0.6411757366247348
2008 Q3,ΔULC,lags,0.5983428164605417
2008 Q3,ΔULC,dummies,0
2008 Q3,ΔULC,gap,0.41283354831722796
2008 Q3,ΔULC,momentum,-0.19119658765721154
2008 Q3,ΔULC,expectations,0.32537828619203946
2008 Q3,ΔULC,import_prices,0
2008 Q3,ΔULC,residual,-1.2167242768367883
2008 Q4,ΔULC,lags,0.624134708743791
2008 Q4,ΔULC,dummies,0
2008 Q4,ΔULC,gap,0.29040491106343475
2008 Q4,ΔULC,momentum,0.07646744249081788
2008 Q4,ΔULC,expectations,0.3059572292444238
2008 Q4,ΔULC,import_prices,0
2008 Q4,ΔULC,residual,-0.5785048989896209
2009 Q1,ΔULC,lags,0.49957744331616216
2009 Q1,ΔULC,dummies,0
2009 Q1,ΔULC,gap,0.002406619192003363
2009 Q1,ΔULC,momentum,-0.2232923440620182
2009 Q1,ΔULC,expectations,0.29962750991803266
2009 Q1,ΔULC,import_prices,0
2009 Q1,ΔULC,residual,-1.9343459847259412
2009 Q2,ΔULC,lags,0.4139397624819814
2009 Q2,ΔULC,dummies,0
2009 Q2,ΔULC,gap,-0.10562070639191609
2009 Q2,ΔULC,momentum,-0.7002196798156777
2009 Q2,ΔULC,expectations,0.3013838990563641
2009 Q2,ΔULC,import_prices,0
2009 Q2,ΔULC,residual,-0.7986898618331046
2009 Q3,ΔULC,lags,0.4204192523331634
2009 Q3,ΔULC,dummies,0
2009 Q3,ΔULC,gap,-0.09749824273757265
2009 Q3,ΔULC,momentum,-0.34268090555164954
2009 Q3,ΔULC,expectations,0.31056895045190064
2009 Q3,ΔULC,import_prices,0
2009 Q3,ΔULC,residual,0.6626793235110239
2009 Q4,ΔULC,lags,0.3640785801005447
2009 Q4,ΔULC,dummies,0
2009 Q4,ΔULC,gap,-0.06918316691508503
2009 Q4,ΔULC,momentum,0.0380324605404366
2009 Q4,ΔULC,expectations,0.3164379775452868
2009 Q4,ΔULC,import_prices,0
2009 Q4,ΔULC,residual,0.17764401796751333
2010 Q1,ΔULC,lags,0.38961956374877793
2010 Q1,ΔULC,dummies,0
2010 Q1,ΔULC,gap,-0.01823356727547864
2010 Q1,ΔULC,momentum,0.10896462410413124
2010 Q1,ΔULC,expectations,0.32321399247240157
2010 Q1,ΔULC,import_prices,0
2010 Q1,ΔULC,residual,0.5663769580201612
2010 Q2,ΔULC,lags,0.4160898058291941
2010 Q2,ΔULC,dummies,0
2010 Q2,ΔULC,gap,-0.020074346585441938
2010 Q2,ΔULC,momentum,0.2000441454356748
2010 Q2,ΔULC,expectations,0.32733622818231056
2010 Q2,ΔULC,import_prices,0
2010 Q2,ΔULC,residual,1.155275759294801
2010 Q3,ΔULC,lags,0.31571049128935835
2010 Q3,ΔULC,dummies,0
2010 Q3,ΔULC,gap,0.013688351295465827
2010 Q3,ΔULC,momentum,0.03452763572162113
2010 Q3,ΔULC,expectations,0.32253735075517553
2010 Q3,ΔULC,import_prices,0
2010 Q3,ΔULC,residual,0.7765222873710805
2010 Q4,ΔULC,lags,0.25912240116419
2010 Q4,ΔULC,dummies,0
2010 Q4,ΔULC,gap,0.016545862116379977
2010 Q4,ΔULC,momentum,0.15093524427641514
2010 Q4,ΔULC,expectations,0.3264100448388735
2010 Q4,ΔULC,import_prices,0
2010 Q4,ΔULC,residual,0.5901057121636404
2011 Q1,ΔULC,lags,0.26355607818616267
2011 Q1,ΔULC,dummies,0
2011 Q1,ΔULC,gap,0.04376193842827423
2011 Q1,ΔULC,momentum,0.03216795851724266
2011 Q1,ΔULC,expectations,0.33339241149535503
2011 Q1,ΔULC,import_prices,0
2011 Q1,ΔULC,residual,1.4754027461079744
2011 Q2,ΔULC,lags,0.30918779603393676
2011 Q2,ΔULC,dummies,0
2011 Q2,ΔULC,gap,0.032996923687749216
2011 Q2,ΔULC,momentum,0.11445390923260296
2011 Q2,ΔULC,expectations,0.3282960036677376
2011 Q2,ΔULC,import_prices,0
2011 Q2,ΔULC,residual,-0.23191029168990107
2011 Q3,ΔULC,lags,0.4160898058291941
2011 Q3,ΔULC,dummies,0
2011 Q3,ΔULC,gap,-0.038218827259579646
2011 Q3,ΔULC,momentum,0.003926196386700411
2011 Q3,ΔULC,expectations,0.3272978371628935
2011 Q3,ΔULC,import_prices,0
2011 Q3,ΔULC,residual,-0.4073943040687028
2011 Q4,ΔULC,lags,0.31571049128935835
2011 Q4,ΔULC,dummies,0
2011 Q4,ΔULC,gap,-0.05031185339889023
2011 Q4,ΔULC,momentum,-0.20613608821832602
2011 Q4,ΔULC,expectations,0.33255740682303353
2011 Q4,ΔULC,import_prices,0
2011 Q4,ΔULC,residual,-0.4558088329472164
2012 Q1,ΔULC,lags,0.25912240116419
2012 Q1,ΔULC,dummies,0
2012 Q1,ΔULC,gap,-0.03719602011723999
2012 Q1,ΔULC,momentum,-0.009354231315349137
2012 Q1,ΔULC,expectations,0.32074736947485416
2012 Q1,ΔULC,import_prices,0
2012 Q1,ΔULC,residual,0.7399360695593995
2012 Q2,ΔULC,lags,0.26355607818616267
2012 Q2,ΔULC,dummies,0
2012 Q2,ΔULC,gap,-0.037881211963956975
2012 Q2,ΔULC,momentum,0.05775125423959403
2012 Q2,ΔULC,expectations,0.32030107387413054
2012 Q2,ΔULC,import_prices,0
2012 Q2,ΔULC,residual,-0.5505302320857252
2012 Q3,ΔULC,lags,0.2327561270014659
2012 Q3,ΔULC,dummies,0
2012 Q3,ΔULC,gap,-0.08263918838956241
2012 Q3,ΔULC,momentum,0.01940830404301875
2012 Q3,ΔULC,expectations,0.32251815524546695
2012 Q3,ΔULC,import_prices,0
2012 Q3,ΔULC,residual,-1.311637485446111
2012 Q4,ΔULC,lags,0.31035342129846516
2012 Q4,ΔULC,dummies,0
2012 Q4,ΔULC,gap,-0.10638829112677821
2012 Q4,ΔULC,momentum,-0.1351623196985548
2012 Q4,ΔULC,expectations,0.31450882881957853
2012 Q4,ΔULC,import_prices,0
2012 Q4,ΔULC,residual,0.5473544244322162
2013 Q1,ΔULC,lags,0.3155362456008841
2013 Q1,ΔULC,dummies,0
2013 Q1,ΔULC,gap,-0.13424326672377057
2013 Q1,ΔULC,momentum,-0.07668994639223956
2013 Q1,ΔULC,expectations,0.31316994201740783
2013 Q1,ΔULC,import_prices,0
2013 Q1,ΔULC,residual,-0.4492274508755688
2013 Q2,ΔULC,lags,0.2600561286432463
2013 Q2,ΔULC,dummies,0
2013 Q2,ΔULC,gap,-0.1704076146442648
2013 Q2,ΔULC,momentum,-0.0895457880081203
2013 Q2,ΔULC,expectations,0.3112839831885438
2013 Q2,ΔULC,import_prices,0
2013 Q2,ΔULC,residual,0.2535176082130655
2013 Q3,ΔULC,lags,0.2846912690094344
2013 Q3,ΔULC,dummies,0
2013 Q3,ΔULC,gap,-0.1990475727177317
2013 Q3,ΔULC,momentum,-0.1255041552334618
2013 Q3,ΔULC,expectations,0.306461111374273
2013 Q3,ΔULC,import_prices,0
2013 Q3,ΔULC,residual,-0.39709138983635456
2013 Q4,ΔULC,lags,0.33676538640286896
2013 Q4,ΔULC,dummies,0
2013 Q4,ΔULC,gap,-0.2238461939447481
2013 Q4,ΔULC,momentum,-0.07697739298708256
2013 Q4,ΔULC,expectations,0.3061299888318007
2013 Q4,ΔULC,import_prices,0
2013 Q4,ΔULC,residual,0.21804328372116202
2014 Q1,ΔULC,lags,0.38961956374877793
2014 Q1,ΔULC,dummies,0
2014 Q1,ΔULC,gap,-0.24195033618402445
2014 Q1,ΔULC,momentum,-0.08800479617425469
2014 Q1,ΔULC,expectations,0.30619237423835344
2014 Q1,ΔULC,import_prices,0
2014 Q1,ΔULC,residual,-0.42421020411258237
2014 Q2,ΔULC,lags,0.3427419889579478
2014 Q2,ΔULC,dummies,0
2014 Q2,ΔULC,gap,-0.25454933780927047
2014 Q2,ΔULC,momentum,-0.045521315751304414
2014 Q2,ΔULC,expectations,0.30625475964490617
2014 Q2,ΔULC,import_prices,0
2014 Q2,ΔULC,residual,-7.772339417986551e-4
2014 Q3,ΔULC,lags,0.31035342129846516
2014 Q3,ΔULC,dummies,0
2014 Q3,ΔULC,gap,-0.3102487635201275
2014 Q3,ΔULC,momentum,-0.021499117631721163
2014 Q3,ΔULC,expectations,0.30554932466311735
2014 Q3,ΔULC,import_prices,0
2014 Q3,ΔULC,residual,0.056646426623291335
2014 Q4,ΔULC,lags,0.2890334219226204
2014 Q4,ΔULC,dummies,0
2014 Q4,ΔULC,gap,-0.3329402963217119
2014 Q4,ΔULC,momentum,-0.18129124578748324
2014 Q4,ΔULC,expectations,0.30553492803083593
2014 Q4,ΔULC,import_prices,0
2014 Q4,ΔULC,residual,0.005261949413853523
2015 Q1,ΔULC,lags,0.25912240116419
2015 Q1,ΔULC,dummies,0
2015 Q1,ΔULC,gap,-0.32515688589262604
2015 Q1,ΔULC,momentum,-0.0608013781604147
2015 Q1,ΔULC,expectations,0.3045943480551174
2015 Q1,ΔULC,import_prices,0
2015 Q1,ΔULC,residual,-0.7645939169731625
2015 Q2,ΔULC,lags,0.3120673543718955
2015 Q2,ΔULC,dummies,0
2015 Q2,ΔULC,gap,-0.2990051682828093
2015 Q2,ΔULC,momentum,0.039618785308522
2015 Q2,ΔULC,expectations,0.30684982044587095
2015 Q2,ΔULC,import_prices,0
2015 Q2,ΔULC,residual,0.5276111850309559
2015 Q3,ΔULC,lags,0.3120673543718955
2015 Q3,ΔULC,dummies,0
2015 Q3,ΔULC,gap,-0.34089689780076693
2015 Q3,ΔULC,momentum,0.13917903058065656
2015 Q3,ΔULC,expectations,0.3048678840684642
2015 Q3,ΔULC,import_prices,0
2015 Q3,ΔULC,residual,-0.44791322163554814
2015 Q4,ΔULC,lags,0.23678286846701874
2015 Q4,ΔULC,dummies,0
2015 Q4,ΔULC,gap,-0.27630223228225453
2015 Q4,ΔULC,momentum,-0.13106436523434734
2015 Q4,ΔULC,expectations,0.3028187634070775
2015 Q4,ΔULC,import_prices,0
2015 Q4,ΔULC,residual,0.03282264744434263
2016 Q1,ΔULC,lags,0.23189084702545254
2016 Q1,ΔULC,dummies,0
2016 Q1,ΔULC,gap,-0.275621000144092
2016 Q1,ΔULC,momentum,0.27634750618912673
2016 Q1,ΔULC,expectations,0.2962538990867567
2016 Q1,ΔULC,import_prices,0
2016 Q1,ΔULC,residual,-0.4104581051526355
2016 Q2,ΔULC,lags,0.21153430050787703
2016 Q2,ΔULC,dummies,0
2016 Q2,ΔULC,gap,-0.257200681241021
2016 Q2,ΔULC,momentum,0.03222203127403414
2016 Q2,ΔULC,expectations,0.2964698485709778
2016 Q2,ΔULC,import_prices,0
2016 Q2,ΔULC,residual,-0.721184240658543
2016 Q3,ΔULC,lags,0.18113081382601356
2016 Q3,ΔULC,dummies,0
2016 Q3,ΔULC,gap,-0.24991517333497243
2016 Q3,ΔULC,momentum,0.08945484432182749
2016 Q3,ΔULC,expectations,0.2823755455674821
2016 Q3,ΔULC,import_prices,0
2016 Q3,ΔULC,residual,0.7350780666226833
2016 Q4,ΔULC,lags,0.2105521552252398
2016 Q4,ΔULC,dummies,0
2016 Q4,ΔULC,gap,-0.2740238826755612
2016 Q4,ΔULC,momentum,0.02055150972784142
2016 Q4,ΔULC,expectations,0.2826298860711202
2016 Q4,ΔULC,import_prices,0
2016 Q4,ΔULC,residual,-1.6604394479324287
2017 Q1,ΔULC,lags,0.18140935336878225
2017 Q1,ΔULC,dummies,0
2017 Q1,ΔULC,gap,-0.2850915730537865
2017 Q1,ΔULC,momentum,-0.059199444096586853
2017 Q1,ΔULC,expectations,0.2814205689594822
2017 Q1,ΔULC,import_prices,0
2017 Q1,ΔULC,residual,0.5734021765739922
2017 Q2,ΔULC,lags,0.2327561270014659
2017 Q2,ΔULC,dummies,0
2017 Q2,ΔULC,gap,-0.23991156533414112
2017 Q2,ΔULC,momentum,-0.0591679980404896
2017 Q2,ΔULC,expectations,0.28000969899590444
2017 Q2,ΔULC,import_prices,0
2017 Q2,ΔULC,residual,0.5063349721530475
2017 Q3,ΔULC,lags,0.2600561286432463
2017 Q3,ΔULC,dummies,0
2017 Q3,ΔULC,gap,-0.23442088800752953
2017 Q3,ΔULC,momentum,0.18026976278050927
2017 Q3,ΔULC,expectations,0.2832009524849493
2017 Q3,ΔULC,import_prices,0
2017 Q3,ΔULC,residual,-0.15974571276794702
2017 Q4,ΔULC,lags,0.2363913926090838
2017 Q4,ΔULC,dummies,0
2017 Q4,ΔULC,gap,-0.21885082942589185
2017 Q4,ΔULC,momentum,0.045115935023754584
2017 Q4,ΔULC,expectations,0.27995691134420597
2017 Q4,ΔULC,import_prices,0
2017 Q4,ΔULC,residual,0.8252022354747846
2018 Q1,ΔULC,lags,0.20804490291459704
2018 Q1,ΔULC,dummies,0
2018 Q1,ΔULC,gap,-0.23772324171394596
2018 Q1,ΔULC,momentum,0.03649241665020466
2018 Q1,ΔULC,expectations,0.2783684829158243
2018 Q1,ΔULC,import_prices,0
2018 Q1,ΔULC,residual,-0.18150752837937312
2018 Q2,ΔULC,lags,0.2327561270014659
2018 Q2,ΔULC,dummies,0
2018 Q2,ΔULC,gap,-0.21339024454088795
2018 Q2,ΔULC,momentum,-0.04241959987364269
2018 Q2,ΔULC,expectations,0.27488929678115137
2018 Q2,ΔULC,import_prices,0
2018 Q2,ΔULC,residual,0.02058143843796023
2018 Q3,ΔULC,lags,0.2363913926090838
2018 Q3,ΔULC,dummies,0
2018 Q3,ΔULC,gap,-0.1557426938320567
2018 Q3,ΔULC,momentum,0.09448392514543652
2018 Q3,ΔULC,expectations,0.27582027900201556
2018 Q3,ΔULC,import_prices,0
2018 Q3,ΔULC,residual,0.5059399486832694
2018 Q4,ΔULC,lags,0.20804490291459704
2018 Q4,ΔULC,dummies,0
2018 Q4,ΔULC,gap,-0.11733036962863644
2018 Q4,ΔULC,momentum,0.22471069901682417
2018 Q4,ΔULC,expectations,0.2778933940505379
2018 Q4,ΔULC,import_prices,0
2018 Q4,ΔULC,residual,0.4093409273004066
2019 Q1,ΔULC,lags,0.2327561270014659
2019 Q1,ΔULC,dummies,0
2019 Q1,ΔULC,gap,-0.1176735642290043
2019 Q1,ΔULC,momentum,0.13511343390819236
2019 Q1,ΔULC,expectations,0.27602663073138234
2019 Q1,ΔULC,import_prices,0
2019 Q1,ΔULC,residual,0.22330980331846512
2019 Q2,ΔULC,lags,0.2105521552252398
2019 Q2,ΔULC,dummies,0
2019 Q2,ΔULC,gap,-0.16630049543325887
2019 Q2,ΔULC,momentum,0.0057148723690937054
2019 Q2,ΔULC,expectations,0.27602663073138234
2019 Q2,ΔULC,import_prices,0
2019 Q2,ΔULC,residual,0.941138502937517
2019 Q3,ΔULC,lags,0.18140935336878225
2019 Q3,ΔULC,dummies,0
2019 Q3,ΔULC,gap,-0.1812261286440817
2019 Q3,ΔULC,momentum,-0.16016768691186897
2019 Q3,ΔULC,expectations,0.27602663073138234
2019 Q3,ΔULC,import_prices,0
2019 Q3,ΔULC,residual,0.28861683416901057
2019 Q4,ΔULC,lags,0.20804490291459704
2019 Q4,ΔULC,dummies,0
2019 Q4,ΔULC,gap,-0.1571188560504957
2019 Q4,ΔULC,momentum,-0.0380109148798208
2019 Q4,ΔULC,expectations,0.27602663073138234
2019 Q4,ΔULC,import_prices,0
2019 Q4,ΔULC,residual,0.2776336128776844
2020 Q1,ΔULC,lags,0.20804490291459704
2020 Q1,ΔULC,dummies,0
2020 Q1,ΔULC,gap,-0.1681066953180234
2020 Q1,ΔULC,momentum,0.08009044066104101
2020 Q1,ΔULC,expectations,0.27602663073138234
2020 Q1,ΔULC,import_prices,0
2020 Q1,ΔULC,residual,0.6342234883407863
2020 Q2,ΔULC,lags,0.2327561270014659
2020 Q2,ΔULC,dummies,5.289303879427907
2020 Q2,ΔULC,gap,-0.4953953000865764
2020 Q2,ΔULC,momentum,-0.003782004057746934
2020 Q2,ΔULC,expectations,0.27602663073138234
2020 Q2,ΔULC,import_prices,0
2020 Q2,ΔULC,residual,0.37989594859078357
2020 Q3,ΔULC,lags,0.10645830879924639
2020 Q3,ΔULC,dummies,-0.19036680294850927
2020 Q3,ΔULC,gap,-0.521941399275373
2020 Q3,ΔULC,momentum,-1.1261872820292065
2020 Q3,ΔULC,expectations,0.27602663073138234
2020 Q3,ΔULC,import_prices,0
2020 Q3,ΔULC,residual,0.007186924134197081
2020 Q4,ΔULC,lags,0.05015557360097139
2020 Q4,ΔULC,dummies,0
2020 Q4,ΔULC,gap,-0.48251889348235033
2020 Q4,ΔULC,momentum,-0.11566043876859969
2020 Q4,ΔULC,expectations,0.27602663073138234
2020 Q4,ΔULC,import_prices,0
2020 Q4,ΔULC,residual,-1.3058005010199683
2021 Q1,ΔULC,lags,0.20686327973954635
2021 Q1,ΔULC,dummies,0
2021 Q1,ΔULC,gap,-0.3442475334525947
2021 Q1,ΔULC,momentum,0.22926723419061806
2021 Q1,ΔULC,expectations,0.27602663073138234
2021 Q1,ΔULC,import_prices,0
2021 Q1,ΔULC,residual,-0.586563919821572
2021 Q2,ΔULC,lags,0.2105521552252398
2021 Q2,ΔULC,dummies,0
2021 Q2,ΔULC,gap,-0.18077355778006948
2021 Q2,ΔULC,momentum,0.7614096366743448
2021 Q2,ΔULC,expectations,0.27602663073138234
2021 Q2,ΔULC,import_prices,0
2021 Q2,ΔULC,residual,0.12220134037457475
2021 Q3,ΔULC,lags,0.18140935336878225
2021 Q3,ΔULC,dummies,0
2021 Q3,ΔULC,gap,-0.04206235195282948
2021 Q3,ΔULC,momentum,0.7174843155184776
2021 Q3,ΔULC,expectations,0.27602663073138234
2021 Q3,ΔULC,import_prices,0
2021 Q3,ΔULC,residual,1.1891990594482205
2021 Q4,ΔULC,lags,0.30918779603393676
2021 Q4,ΔULC,dummies,0
2021 Q4,ΔULC,gap,-0.04511860410671492
2021 Q4,ΔULC,momentum,0.5041251879199691
2021 Q4,ΔULC,expectations,0.27602663073138234
2021 Q4,ΔULC,import_prices,0
2021 Q4,ΔULC,residual,-1.9343472921421245
2022 Q1,ΔULC,lags,0.4655122540029318
2022 Q1,ΔULC,dummies,0
2022 Q1,ΔULC,gap,0.163688016322458
2022 Q1,ΔULC,momentum,-0.009361445409596127
2022 Q1,ΔULC,expectations,0.27602663073138234
2022 Q1,ΔULC,import_prices,0
2022 Q1,ΔULC,residual,0.1238150925452926
2022 Q2,ΔULC,lags,0.6478060029104751
2022 Q2,ΔULC,dummies,0
2022 Q2,ΔULC,gap,0.27623320506492055
2022 Q2,ΔULC,momentum,0.7834299159050362
2022 Q2,ΔULC,expectations,0.27602663073138234
2022 Q2,ΔULC,import_prices,0
2022 Q2,ΔULC,residual,-0.3017374400298508
2022 Q3,ΔULC,lags,0.7801683859297388
2022 Q3,ΔULC,dummies,0
2022 Q3,ΔULC,gap,0.39087551109488805
2022 Q3,ΔULC,momentum,0.3317066342177213
2022 Q3,ΔULC,expectations,0.27602663073138234
2022 Q3,ΔULC,import_prices,0
2022 Q3,ΔULC,residual,0.3725309299534886
2022 Q4,ΔULC,lags,0.8796333401264197
2022 Q4,ΔULC,dummies,0
2022 Q4,ΔULC,gap,0.4158076860233183
2022 Q4,ΔULC,momentum,0.33542259395088125
2022 Q4,ΔULC,expectations,0.27602663073138234
2022 Q4,ΔULC,import_prices,0
2022 Q4,ΔULC,residual,-0.973946856773308
2023 Q1,ΔULC,lags,0.941102037916125
2023 Q1,ΔULC,dummies,0
2023 Q1,ΔULC,gap,0.3643602038815372
2023 Q1,ΔULC,momentum,0.061004122251142955
2023 Q1,ΔULC,expectations,0.27602663073138234
2023 Q1,ΔULC,import_prices,0
2023 Q1,ΔULC,residual,-0.12491071990112357
2023 Q2,ΔULC,lags,0.7633178835010803
2023 Q2,ΔULC,dummies,0
2023 Q2,ΔULC,gap,0.376968310462208
2023 Q2,ΔULC,momentum,-0.14787865703258396
2023 Q2,ΔULC,expectations,0.27602663073138234
2023 Q2,ΔULC,import_prices,0
2023 Q2,ΔULC,residual,0.06718844065692475
2023 Q3,ΔULC,lags,0.5518963707812692
2023 Q3,ΔULC,dummies,0
2023 Q3,ΔULC,gap,0.36447051445838297
2023 Q3,ΔULC,momentum,0.009284280492440379
2023 Q3,ΔULC,expectations,0.27602663073138234
2023 Q3,ΔULC,import_prices,0
2023 Q3,ΔULC,residual,0.67434017670148
2023 Q4,ΔULC,lags,0.5442280601063467
2023 Q4,ΔULC,dummies,0
2023 Q4,ΔULC,gap,0.26099263291526076
2023 Q4,ΔULC,momentum,-0.08053535471740698
2023 Q4,ΔULC,expectations,0.27602663073138234
2023 Q4,ΔULC,import_prices,0
2023 Q4,ΔULC,residual,0.43702620187310937
2024 Q1,ΔULC,lags,0.5518963707812692
2024 Q1,ΔULC,dummies,0
2024 Q1,ΔULC,gap,0.26851800688432514
2024 Q1,ΔULC,momentum,-0.27328769386264457
2024 Q1,ΔULC,expectations,0.27602663073138234
2024 Q1,ΔULC,import_prices,0
2024 Q1,ΔULC,residual,-0.01884687032557064
2024 Q2,ΔULC,lags,0.4943240346652102
2024 Q2,ΔULC,dummies,0
2024 Q2,ΔULC,gap,0.20085453001520093
2024 Q2,ΔULC,momentum,0.005370954332101902
2024 Q2,ΔULC,expectations,0.27602663073138234
2024 Q2,ΔULC,import_prices,0
2024 Q2,ΔULC,residual,0.16617262552678158
2024 Q3,ΔULC,lags,0.4966919419029442
2024 Q3,ΔULC,dummies,0
2024 Q3,ΔULC,gap,0.1584758508389325
2024 Q3,ΔULC,momentum,-0.1646987327805594
2024 Q3,ΔULC,expectations,0.27602663073138234
2024 Q3,ΔULC,import_prices,0
2024 Q3,ΔULC,residual,0.4680387320699471
2024 Q4,ΔULC,lags,0.4443159349318126
2024 Q4,ΔULC,dummies,0
2024 Q4,ΔULC,gap,0.20101855937258245
2024 Q4,ΔULC,momentum,-0.11044885730693793
2024 Q4,ΔULC,expectations,0.27602663073138234
2024 Q4,ΔULC,import_prices,0
2024 Q4,ΔULC,residual,0.5904645816427013
