date_qtr,component,contrib,total,weight,pp_contrib,value
1997 Q4,lag1,NA,NA,NA,NA,NA
1997 Q4,lag1,NA,NA,NA,NA,NA
1998 Q1,lag1,NA,NA,NA,NA,NA
1998 Q1,lag1,NA,NA,NA,NA,NA
1998 Q2,lag1,NA,NA,NA,NA,NA
1998 Q2,lag1,NA,NA,NA,NA,NA
1998 Q3,lag1,0.06522802945013946,0.21751862863459975,0.29987330216076913,0.06522802945013946,0.06522802945013946
1998 Q3,lag1,0.06522802945013946,0.21751862863459975,0.29987330216076913,0.06522802945013946,0.06522802945013946
1998 Q4,lag1,0.03913681767008367,0.1767386704783681,0.22143890504638494,0.03913681767008367,0.03913681767008367
1998 Q4,lag1,0.03913681767008367,0.1767386704783681,0.22143890504638494,0.03913681767008367,0.03913681767008367
1999 Q1,lag1,0.052182423560111574,0.1481748876297496,0.3521677957367637,0.05218242356011157,0.05218242356011157
1999 Q1,lag1,0.052182423560111574,0.1481748876297496,0.3521677957367637,0.05218242356011157,0.05218242356011157
1999 Q2,lag1,0.06522802945013946,0.16676998168677828,0.39112572172999654,0.06522802945013946,0.06522802945013946
1999 Q2,lag1,0.06522802945013946,0.16676998168677828,0.39112572172999654,0.06522802945013946,0.06522802945013946
1999 Q3,lag1,0.052182423560111574,0.18094341018183993,0.28839084831920986,0.052182423560111574,0.052182423560111574
1999 Q3,lag1,0.052182423560111574,0.18094341018183993,0.28839084831920986,0.052182423560111574,0.052182423560111574
1999 Q4,lag1,0.10436484712022315,0.21695516993388864,0.48104337477657516,0.10436484712022315,0.10436484712022315
1999 Q4,lag1,0.10436484712022315,0.21695516993388864,0.48104337477657516,0.10436484712022315,0.10436484712022315
2000 Q1,lag1,0.07827363534016735,0.26205725223920096,0.298689063826101,0.07827363534016735,0.07827363534016735
2000 Q1,lag1,0.07827363534016735,0.26205725223920096,0.298689063826101,0.07827363534016735,0.07827363534016735
2000 Q2,lag1,0.09131924123019525,0.2677555797944349,0.34105448446790226,0.09131924123019525,0.09131924123019525
2000 Q2,lag1,0.09131924123019525,0.2677555797944349,0.34105448446790226,0.09131924123019525,0.09131924123019525
2000 Q3,lag1,0.06522802945013946,0.24926336489755704,0.26168317785867595,0.06522802945013946,0.06522802945013946
2000 Q3,lag1,0.06522802945013946,0.24926336489755704,0.26168317785867595,0.06522802945013946,0.06522802945013946
2000 Q4,lag1,0.07827363534016735,0.227793767828991,0.34361622833741795,0.07827363534016735,0.07827363534016735
2000 Q4,lag1,0.07827363534016735,0.227793767828991,0.34361622833741795,0.07827363534016735,0.07827363534016735
2001 Q1,lag1,0.07827363534016735,0.23480144714860357,0.3333609579102326,0.07827363534016735,0.07827363534016735
2001 Q1,lag1,0.07827363534016735,0.23480144714860357,0.3333609579102326,0.07827363534016735,0.07827363534016735
2001 Q2,lag1,0.13045605890027892,0.29392228065554415,0.44384542270602506,0.13045605890027892,0.13045605890027892
2001 Q2,lag1,0.13045605890027892,0.29392228065554415,0.44384542270602506,0.13045605890027892,0.13045605890027892
2001 Q3,lag1,0.10436484712022315,0.3431021080669486,0.3041801395748309,0.10436484712022313,0.10436484712022313
2001 Q3,lag1,0.10436484712022315,0.3431021080669486,0.3041801395748309,0.10436484712022313,0.10436484712022313
2001 Q4,lag1,0.09131924123019525,0.33009210188415916,0.27664776196990726,0.09131924123019523,0.09131924123019523
2001 Q4,lag1,0.09131924123019525,0.33009210188415916,0.27664776196990726,0.09131924123019523,0.09131924123019523
2002 Q1,lag1,0.11741045301025102,0.3137332243153971,0.3742365931005697,0.11741045301025102,0.11741045301025102
2002 Q1,lag1,0.11741045301025102,0.3137332243153971,0.3742365931005697,0.11741045301025102,0.11741045301025102
2002 Q2,lag1,0.09131924123019525,0.3188722100008555,0.28638193723419875,0.09131924123019525,0.09131924123019525
2002 Q2,lag1,0.09131924123019525,0.3188722100008555,0.28638193723419875,0.09131924123019525,0.09131924123019525
2002 Q3,lag1,0.07827363534016735,0.28753394096143053,0.27222398537871006,0.07827363534016735,0.07827363534016735
2002 Q3,lag1,0.07827363534016735,0.28753394096143053,0.27222398537871006,0.07827363534016735,0.07827363534016735
2002 Q4,lag1,0.09131924123019525,0.26033934915517987,0.3507700296806181,0.09131924123019525,0.09131924123019525
2002 Q4,lag1,0.09131924123019525,0.26033934915517987,0.3507700296806181,0.09131924123019525,0.09131924123019525
2003 Q1,lag1,0.09131924123019525,0.27435562822195736,0.33284989202523946,0.09131924123019525,0.09131924123019525
2003 Q1,lag1,0.09131924123019525,0.27435562822195736,0.33284989202523946,0.09131924123019525,0.09131924123019525
2003 Q2,lag1,0.10436484712022315,0.2929950194155919,0.3562000723711596,0.10436484712022315,0.10436484712022315
2003 Q2,lag1,0.10436484712022315,0.2929950194155919,0.3562000723711596,0.10436484712022315,0.10436484712022315
2003 Q3,lag1,0.06522802945013946,0.2775363910699019,0.23502514102271638,0.06522802945013946,0.06522802945013946
2003 Q3,lag1,0.06522802945013946,0.2775363910699019,0.23502514102271638,0.06522802945013946,0.06522802945013946
2003 Q4,lag1,0.09131924123019525,0.24848355201369002,0.3675061809530318,0.09131924123019525,0.09131924123019525
2003 Q4,lag1,0.09131924123019525,0.24848355201369002,0.3675061809530318,0.09131924123019525,0.09131924123019525
2004 Q1,lag1,0.09131924123019525,0.26794304653803647,0.34081586520003915,0.09131924123019525,0.09131924123019525
2004 Q1,lag1,0.09131924123019525,0.26794304653803647,0.34081586520003915,0.09131924123019525,0.09131924123019525
2004 Q2,lag1,0.09131924123019525,0.2830457285214033,0.32263069895891355,0.09131924123019525,0.09131924123019525
2004 Q2,lag1,0.09131924123019525,0.2830457285214033,0.32263069895891355,0.09131924123019525,0.09131924123019525
2004 Q3,lag1,0.07827363534016735,0.2707564373600907,0.289092426031843,0.07827363534016735,0.07827363534016735
2004 Q3,lag1,0.07827363534016735,0.2707564373600907,0.289092426031843,0.07827363534016735,0.07827363534016735
2004 Q4,lag1,0.07827363534016735,0.24925884525039566,0.3140255073457342,0.07827363534016735,0.07827363534016735
2004 Q4,lag1,0.07827363534016735,0.24925884525039566,0.3140255073457342,0.07827363534016735,0.07827363534016735
2005 Q1,lag1,0.10436484712022315,0.2647109718833882,0.39425961975689644,0.10436484712022315,0.10436484712022315
2005 Q1,lag1,0.10436484712022315,0.2647109718833882,0.39425961975689644,0.10436484712022315,0.10436484712022315
2005 Q2,lag1,0.07827363534016735,0.27888552542577394,0.2806658223680385,0.07827363534016735,0.07827363534016735
2005 Q2,lag1,0.07827363534016735,0.27888552542577394,0.2806658223680385,0.07827363534016735,0.07827363534016735
2005 Q3,lag1,0.07827363534016735,0.2576746620565948,0.30376923642952364,0.07827363534016735,0.07827363534016735
2005 Q3,lag1,0.07827363534016735,0.2576746620565948,0.30376923642952364,0.07827363534016735,0.07827363534016735
2005 Q4,lag1,0.07827363534016735,0.2426106244469171,0.32263069895891355,0.07827363534016735,0.07827363534016735
2005 Q4,lag1,0.07827363534016735,0.2426106244469171,0.32263069895891355,0.07827363534016735,0.07827363534016735
2006 Q1,lag1,0.09131924123019525,0.2529366731827745,0.36103598612687954,0.09131924123019525,0.09131924123019525
2006 Q1,lag1,0.09131924123019525,0.2529366731827745,0.36103598612687954,0.09131924123019525,0.09131924123019525
2006 Q2,lag1,0.10436484712022315,0.28562935807647294,0.36538557458887344,0.10436484712022315,0.10436484712022315
2006 Q2,lag1,0.10436484712022315,0.28562935807647294,0.36538557458887344,0.10436484712022315,0.10436484712022315
2006 Q3,lag1,0.10436484712022315,0.31415449588955624,0.3322086695742006,0.10436484712022315,0.10436484712022315
2006 Q3,lag1,0.10436484712022315,0.31415449588955624,0.3322086695742006,0.10436484712022315,0.10436484712022315
2006 Q4,lag1,0.09131924123019525,0.31179384208702365,0.2928834021189792,0.09131924123019525,0.09131924123019525
2006 Q4,lag1,0.09131924123019525,0.31179384208702365,0.2928834021189792,0.09131924123019525,0.09131924123019525
2007 Q1,lag1,0.07827363534016735,0.28014504384803895,0.2794039625510058,0.07827363534016736,0.07827363534016736
2007 Q1,lag1,0.07827363534016735,0.28014504384803895,0.2794039625510058,0.07827363534016736,0.07827363534016736
2007 Q2,lag1,0.07827363534016735,0.24925884525039566,0.3140255073457342,0.07827363534016735,0.07827363534016735
2007 Q2,lag1,0.07827363534016735,0.24925884525039566,0.3140255073457342,0.07827363534016735,0.07827363534016735
2007 Q3,lag1,0.11741045301025102,0.2806111896933451,0.41840973319188884,0.11741045301025102,0.11741045301025102
2007 Q3,lag1,0.11741045301025102,0.2806111896933451,0.41840973319188884,0.11741045301025102,0.11741045301025102
2007 Q4,lag1,0.11741045301025102,0.33926842465251833,0.3460694968313182,0.11741045301025102,0.11741045301025102
2007 Q4,lag1,0.11741045301025102,0.33926842465251833,0.3460694968313182,0.11741045301025102,0.11741045301025102
2008 Q1,lag1,0.1565472706803347,0.3970664578250823,0.3942596197568964,0.1565472706803347,0.1565472706803347
2008 Q1,lag1,0.1565472706803347,0.3970664578250823,0.3942596197568964,0.1565472706803347,0.1565472706803347
2008 Q2,lag1,0.14350166479030682,0.4446290870186571,0.3227446628661191,0.14350166479030682,0.14350166479030682
2008 Q2,lag1,0.14350166479030682,0.4446290870186571,0.3227446628661191,0.14350166479030682,0.14350166479030682
2008 Q3,lag1,0.1565472706803347,0.46029282022957396,0.34010365532587655,0.1565472706803347,0.1565472706803347
2008 Q3,lag1,0.1565472706803347,0.46029282022957396,0.34010365532587655,0.1565472706803347,0.1565472706803347
2008 Q4,lag1,0.1565472706803347,0.47879626923906504,0.3269600887432353,0.1565472706803347,0.1565472706803347
2008 Q4,lag1,0.1565472706803347,0.47879626923906504,0.3269600887432353,0.1565472706803347,0.1565472706803347
2009 Q1,lag1,0.09131924123019525,0.42244347221372514,0.21616913797165854,0.09131924123019525,0.09131924123019525
2009 Q1,lag1,0.09131924123019525,0.42244347221372514,0.21616913797165854,0.09131924123019525,0.09131924123019525
2009 Q2,lag1,0.11741045301025102,0.34298594150380224,0.34231855829271485,0.117410453010251,0.117410453010251
2009 Q2,lag1,0.11741045301025102,0.34298594150380224,0.34231855829271485,0.117410453010251,0.117410453010251
2009 Q3,lag1,0.09131924123019525,0.3188722100008555,0.28638193723419875,0.09131924123019525,0.09131924123019525
2009 Q3,lag1,0.09131924123019525,0.3188722100008555,0.28638193723419875,0.09131924123019525,0.09131924123019525
2009 Q4,lag1,0.09131924123019525,0.29737647115099797,0.3070829406131003,0.09131924123019525,0.09131924123019525
2009 Q4,lag1,0.09131924123019525,0.29737647115099797,0.3070829406131003,0.09131924123019525,0.09131924123019525
2010 Q1,lag1,0.10436484712022315,0.2929950194155919,0.3562000723711596,0.10436484712022315,0.10436484712022315
2010 Q1,lag1,0.10436484712022315,0.2929950194155919,0.3562000723711596,0.10436484712022315,0.10436484712022315
2010 Q2,lag1,0.10436484712022315,0.31415449588955624,0.3322086695742006,0.10436484712022315,0.10436484712022315
2010 Q2,lag1,0.10436484712022315,0.31415449588955624,0.3322086695742006,0.10436484712022315,0.10436484712022315
2010 Q3,lag1,0.052182423560111574,0.2736025401504599,0.1907234616002298,0.052182423560111574,0.052182423560111574
2010 Q3,lag1,0.052182423560111574,0.2736025401504599,0.1907234616002298,0.052182423560111574,0.052182423560111574
2010 Q4,lag1,0.07827363534016735,0.21404338312360102,0.3656905165574197,0.07827363534016735,0.07827363534016735
2010 Q4,lag1,0.07827363534016735,0.21404338312360102,0.3656905165574197,0.07827363534016735,0.07827363534016735
2011 Q1,lag1,0.052182423560111574,0.19994831880365527,0.2609795564790596,0.05218242356011157,0.05218242356011157
2011 Q1,lag1,0.052182423560111574,0.19994831880365527,0.2609795564790596,0.05218242356011157,0.05218242356011157
2011 Q2,lag1,0.10436484712022315,0.22499559744214603,0.4638528411519646,0.10436484712022315,0.10436484712022315
2011 Q2,lag1,0.10436484712022315,0.22499559744214603,0.4638528411519646,0.10436484712022315,0.10436484712022315
2011 Q3,lag1,0.10436484712022315,0.29634934963393045,0.3521683015304108,0.10436484712022315,0.10436484712022315
2011 Q3,lag1,0.10436484712022315,0.29634934963393045,0.3521683015304108,0.10436484712022315,0.10436484712022315
2011 Q4,lag1,0.052182423560111574,0.2736025401504599,0.1907234616002298,0.052182423560111574,0.052182423560111574
2011 Q4,lag1,0.052182423560111574,0.2736025401504599,0.1907234616002298,0.052182423560111574,0.052182423560111574
2012 Q1,lag1,0.07827363534016735,0.21404338312360102,0.3656905165574197,0.07827363534016735,0.07827363534016735
2012 Q1,lag1,0.07827363534016735,0.21404338312360102,0.3656905165574197,0.07827363534016735,0.07827363534016735
2012 Q2,lag1,0.052182423560111574,0.19994831880365527,0.2609795564790596,0.05218242356011157,0.05218242356011157
2012 Q2,lag1,0.052182423560111574,0.19994831880365527,0.2609795564790596,0.05218242356011157,0.05218242356011157
2012 Q3,lag1,0.06522802945013946,0.18757034934090738,0.3477523482754096,0.06522802945013946,0.06522802945013946
2012 Q3,lag1,0.06522802945013946,0.18757034934090738,0.3477523482754096,0.06522802945013946,0.06522802945013946
2012 Q4,lag1,0.09131924123019525,0.2184939504880377,0.4179486023581915,0.09131924123019525,0.09131924123019525
2012 Q4,lag1,0.09131924123019525,0.2184939504880377,0.4179486023581915,0.09131924123019525,0.09131924123019525
2013 Q1,lag1,0.06522802945013946,0.23967789355825592,0.27214870959421705,0.06522802945013946,0.06522802945013946
2013 Q1,lag1,0.06522802945013946,0.23967789355825592,0.27214870959421705,0.06522802945013946,0.06522802945013946
2013 Q2,lag1,0.06522802945013946,0.21751862863459975,0.29987330216076913,0.06522802945013946,0.06522802945013946
2013 Q2,lag1,0.06522802945013946,0.21751862863459975,0.29987330216076913,0.06522802945013946,0.06522802945013946
2013 Q3,lag1,0.07827363534016735,0.21308961726082132,0.3673273073852329,0.07827363534016735,0.07827363534016735
2013 Q3,lag1,0.07827363534016735,0.21308961726082132,0.3673273073852329,0.07827363534016735,0.07827363534016735
2013 Q4,lag1,0.09131924123019525,0.24581922385894628,0.3714894213586616,0.09131924123019525,0.09131924123019525
2013 Q4,lag1,0.09131924123019525,0.24581922385894628,0.3714894213586616,0.09131924123019525,0.09131924123019525
2014 Q1,lag1,0.10436484712022315,0.28562935807647294,0.36538557458887344,0.10436484712022315,0.10436484712022315
2014 Q1,lag1,0.10436484712022315,0.28562935807647294,0.36538557458887344,0.10436484712022315,0.10436484712022315
2014 Q2,lag1,0.06522802945013946,0.2775363910699019,0.23502514102271638,0.06522802945013946,0.06522802945013946
2014 Q2,lag1,0.06522802945013946,0.2775363910699019,0.23502514102271638,0.06522802945013946,0.06522802945013946
2014 Q3,lag1,0.09131924123019525,0.24848355201369002,0.3675061809530318,0.09131924123019525,0.09131924123019525
2014 Q3,lag1,0.09131924123019525,0.24848355201369002,0.3675061809530318,0.09131924123019525,0.09131924123019525
2014 Q4,lag1,0.052182423560111574,0.22856512401624052,0.2283044002653869,0.052182423560111574,0.052182423560111574
2014 Q4,lag1,0.052182423560111574,0.22856512401624052,0.2283044002653869,0.052182423560111574,0.052182423560111574
2015 Q1,lag1,0.07827363534016735,0.2073648914981283,0.3774681180342134,0.07827363534016735,0.07827363534016735
2015 Q1,lag1,0.07827363534016735,0.2073648914981283,0.3774681180342134,0.07827363534016735,0.07827363534016735
2015 Q2,lag1,0.07827363534016735,0.22617894976834552,0.34606949683131827,0.07827363534016735,0.07827363534016735
2015 Q2,lag1,0.07827363534016735,0.22617894976834552,0.34606949683131827,0.07827363534016735,0.07827363534016735
2015 Q3,lag1,0.07827363534016735,0.2426106244469171,0.32263069895891355,0.07827363534016735,0.07827363534016735
2015 Q3,lag1,0.07827363534016735,0.2426106244469171,0.32263069895891355,0.07827363534016735,0.07827363534016735
2015 Q4,lag1,0.03913681767008367,0.20520190511284492,0.1907234616002298,0.03913681767008367,0.03913681767008367
2015 Q4,lag1,0.03913681767008367,0.20520190511284492,0.1907234616002298,0.03913681767008367,0.03913681767008367
2016 Q1,lag1,0.07827363534016735,0.17847053553858772,0.43858015612467044,0.07827363534016735,0.07827363534016735
2016 Q1,lag1,0.07827363534016735,0.17847053553858772,0.43858015612467044,0.07827363534016735,0.07827363534016735
2016 Q2,lag1,0.026091211780055787,0.1682734403666427,0.1550524653397882,0.026091211780055787,0.026091211780055787
2016 Q2,lag1,0.026091211780055787,0.1682734403666427,0.1550524653397882,0.026091211780055787,0.026091211780055787
2016 Q3,lag1,0.06522802945013946,0.14587751177973501,0.44714245982361756,0.06522802945013946,0.06522802945013946
2016 Q3,lag1,0.06522802945013946,0.14587751177973501,0.44714245982361756,0.06522802945013946,0.06522802945013946
2016 Q4,lag1,0.03913681767008367,0.14989419065485032,0.26109629398647594,0.03913681767008367,0.03913681767008367
2016 Q4,lag1,0.03913681767008367,0.14989419065485032,0.26109629398647594,0.03913681767008367,0.03913681767008367
2017 Q1,lag1,0.052182423560111574,0.1481748876297496,0.3521677957367637,0.05218242356011157,0.05218242356011157
2017 Q1,lag1,0.052182423560111574,0.1481748876297496,0.3521677957367637,0.05218242356011157,0.05218242356011157
2017 Q2,lag1,0.06522802945013946,0.16676998168677828,0.39112572172999654,0.06522802945013946,0.06522802945013946
2017 Q2,lag1,0.06522802945013946,0.16676998168677828,0.39112572172999654,0.06522802945013946,0.06522802945013946
2017 Q3,lag1,0.06522802945013946,0.19389523105512432,0.33640863210088523,0.06522802945013946,0.06522802945013946
2017 Q3,lag1,0.06522802945013946,0.19389523105512432,0.33640863210088523,0.06522802945013946,0.06522802945013946
2017 Q4,lag1,0.052182423560111574,0.18975608386211607,0.27499736766294824,0.052182423560111574,0.052182423560111574
2017 Q4,lag1,0.052182423560111574,0.18975608386211607,0.27499736766294824,0.052182423560111574,0.052182423560111574
2018 Q1,lag1,0.052182423560111574,0.16923431358056684,0.30834422674730944,0.052182423560111574,0.052182423560111574
2018 Q1,lag1,0.052182423560111574,0.16923431358056684,0.30834422674730944,0.052182423560111574,0.052182423560111574
2018 Q2,lag1,0.06522802945013946,0.1717689078313665,0.37974293644678025,0.06522802945013946,0.06522802945013946
2018 Q2,lag1,0.06522802945013946,0.1717689078313665,0.37974293644678025,0.06522802945013946,0.06522802945013946
2018 Q3,lag1,0.052182423560111574,0.18094341018183993,0.28839084831920986,0.052182423560111574,0.052182423560111574
2018 Q3,lag1,0.052182423560111574,0.18094341018183993,0.28839084831920986,0.052182423560111574,0.052182423560111574
2018 Q4,lag1,0.052182423560111574,0.16923431358056684,0.30834422674730944,0.052182423560111574,0.052182423560111574
2018 Q4,lag1,0.052182423560111574,0.16923431358056684,0.30834422674730944,0.052182423560111574,0.052182423560111574
2019 Q1,lag1,0.06522802945013946,0.1717689078313665,0.37974293644678025,0.06522802945013946,0.06522802945013946
2019 Q1,lag1,0.06522802945013946,0.1717689078313665,0.37974293644678025,0.06522802945013946,0.06522802945013946
2019 Q2,lag1,0.03913681767008367,0.168555661364988,0.23218928010574127,0.03913681767008367,0.03913681767008367
2019 Q2,lag1,0.03913681767008367,0.168555661364988,0.23218928010574127,0.03913681767008367,0.03913681767008367
2019 Q3,lag1,0.052182423560111574,0.1481748876297496,0.3521677957367637,0.05218242356011157,0.05218242356011157
2019 Q3,lag1,0.052182423560111574,0.1481748876297496,0.3521677957367637,0.05218242356011157,0.05218242356011157
2019 Q4,lag1,0.052182423560111574,0.15372547279909787,0.33945202841111577,0.052182423560111574,0.052182423560111574
2019 Q4,lag1,0.052182423560111574,0.15372547279909787,0.33945202841111577,0.052182423560111574,0.052182423560111574
2020 Q1,lag1,0.052182423560111574,0.16174041629794475,0.3226306989589136,0.052182423560111574,0.052182423560111574
2020 Q1,lag1,0.052182423560111574,0.16174041629794475,0.3226306989589136,0.052182423560111574,0.052182423560111574
2020 Q2,lag1,0.06522802945013946,0.1717689078313665,0.37974293644678025,0.06522802945013946,0.06522802945013946
2020 Q2,lag1,0.06522802945013946,0.1717689078313665,0.37974293644678025,0.06522802945013946,0.06522802945013946
2020 Q3,lag1,-0.013045605890027893,0.12032208960010984,-0.1084223681070112,-0.013045605890027893,-0.013045605890027893
2020 Q3,lag1,-0.013045605890027893,0.12032208960010984,-0.1084223681070112,-0.013045605890027893,-0.013045605890027893
2020 Q4,lag1,0.03913681767008367,0.052948606418971145,0.7391472659431733,0.03913681767008367,0.03913681767008367
2020 Q4,lag1,0.03913681767008367,0.052948606418971145,0.7391472659431733,0.03913681767008367,0.03913681767008367
2021 Q1,lag1,0.06522802945013946,0.12024830590441378,0.5424444773632793,0.06522802945013946,0.06522802945013946
2021 Q1,lag1,0.06522802945013946,0.12024830590441378,0.5424444773632793,0.06522802945013946,0.06522802945013946
2021 Q2,lag1,0.03913681767008367,0.15911538385973445,0.24596501432309079,0.03913681767008367,0.03913681767008367
2021 Q2,lag1,0.03913681767008367,0.15911538385973445,0.24596501432309079,0.03913681767008367,0.03913681767008367
2021 Q3,lag1,0.052182423560111574,0.1481748876297496,0.3521677957367637,0.05218242356011157,0.05218242356011157
2021 Q3,lag1,0.052182423560111574,0.1481748876297496,0.3521677957367637,0.05218242356011157,0.05218242356011157
2021 Q4,lag1,0.10436484712022315,0.2061272200028184,0.5063127864374057,0.10436484712022315,0.10436484712022315
2021 Q4,lag1,0.10436484712022315,0.2061272200028184,0.5063127864374057,0.10436484712022315,0.10436484712022315
2022 Q1,lag1,0.13045605890027892,0.31816163420986765,0.41003076698501845,0.13045605890027892,0.13045605890027892
2022 Q1,lag1,0.13045605890027892,0.31816163420986765,0.41003076698501845,0.13045605890027892,0.13045605890027892
2022 Q2,lag1,0.1956840883504184,0.45680763745903474,0.4283730662624195,0.1956840883504184,0.1956840883504184
2022 Q2,lag1,0.1956840883504184,0.45680763745903474,0.4283730662624195,0.1956840883504184,0.1956840883504184
2022 Q3,lag1,0.1956840883504184,0.5654473744208638,0.3460694968313183,0.1956840883504184,0.1956840883504184
2022 Q3,lag1,0.1956840883504184,0.5654473744208638,0.3460694968313183,0.1956840883504184,0.1956840883504184
2022 Q4,lag1,0.24786651191052994,0.6487817923815333,0.38204911854980894,0.24786651191052997,0.24786651191052997
2022 Q4,lag1,0.24786651191052994,0.6487817923815333,0.38204911854980894,0.24786651191052997,0.24786651191052997
2023 Q1,lag1,0.22177530013047417,0.7009583786819059,0.31638868565563655,0.22177530013047417,0.22177530013047417
2023 Q1,lag1,0.22177530013047417,0.7009583786819059,0.31638868565563655,0.22177530013047417,0.22177530013047417
2023 Q2,lag1,0.1565472706803347,0.6405082732801346,0.24441100483938122,0.1565472706803347,0.1565472706803347
2023 Q2,lag1,0.1565472706803347,0.6405082732801346,0.24441100483938122,0.1565472706803347,0.1565472706803347
2023 Q3,lag1,0.11741045301025102,0.48209131729672305,0.24354401084968286,0.11741045301025102,0.11741045301025102
2023 Q3,lag1,0.11741045301025102,0.48209131729672305,0.24354401084968286,0.11741045301025102,0.11741045301025102
2023 Q4,lag1,0.1565472706803347,0.42057335438504995,0.37222346363153114,0.1565472706803347,0.1565472706803347
2023 Q4,lag1,0.1565472706803347,0.42057335438504995,0.37222346363153114,0.1565472706803347,0.1565472706803347
2024 Q1,lag1,0.11741045301025102,0.41832828813866096,0.28066582236803844,0.11741045301025102,0.11741045301025102
2024 Q1,lag1,0.11741045301025102,0.41832828813866096,0.28066582236803844,0.11741045301025102,0.11741045301025102
2024 Q2,lag1,0.13045605890027892,0.39539180109824745,0.3299412343349604,0.13045605890027892,0.13045605890027892
2024 Q2,lag1,0.13045605890027892,0.39539180109824745,0.3299412343349604,0.13045605890027892,0.13045605890027892
2024 Q3,lag1,0.11741045301025102,0.3833302029603891,0.3062906395152575,0.11741045301025102,0.11741045301025102
2024 Q3,lag1,0.11741045301025102,0.3833302029603891,0.3062906395152575,0.11741045301025102,0.11741045301025102
2024 Q4,lag1,0.10436484712022315,0.3584223781003864,0.2911783791886811,0.10436484712022315,0.10436484712022315
2024 Q4,lag1,0.10436484712022315,0.3584223781003864,0.2911783791886811,0.10436484712022315,0.10436484712022315
1997 Q4,lag2,NA,NA,NA,NA,NA
1997 Q4,lag2,NA,NA,NA,NA,NA
1998 Q1,lag2,NA,NA,NA,NA,NA
1998 Q1,lag2,NA,NA,NA,NA,NA
1998 Q2,lag2,NA,NA,NA,NA,NA
1998 Q2,lag2,NA,NA,NA,NA,NA
1998 Q3,lag2,0.10584308428826789,0.21751862863459975,0.48659319412163615,0.10584308428826789,0.10584308428826789
1998 Q3,lag2,0.10584308428826789,0.21751862863459975,0.48659319412163615,0.10584308428826789,0.10584308428826789
1998 Q4,lag2,0.10584308428826789,0.1767386704783681,0.5988677180935483,0.10584308428826789,0.10584308428826789
1998 Q4,lag2,0.10584308428826789,0.1767386704783681,0.5988677180935483,0.10584308428826789,0.10584308428826789
1999 Q1,lag2,0.06350585057296074,0.1481748876297496,0.42858713503225526,0.06350585057296074,0.06350585057296074
1999 Q1,lag2,0.06350585057296074,0.1481748876297496,0.42858713503225526,0.06350585057296074,0.06350585057296074
1999 Q2,lag2,0.08467446743061433,0.16676998168677828,0.5077320664917205,0.08467446743061433,0.08467446743061433
1999 Q2,lag2,0.08467446743061433,0.16676998168677828,0.5077320664917205,0.08467446743061433,0.08467446743061433
1999 Q3,lag2,0.10584308428826789,0.18094341018183993,0.5849513070517482,0.10584308428826789,0.10584308428826789
1999 Q3,lag2,0.10584308428826789,0.18094341018183993,0.5849513070517482,0.10584308428826789,0.10584308428826789
1999 Q4,lag2,0.08467446743061433,0.21695516993388864,0.39028554819143807,0.08467446743061433,0.08467446743061433
1999 Q4,lag2,0.08467446743061433,0.21695516993388864,0.39028554819143807,0.08467446743061433,0.08467446743061433
2000 Q1,lag2,0.16934893486122865,0.26205725223920096,0.646228766478289,0.16934893486122868,0.16934893486122868
2000 Q1,lag2,0.16934893486122865,0.26205725223920096,0.646228766478289,0.16934893486122868,0.16934893486122868
2000 Q2,lag2,0.12701170114592147,0.2677555797944349,0.47435687892455014,0.12701170114592147,0.12701170114592147
2000 Q2,lag2,0.12701170114592147,0.2677555797944349,0.47435687892455014,0.12701170114592147,0.12701170114592147
2000 Q3,lag2,0.14818031800357503,0.24926336489755704,0.5944729104675073,0.14818031800357503,0.14818031800357503
2000 Q3,lag2,0.14818031800357503,0.24926336489755704,0.5944729104675073,0.14818031800357503,0.14818031800357503
2000 Q4,lag2,0.10584308428826789,0.227793767828991,0.46464433727496113,0.10584308428826789,0.10584308428826789
2000 Q4,lag2,0.10584308428826789,0.227793767828991,0.46464433727496113,0.10584308428826789,0.10584308428826789
2001 Q1,lag2,0.12701170114592147,0.23480144714860357,0.5409323608876099,0.12701170114592147,0.12701170114592147
2001 Q1,lag2,0.12701170114592147,0.23480144714860357,0.5409323608876099,0.12701170114592147,0.12701170114592147
2001 Q2,lag2,0.12701170114592147,0.29392228065554415,0.4321268223104532,0.12701170114592147,0.12701170114592147
2001 Q2,lag2,0.12701170114592147,0.29392228065554415,0.4321268223104532,0.12701170114592147,0.12701170114592147
2001 Q3,lag2,0.21168616857653577,0.3431021080669486,0.6169771726824541,0.21168616857653577,0.21168616857653577
2001 Q3,lag2,0.21168616857653577,0.3431021080669486,0.6169771726824541,0.21168616857653577,0.21168616857653577
2001 Q4,lag2,0.16934893486122865,0.33009210188415916,0.5130354040420485,0.16934893486122862,0.16934893486122862
2001 Q4,lag2,0.16934893486122865,0.33009210188415916,0.5130354040420485,0.16934893486122862,0.16934893486122862
2002 Q1,lag2,0.14818031800357503,0.3137332243153971,0.47231311993468966,0.14818031800357503,0.14818031800357503
2002 Q1,lag2,0.14818031800357503,0.3137332243153971,0.47231311993468966,0.14818031800357503,0.14818031800357503
2002 Q2,lag2,0.1905175517188822,0.3188722100008555,0.5974730495278063,0.1905175517188822,0.1905175517188822
2002 Q2,lag2,0.1905175517188822,0.3188722100008555,0.5974730495278063,0.1905175517188822,0.1905175517188822
2002 Q3,lag2,0.14818031800357503,0.28753394096143053,0.5153489619629001,0.14818031800357503,0.14818031800357503
2002 Q3,lag2,0.14818031800357503,0.28753394096143053,0.5153489619629001,0.14818031800357503,0.14818031800357503
2002 Q4,lag2,0.12701170114592147,0.26033934915517987,0.48786978056941327,0.12701170114592147,0.12701170114592147
2002 Q4,lag2,0.12701170114592147,0.26033934915517987,0.48786978056941327,0.12701170114592147,0.12701170114592147
2003 Q1,lag2,0.14818031800357503,0.27435562822195736,0.5401030733865433,0.14818031800357503,0.14818031800357503
2003 Q1,lag2,0.14818031800357503,0.27435562822195736,0.5401030733865433,0.14818031800357503,0.14818031800357503
2003 Q2,lag2,0.14818031800357503,0.2929950194155919,0.5057434706539914,0.14818031800357503,0.14818031800357503
2003 Q2,lag2,0.14818031800357503,0.2929950194155919,0.5057434706539914,0.14818031800357503,0.14818031800357503
2003 Q3,lag2,0.16934893486122865,0.2775363910699019,0.6101864127020931,0.16934893486122865,0.16934893486122865
2003 Q3,lag2,0.16934893486122865,0.2775363910699019,0.6101864127020931,0.16934893486122865,0.16934893486122865
2003 Q4,lag2,0.10584308428826789,0.24848355201369002,0.4259560982226966,0.10584308428826789,0.10584308428826789
2003 Q4,lag2,0.10584308428826789,0.24848355201369002,0.4259560982226966,0.10584308428826789,0.10584308428826789
2004 Q1,lag2,0.14818031800357503,0.26794304653803647,0.5530291601821425,0.14818031800357503,0.14818031800357503
2004 Q1,lag2,0.14818031800357503,0.26794304653803647,0.5530291601821425,0.14818031800357503,0.14818031800357503
2004 Q2,lag2,0.14818031800357503,0.2830457285214033,0.5235207709286097,0.14818031800357503,0.14818031800357503
2004 Q2,lag2,0.14818031800357503,0.2830457285214033,0.5235207709286097,0.14818031800357503,0.14818031800357503
2004 Q3,lag2,0.14818031800357503,0.2707564373600907,0.5472827144881642,0.14818031800357503,0.14818031800357503
2004 Q3,lag2,0.14818031800357503,0.2707564373600907,0.5472827144881642,0.14818031800357503,0.14818031800357503
2004 Q4,lag2,0.12701170114592147,0.24925884525039566,0.5095574482756289,0.12701170114592147,0.12701170114592147
2004 Q4,lag2,0.12701170114592147,0.24925884525039566,0.5095574482756289,0.12701170114592147,0.12701170114592147
2005 Q1,lag2,0.12701170114592147,0.2647109718833882,0.47981275669175244,0.12701170114592147,0.12701170114592147
2005 Q1,lag2,0.12701170114592147,0.2647109718833882,0.47981275669175244,0.12701170114592147,0.12701170114592147
2005 Q2,lag2,0.16934893486122865,0.27888552542577394,0.6072345798609806,0.16934893486122868,0.16934893486122868
2005 Q2,lag2,0.16934893486122865,0.27888552542577394,0.6072345798609806,0.16934893486122868,0.16934893486122868
2005 Q3,lag2,0.12701170114592147,0.2576746620565948,0.4929149809771558,0.12701170114592147,0.12701170114592147
2005 Q3,lag2,0.12701170114592147,0.2576746620565948,0.4929149809771558,0.12701170114592147,0.12701170114592147
2005 Q4,lag2,0.12701170114592147,0.2426106244469171,0.5235207709286098,0.12701170114592147,0.12701170114592147
2005 Q4,lag2,0.12701170114592147,0.2426106244469171,0.5235207709286098,0.12701170114592147,0.12701170114592147
2006 Q1,lag2,0.12701170114592147,0.2529366731827745,0.5021482236944801,0.12701170114592147,0.12701170114592147
2006 Q1,lag2,0.12701170114592147,0.2529366731827745,0.5021482236944801,0.12701170114592147,0.12701170114592147
2006 Q2,lag2,0.14818031800357503,0.28562935807647294,0.5187853202537465,0.14818031800357503,0.14818031800357503
2006 Q2,lag2,0.14818031800357503,0.28562935807647294,0.5187853202537465,0.14818031800357503,0.14818031800357503
2006 Q3,lag2,0.16934893486122865,0.31415449588955624,0.5390625856927566,0.16934893486122865,0.16934893486122865
2006 Q3,lag2,0.16934893486122865,0.31415449588955624,0.5390625856927566,0.16934893486122865,0.16934893486122865
2006 Q4,lag2,0.16934893486122865,0.31179384208702365,0.543143936800273,0.16934893486122865,0.16934893486122865
2006 Q4,lag2,0.16934893486122865,0.31179384208702365,0.543143936800273,0.16934893486122865,0.16934893486122865
2007 Q1,lag2,0.14818031800357503,0.28014504384803895,0.5289414225152366,0.14818031800357503,0.14818031800357503
2007 Q1,lag2,0.14818031800357503,0.28014504384803895,0.5289414225152366,0.14818031800357503,0.14818031800357503
2007 Q2,lag2,0.12701170114592147,0.24925884525039566,0.5095574482756289,0.12701170114592147,0.12701170114592147
2007 Q2,lag2,0.12701170114592147,0.24925884525039566,0.5095574482756289,0.12701170114592147,0.12701170114592147
2007 Q3,lag2,0.12701170114592147,0.2806111896933451,0.45262521884719287,0.12701170114592147,0.12701170114592147
2007 Q3,lag2,0.12701170114592147,0.2806111896933451,0.45262521884719287,0.12701170114592147,0.12701170114592147
2007 Q4,lag2,0.1905175517188822,0.33926842465251833,0.5615540317788545,0.1905175517188822,0.1905175517188822
2007 Q4,lag2,0.1905175517188822,0.33926842465251833,0.5615540317788545,0.1905175517188822,0.1905175517188822
2008 Q1,lag2,0.1905175517188822,0.3970664578250823,0.47981275669175244,0.1905175517188822,0.1905175517188822
2008 Q1,lag2,0.1905175517188822,0.3970664578250823,0.47981275669175244,0.1905175517188822,0.1905175517188822
2008 Q2,lag2,0.25402340229184295,0.4446290870186571,0.5713153046174504,0.25402340229184295,0.25402340229184295
2008 Q2,lag2,0.25402340229184295,0.4446290870186571,0.5713153046174504,0.25402340229184295,0.25402340229184295
2008 Q3,lag2,0.2328547854341894,0.46029282022957396,0.5058840268637073,0.23285478543418936,0.23285478543418936
2008 Q3,lag2,0.2328547854341894,0.46029282022957396,0.5058840268637073,0.23285478543418936,0.23285478543418936
2008 Q4,lag2,0.25402340229184295,0.47879626923906504,0.530545909840847,0.25402340229184295,0.25402340229184295
2008 Q4,lag2,0.25402340229184295,0.47879626923906504,0.530545909840847,0.25402340229184295,0.25402340229184295
2009 Q1,lag2,0.25402340229184295,0.42244347221372514,0.6013192746491912,0.25402340229184295,0.25402340229184295
2009 Q1,lag2,0.25402340229184295,0.42244347221372514,0.6013192746491912,0.25402340229184295,0.25402340229184295
2009 Q2,lag2,0.14818031800357503,0.34298594150380224,0.4320302965010371,0.14818031800357503,0.14818031800357503
2009 Q2,lag2,0.14818031800357503,0.34298594150380224,0.4320302965010371,0.14818031800357503,0.14818031800357503
2009 Q3,lag2,0.1905175517188822,0.3188722100008555,0.5974730495278063,0.1905175517188822,0.1905175517188822
2009 Q3,lag2,0.1905175517188822,0.3188722100008555,0.5974730495278063,0.1905175517188822,0.1905175517188822
2009 Q4,lag2,0.14818031800357503,0.29737647115099797,0.49829200484504355,0.14818031800357503,0.14818031800357503
2009 Q4,lag2,0.14818031800357503,0.29737647115099797,0.49829200484504355,0.14818031800357503,0.14818031800357503
2010 Q1,lag2,0.14818031800357503,0.2929950194155919,0.5057434706539914,0.14818031800357503,0.14818031800357503
2010 Q1,lag2,0.14818031800357503,0.2929950194155919,0.5057434706539914,0.14818031800357503,0.14818031800357503
2010 Q2,lag2,0.16934893486122865,0.31415449588955624,0.5390625856927566,0.16934893486122865,0.16934893486122865
2010 Q2,lag2,0.16934893486122865,0.31415449588955624,0.5390625856927566,0.16934893486122865,0.16934893486122865
2010 Q3,lag2,0.16934893486122865,0.2736025401504599,0.6189596586643531,0.16934893486122865,0.16934893486122865
2010 Q3,lag2,0.16934893486122865,0.2736025401504599,0.6189596586643531,0.16934893486122865,0.16934893486122865
2010 Q4,lag2,0.08467446743061433,0.21404338312360102,0.39559488452730346,0.08467446743061433,0.08467446743061433
2010 Q4,lag2,0.08467446743061433,0.21404338312360102,0.39559488452730346,0.08467446743061433,0.08467446743061433
2011 Q1,lag2,0.12701170114592147,0.19994831880365527,0.6352226510623683,0.12701170114592147,0.12701170114592147
2011 Q1,lag2,0.12701170114592147,0.19994831880365527,0.6352226510623683,0.12701170114592147,0.12701170114592147
2011 Q2,lag2,0.08467446743061433,0.22499559744214603,0.3763383301417131,0.08467446743061433,0.08467446743061433
2011 Q2,lag2,0.08467446743061433,0.22499559744214603,0.3763383301417131,0.08467446743061433,0.08467446743061433
2011 Q3,lag2,0.16934893486122865,0.29634934963393045,0.5714503341087781,0.16934893486122865,0.16934893486122865
2011 Q3,lag2,0.16934893486122865,0.29634934963393045,0.5714503341087781,0.16934893486122865,0.16934893486122865
2011 Q4,lag2,0.16934893486122865,0.2736025401504599,0.6189596586643531,0.16934893486122865,0.16934893486122865
2011 Q4,lag2,0.16934893486122865,0.2736025401504599,0.6189596586643531,0.16934893486122865,0.16934893486122865
2012 Q1,lag2,0.08467446743061433,0.21404338312360102,0.39559488452730346,0.08467446743061433,0.08467446743061433
2012 Q1,lag2,0.08467446743061433,0.21404338312360102,0.39559488452730346,0.08467446743061433,0.08467446743061433
2012 Q2,lag2,0.12701170114592147,0.19994831880365527,0.6352226510623683,0.12701170114592147,0.12701170114592147
2012 Q2,lag2,0.12701170114592147,0.19994831880365527,0.6352226510623683,0.12701170114592147,0.12701170114592147
2012 Q3,lag2,0.08467446743061433,0.18757034934090738,0.4514277855116603,0.08467446743061433,0.08467446743061433
2012 Q3,lag2,0.08467446743061433,0.18757034934090738,0.4514277855116603,0.08467446743061433,0.08467446743061433
2012 Q4,lag2,0.10584308428826789,0.2184939504880377,0.4844211203644408,0.10584308428826789,0.10584308428826789
2012 Q4,lag2,0.10584308428826789,0.2184939504880377,0.4844211203644408,0.10584308428826789,0.10584308428826789
2013 Q1,lag2,0.14818031800357503,0.23967789355825592,0.6182477482745334,0.14818031800357503,0.14818031800357503
2013 Q1,lag2,0.14818031800357503,0.23967789355825592,0.6182477482745334,0.14818031800357503,0.14818031800357503
2013 Q2,lag2,0.10584308428826789,0.21751862863459975,0.48659319412163615,0.10584308428826789,0.10584308428826789
2013 Q2,lag2,0.10584308428826789,0.21751862863459975,0.48659319412163615,0.10584308428826789,0.10584308428826789
2013 Q3,lag2,0.10584308428826789,0.21308961726082132,0.4967069050516719,0.10584308428826789,0.10584308428826789
2013 Q3,lag2,0.10584308428826789,0.21308961726082132,0.4967069050516719,0.10584308428826789,0.10584308428826789
2013 Q4,lag2,0.12701170114592147,0.24581922385894628,0.516687422375079,0.12701170114592147,0.12701170114592147
2013 Q4,lag2,0.12701170114592147,0.24581922385894628,0.516687422375079,0.12701170114592147,0.12701170114592147
2014 Q1,lag2,0.14818031800357503,0.28562935807647294,0.5187853202537465,0.14818031800357503,0.14818031800357503
2014 Q1,lag2,0.14818031800357503,0.28562935807647294,0.5187853202537465,0.14818031800357503,0.14818031800357503
2014 Q2,lag2,0.16934893486122865,0.2775363910699019,0.6101864127020931,0.16934893486122865,0.16934893486122865
2014 Q2,lag2,0.16934893486122865,0.2775363910699019,0.6101864127020931,0.16934893486122865,0.16934893486122865
2014 Q3,lag2,0.10584308428826789,0.24848355201369002,0.4259560982226966,0.10584308428826789,0.10584308428826789
2014 Q3,lag2,0.10584308428826789,0.24848355201369002,0.4259560982226966,0.10584308428826789,0.10584308428826789
2014 Q4,lag2,0.14818031800357503,0.22856512401624052,0.6483067731411473,0.14818031800357503,0.14818031800357503
2014 Q4,lag2,0.14818031800357503,0.22856512401624052,0.6483067731411473,0.14818031800357503,0.14818031800357503
2015 Q1,lag2,0.08467446743061433,0.2073648914981283,0.4083356002015346,0.08467446743061433,0.08467446743061433
2015 Q1,lag2,0.08467446743061433,0.2073648914981283,0.4083356002015346,0.08467446743061433,0.08467446743061433
2015 Q2,lag2,0.12701170114592147,0.22617894976834552,0.5615540317788547,0.12701170114592147,0.12701170114592147
2015 Q2,lag2,0.12701170114592147,0.22617894976834552,0.5615540317788547,0.12701170114592147,0.12701170114592147
2015 Q3,lag2,0.12701170114592147,0.2426106244469171,0.5235207709286098,0.12701170114592147,0.12701170114592147
2015 Q3,lag2,0.12701170114592147,0.2426106244469171,0.5235207709286098,0.12701170114592147,0.12701170114592147
2015 Q4,lag2,0.12701170114592147,0.20520190511284492,0.6189596586643531,0.12701170114592147,0.12701170114592147
2015 Q4,lag2,0.12701170114592147,0.20520190511284492,0.6189596586643531,0.12701170114592147,0.12701170114592147
2016 Q1,lag2,0.06350585057296074,0.17847053553858772,0.3558338096611467,0.06350585057296074,0.06350585057296074
2016 Q1,lag2,0.06350585057296074,0.17847053553858772,0.3558338096611467,0.06350585057296074,0.06350585057296074
2016 Q2,lag2,0.12701170114592147,0.1682734403666427,0.7547935126849604,0.12701170114592147,0.12701170114592147
2016 Q2,lag2,0.12701170114592147,0.1682734403666427,0.7547935126849604,0.12701170114592147,0.12701170114592147
2016 Q3,lag2,0.04233723371530716,0.14587751177973501,0.2902245397442305,0.04233723371530716,0.04233723371530716
2016 Q3,lag2,0.04233723371530716,0.14587751177973501,0.2902245397442305,0.04233723371530716,0.04233723371530716
2016 Q4,lag2,0.10584308428826789,0.14989419065485032,0.7061186549382992,0.10584308428826789,0.10584308428826789
2016 Q4,lag2,0.10584308428826789,0.14989419065485032,0.7061186549382992,0.10584308428826789,0.10584308428826789
2017 Q1,lag2,0.06350585057296074,0.1481748876297496,0.42858713503225526,0.06350585057296074,0.06350585057296074
2017 Q1,lag2,0.06350585057296074,0.1481748876297496,0.42858713503225526,0.06350585057296074,0.06350585057296074
2017 Q2,lag2,0.08467446743061433,0.16676998168677828,0.5077320664917205,0.08467446743061433,0.08467446743061433
2017 Q2,lag2,0.08467446743061433,0.16676998168677828,0.5077320664917205,0.08467446743061433,0.08467446743061433
2017 Q3,lag2,0.10584308428826789,0.19389523105512432,0.5458777078337566,0.10584308428826787,0.10584308428826787
2017 Q3,lag2,0.10584308428826789,0.19389523105512432,0.5458777078337566,0.10584308428826787,0.10584308428826787
2017 Q4,lag2,0.10584308428826789,0.18975608386211607,0.5577849317610152,0.10584308428826789,0.10584308428826789
2017 Q4,lag2,0.10584308428826789,0.18975608386211607,0.5577849317610152,0.10584308428826789,0.10584308428826789
2018 Q1,lag2,0.08467446743061433,0.16923431358056684,0.5003386466911961,0.08467446743061433,0.08467446743061433
2018 Q1,lag2,0.08467446743061433,0.16923431358056684,0.5003386466911961,0.08467446743061433,0.08467446743061433
2018 Q2,lag2,0.08467446743061433,0.1717689078313665,0.49295573046166874,0.08467446743061433,0.08467446743061433
2018 Q2,lag2,0.08467446743061433,0.1717689078313665,0.49295573046166874,0.08467446743061433,0.08467446743061433
2018 Q3,lag2,0.10584308428826789,0.18094341018183993,0.5849513070517482,0.10584308428826789,0.10584308428826789
2018 Q3,lag2,0.10584308428826789,0.18094341018183993,0.5849513070517482,0.10584308428826789,0.10584308428826789
2018 Q4,lag2,0.08467446743061433,0.16923431358056684,0.5003386466911961,0.08467446743061433,0.08467446743061433
2018 Q4,lag2,0.08467446743061433,0.16923431358056684,0.5003386466911961,0.08467446743061433,0.08467446743061433
2019 Q1,lag2,0.08467446743061433,0.1717689078313665,0.49295573046166874,0.08467446743061433,0.08467446743061433
2019 Q1,lag2,0.08467446743061433,0.1717689078313665,0.49295573046166874,0.08467446743061433,0.08467446743061433
2019 Q2,lag2,0.10584308428826789,0.168555661364988,0.6279414374523843,0.10584308428826789,0.10584308428826789
2019 Q2,lag2,0.10584308428826789,0.168555661364988,0.6279414374523843,0.10584308428826789,0.10584308428826789
2019 Q3,lag2,0.06350585057296074,0.1481748876297496,0.42858713503225526,0.06350585057296074,0.06350585057296074
2019 Q3,lag2,0.06350585057296074,0.1481748876297496,0.42858713503225526,0.06350585057296074,0.06350585057296074
2019 Q4,lag2,0.08467446743061433,0.15372547279909787,0.5508161132233071,0.08467446743061431,0.08467446743061431
2019 Q4,lag2,0.08467446743061433,0.15372547279909787,0.5508161132233071,0.08467446743061431,0.08467446743061431
2020 Q1,lag2,0.08467446743061433,0.16174041629794475,0.5235207709286098,0.08467446743061433,0.08467446743061433
2020 Q1,lag2,0.08467446743061433,0.16174041629794475,0.5235207709286098,0.08467446743061433,0.08467446743061433
2020 Q2,lag2,0.08467446743061433,0.1717689078313665,0.49295573046166874,0.08467446743061433,0.08467446743061433
2020 Q2,lag2,0.08467446743061433,0.1717689078313665,0.49295573046166874,0.08467446743061433,0.08467446743061433
2020 Q3,lag2,0.10584308428826789,0.12032208960010984,0.879664612209089,0.10584308428826789,0.10584308428826789
2020 Q3,lag2,0.10584308428826789,0.12032208960010984,0.879664612209089,0.10584308428826789,0.10584308428826789
2020 Q4,lag2,-0.02116861685765358,0.052948606418971145,-0.3997955430620928,-0.02116861685765358,-0.02116861685765358
2020 Q4,lag2,-0.02116861685765358,0.052948606418971145,-0.3997955430620928,-0.02116861685765358,-0.02116861685765358
2021 Q1,lag2,0.06350585057296074,0.12024830590441378,0.5281226217310868,0.06350585057296074,0.06350585057296074
2021 Q1,lag2,0.06350585057296074,0.12024830590441378,0.5281226217310868,0.06350585057296074,0.06350585057296074
2021 Q2,lag2,0.10584308428826789,0.15911538385973445,0.665197052106364,0.10584308428826789,0.10584308428826789
2021 Q2,lag2,0.10584308428826789,0.15911538385973445,0.665197052106364,0.10584308428826789,0.10584308428826789
2021 Q3,lag2,0.06350585057296074,0.1481748876297496,0.42858713503225526,0.06350585057296074,0.06350585057296074
2021 Q3,lag2,0.06350585057296074,0.1481748876297496,0.42858713503225526,0.06350585057296074,0.06350585057296074
2021 Q4,lag2,0.08467446743061433,0.2061272200028184,0.4107874128873254,0.08467446743061433,0.08467446743061433
2021 Q4,lag2,0.08467446743061433,0.2061272200028184,0.4107874128873254,0.08467446743061433,0.08467446743061433
2022 Q1,lag2,0.16934893486122865,0.31816163420986765,0.5322732745002237,0.16934893486122862,0.16934893486122862
2022 Q1,lag2,0.16934893486122865,0.31816163420986765,0.5322732745002237,0.16934893486122862,0.16934893486122862
2022 Q2,lag2,0.21168616857653577,0.45680763745903474,0.46340330418735437,0.21168616857653577,0.21168616857653577
2022 Q2,lag2,0.21168616857653577,0.45680763745903474,0.46340330418735437,0.21168616857653577,0.21168616857653577
2022 Q3,lag2,0.3175292528648037,0.5654473744208638,0.5615540317788548,0.3175292528648037,0.3175292528648037
2022 Q3,lag2,0.3175292528648037,0.5654473744208638,0.5615540317788548,0.3175292528648037,0.3175292528648037
2022 Q4,lag2,0.3175292528648037,0.6487817923815333,0.48942380411019953,0.3175292528648037,0.3175292528648037
2022 Q4,lag2,0.3175292528648037,0.6487817923815333,0.48942380411019953,0.3175292528648037,0.3175292528648037
2023 Q1,lag2,0.40220372029541795,0.7009583786819059,0.5737911586872372,0.40220372029541795,0.40220372029541795
2023 Q1,lag2,0.40220372029541795,0.7009583786819059,0.5737911586872372,0.40220372029541795,0.40220372029541795
2023 Q2,lag2,0.35986648658011083,0.6405082732801346,0.5618451807611836,0.35986648658011083,0.35986648658011083
2023 Q2,lag2,0.35986648658011083,0.6405082732801346,0.5618451807611836,0.35986648658011083,0.35986648658011083
2023 Q3,lag2,0.25402340229184295,0.48209131729672305,0.5269196792762267,0.25402340229184295,0.25402340229184295
2023 Q3,lag2,0.25402340229184295,0.48209131729672305,0.5269196792762267,0.25402340229184295,0.25402340229184295
2023 Q4,lag2,0.1905175517188822,0.42057335438504995,0.4529948217890584,0.1905175517188822,0.1905175517188822
2023 Q4,lag2,0.1905175517188822,0.42057335438504995,0.4529948217890584,0.1905175517188822,0.1905175517188822
2024 Q1,lag2,0.25402340229184295,0.41832828813866096,0.6072345798609804,0.25402340229184295,0.25402340229184295
2024 Q1,lag2,0.25402340229184295,0.41832828813866096,0.6072345798609804,0.25402340229184295,0.25402340229184295
2024 Q2,lag2,0.1905175517188822,0.39539180109824745,0.4818449729855227,0.1905175517188822,0.1905175517188822
2024 Q2,lag2,0.1905175517188822,0.39539180109824745,0.4818449729855227,0.1905175517188822,0.1905175517188822
2024 Q3,lag2,0.21168616857653577,0.3833302029603891,0.5522292972004872,0.2116861685765358,0.2116861685765358
2024 Q3,lag2,0.21168616857653577,0.3833302029603891,0.5522292972004872,0.2116861685765358,0.2116861685765358
2024 Q4,lag2,0.1905175517188822,0.3584223781003864,0.5315448012164082,0.1905175517188822,0.1905175517188822
2024 Q4,lag2,0.1905175517188822,0.3584223781003864,0.5315448012164082,0.1905175517188822,0.1905175517188822
1997 Q4,lag3,NA,NA,NA,NA,NA
1997 Q4,lag3,NA,NA,NA,NA,NA
1998 Q1,lag3,NA,NA,NA,NA,NA
1998 Q1,lag3,NA,NA,NA,NA,NA
1998 Q2,lag3,NA,NA,NA,NA,NA
1998 Q2,lag3,NA,NA,NA,NA,NA
1998 Q3,lag3,0.04668159519577065,0.21751862863459975,0.21460964280989958,0.04668159519577065,0.04668159519577065
1998 Q3,lag3,0.04668159519577065,0.21751862863459975,0.21460964280989958,0.04668159519577065,0.04668159519577065
1998 Q4,lag3,0.033343996568407606,0.1767386704783681,0.18866271019328923,0.033343996568407606,0.033343996568407606
1998 Q4,lag3,0.033343996568407606,0.1767386704783681,0.18866271019328923,0.033343996568407606,0.033343996568407606
1999 Q1,lag3,0.033343996568407606,0.1481748876297496,0.22503136058874942,0.033343996568407606,0.033343996568407606
1999 Q1,lag3,0.033343996568407606,0.1481748876297496,0.22503136058874942,0.033343996568407606,0.033343996568407606
1999 Q2,lag3,0.020006397941044564,0.16676998168677828,0.11996402313349114,0.020006397941044564,0.020006397941044564
1999 Q2,lag3,0.020006397941044564,0.16676998168677828,0.11996402313349114,0.020006397941044564,0.020006397941044564
1999 Q3,lag3,0.026675197254726085,0.18094341018183993,0.14742287231084414,0.02667519725472608,0.02667519725472608
1999 Q3,lag3,0.026675197254726085,0.18094341018183993,0.14742287231084414,0.02667519725472608,0.02667519725472608
1999 Q4,lag3,0.033343996568407606,0.21695516993388864,0.15369072135302564,0.033343996568407606,0.033343996568407606
1999 Q4,lag3,0.033343996568407606,0.21695516993388864,0.15369072135302564,0.033343996568407606,0.033343996568407606
2000 Q1,lag3,0.026675197254726085,0.26205725223920096,0.10179148650455003,0.026675197254726085,0.026675197254726085
2000 Q1,lag3,0.026675197254726085,0.26205725223920096,0.10179148650455003,0.026675197254726085,0.026675197254726085
2000 Q2,lag3,0.05335039450945217,0.2677555797944349,0.19925035568039737,0.05335039450945217,0.05335039450945217
2000 Q2,lag3,0.05335039450945217,0.2677555797944349,0.19925035568039737,0.05335039450945217,0.05335039450945217
2000 Q3,lag3,0.04001279588208913,0.24926336489755704,0.16052417449525203,0.04001279588208913,0.04001279588208913
2000 Q3,lag3,0.04001279588208913,0.24926336489755704,0.16052417449525203,0.04001279588208913,0.04001279588208913
2000 Q4,lag3,0.04668159519577065,0.227793767828991,0.20492920258826128,0.04668159519577065,0.04668159519577065
2000 Q4,lag3,0.04668159519577065,0.227793767828991,0.20492920258826128,0.04668159519577065,0.04668159519577065
2001 Q1,lag3,0.033343996568407606,0.23480144714860357,0.14200933160051826,0.033343996568407606,0.033343996568407606
2001 Q1,lag3,0.033343996568407606,0.23480144714860357,0.14200933160051826,0.033343996568407606,0.033343996568407606
2001 Q2,lag3,0.04001279588208913,0.29392228065554415,0.13613393238800175,0.04001279588208912,0.04001279588208912
2001 Q2,lag3,0.04001279588208913,0.29392228065554415,0.13613393238800175,0.04001279588208912,0.04001279588208912
2001 Q3,lag3,0.04001279588208913,0.3431021080669486,0.11662066463981487,0.04001279588208913,0.04001279588208913
2001 Q3,lag3,0.04001279588208913,0.3431021080669486,0.11662066463981487,0.04001279588208913,0.04001279588208913
2001 Q4,lag3,0.06668799313681521,0.33009210188415916,0.20202844223221783,0.06668799313681521,0.06668799313681521
2001 Q4,lag3,0.06668799313681521,0.33009210188415916,0.20202844223221783,0.06668799313681521,0.06668799313681521
2002 Q1,lag3,0.05335039450945217,0.3137332243153971,0.1700501903356555,0.05335039450945217,0.05335039450945217
2002 Q1,lag3,0.05335039450945217,0.3137332243153971,0.1700501903356555,0.05335039450945217,0.05335039450945217
2002 Q2,lag3,0.04668159519577065,0.3188722100008555,0.14639593458346653,0.04668159519577065,0.04668159519577065
2002 Q2,lag3,0.04668159519577065,0.3188722100008555,0.14639593458346653,0.04668159519577065,0.04668159519577065
2002 Q3,lag3,0.06001919382313369,0.28753394096143053,0.2087377706522118,0.0600191938231337,0.0600191938231337
2002 Q3,lag3,0.06001919382313369,0.28753394096143053,0.2087377706522118,0.0600191938231337,0.0600191938231337
2002 Q4,lag3,0.04668159519577065,0.26033934915517987,0.17931056272229234,0.04668159519577065,0.04668159519577065
2002 Q4,lag3,0.04668159519577065,0.26033934915517987,0.17931056272229234,0.04668159519577065,0.04668159519577065
2003 Q1,lag3,0.04001279588208913,0.27435562822195736,0.14584281044789882,0.04001279588208913,0.04001279588208913
2003 Q1,lag3,0.04001279588208913,0.27435562822195736,0.14584281044789882,0.04001279588208913,0.04001279588208913
2003 Q2,lag3,0.04668159519577065,0.2929950194155919,0.1593255588060227,0.04668159519577065,0.04668159519577065
2003 Q2,lag3,0.04668159519577065,0.2929950194155919,0.1593255588060227,0.04668159519577065,0.04668159519577065
2003 Q3,lag3,0.04668159519577065,0.2775363910699019,0.1681999071034009,0.04668159519577065,0.04668159519577065
2003 Q3,lag3,0.04668159519577065,0.2775363910699019,0.1681999071034009,0.04668159519577065,0.04668159519577065
2003 Q4,lag3,0.05335039450945217,0.24848355201369002,0.21470392739118954,0.05335039450945217,0.05335039450945217
2003 Q4,lag3,0.05335039450945217,0.24848355201369002,0.21470392739118954,0.05335039450945217,0.05335039450945217
2004 Q1,lag3,0.033343996568407606,0.26794304653803647,0.12444434367388663,0.033343996568407606,0.033343996568407606
2004 Q1,lag3,0.033343996568407606,0.26794304653803647,0.12444434367388663,0.033343996568407606,0.033343996568407606
2004 Q2,lag3,0.04668159519577065,0.2830457285214033,0.1649259836551135,0.04668159519577065,0.04668159519577065
2004 Q2,lag3,0.04668159519577065,0.2830457285214033,0.1649259836551135,0.04668159519577065,0.04668159519577065
2004 Q3,lag3,0.04668159519577065,0.2707564373600907,0.17241176479836295,0.04668159519577065,0.04668159519577065
2004 Q3,lag3,0.04668159519577065,0.2707564373600907,0.17241176479836295,0.04668159519577065,0.04668159519577065
2004 Q4,lag3,0.04668159519577065,0.24925884525039566,0.18728159937063077,0.04668159519577065,0.04668159519577065
2004 Q4,lag3,0.04668159519577065,0.24925884525039566,0.18728159937063077,0.04668159519577065,0.04668159519577065
2005 Q1,lag3,0.04001279588208913,0.2647109718833882,0.15115654480584115,0.04001279588208913,0.04001279588208913
2005 Q1,lag3,0.04001279588208913,0.2647109718833882,0.15115654480584115,0.04001279588208913,0.04001279588208913
2005 Q2,lag3,0.04001279588208913,0.27888552542577394,0.14347390679742764,0.04001279588208913,0.04001279588208913
2005 Q2,lag3,0.04001279588208913,0.27888552542577394,0.14347390679742764,0.04001279588208913,0.04001279588208913
2005 Q3,lag3,0.05335039450945217,0.2576746620565948,0.20704555924763168,0.05335039450945216,0.05335039450945216
2005 Q3,lag3,0.05335039450945217,0.2576746620565948,0.20704555924763168,0.05335039450945216,0.05335039450945216
2005 Q4,lag3,0.04001279588208913,0.2426106244469171,0.1649259836551135,0.04001279588208913,0.04001279588208913
2005 Q4,lag3,0.04001279588208913,0.2426106244469171,0.1649259836551135,0.04001279588208913,0.04001279588208913
2006 Q1,lag3,0.04001279588208913,0.2529366731827745,0.15819293967377948,0.04001279588208913,0.04001279588208913
2006 Q1,lag3,0.04001279588208913,0.2529366731827745,0.15819293967377948,0.04001279588208913,0.04001279588208913
2006 Q2,lag3,0.04001279588208913,0.28562935807647294,0.14008642581963268,0.04001279588208913,0.04001279588208913
2006 Q2,lag3,0.04001279588208913,0.28562935807647294,0.14008642581963268,0.04001279588208913,0.04001279588208913
2006 Q3,lag3,0.04668159519577065,0.31415449588955624,0.1485943884507767,0.04668159519577065,0.04668159519577065
2006 Q3,lag3,0.04668159519577065,0.31415449588955624,0.1485943884507767,0.04668159519577065,0.04668159519577065
2006 Q4,lag3,0.05335039450945217,0.31179384208702365,0.1711079158983574,0.05335039450945217,0.05335039450945217
2006 Q4,lag3,0.05335039450945217,0.31179384208702365,0.1711079158983574,0.05335039450945217,0.05335039450945217
2007 Q1,lag3,0.05335039450945217,0.28014504384803895,0.19043847350157442,0.05335039450945217,0.05335039450945217
2007 Q1,lag3,0.05335039450945217,0.28014504384803895,0.19043847350157442,0.05335039450945217,0.05335039450945217
2007 Q2,lag3,0.04668159519577065,0.24925884525039566,0.18728159937063077,0.04668159519577065,0.04668159519577065
2007 Q2,lag3,0.04668159519577065,0.24925884525039566,0.18728159937063077,0.04668159519577065,0.04668159519577065
2007 Q3,lag3,0.04001279588208913,0.2806111896933451,0.14259159061267493,0.04001279588208913,0.04001279588208913
2007 Q3,lag3,0.04001279588208913,0.2806111896933451,0.14259159061267493,0.04001279588208913,0.04001279588208913
2007 Q4,lag3,0.04001279588208913,0.33926842465251833,0.11793846103736468,0.04001279588208913,0.04001279588208913
2007 Q4,lag3,0.04001279588208913,0.33926842465251833,0.11793846103736468,0.04001279588208913,0.04001279588208913
2008 Q1,lag3,0.06001919382313369,0.3970664578250823,0.15115654480584115,0.06001919382313369,0.06001919382313369
2008 Q1,lag3,0.06001919382313369,0.3970664578250823,0.15115654480584115,0.06001919382313369,0.06001919382313369
2008 Q2,lag3,0.06001919382313369,0.4446290870186571,0.13498710627677676,0.06001919382313369,0.06001919382313369
2008 Q2,lag3,0.06001919382313369,0.4446290870186571,0.13498710627677676,0.06001919382313369,0.06001919382313369
2008 Q3,lag3,0.08002559176417826,0.46029282022957396,0.17385800570225055,0.08002559176417826,0.08002559176417826
2008 Q3,lag3,0.08002559176417826,0.46029282022957396,0.17385800570225055,0.08002559176417826,0.08002559176417826
2008 Q4,lag3,0.07335679245049674,0.47879626923906504,0.15321086892986915,0.07335679245049674,0.07335679245049674
2008 Q4,lag3,0.07335679245049674,0.47879626923906504,0.15321086892986915,0.07335679245049674,0.07335679245049674
2009 Q1,lag3,0.08002559176417826,0.42244347221372514,0.18943502983919047,0.08002559176417826,0.08002559176417826
2009 Q1,lag3,0.08002559176417826,0.42244347221372514,0.18943502983919047,0.08002559176417826,0.08002559176417826
2009 Q2,lag3,0.08002559176417826,0.34298594150380224,0.23332032623060475,0.08002559176417826,0.08002559176417826
2009 Q2,lag3,0.08002559176417826,0.34298594150380224,0.23332032623060475,0.08002559176417826,0.08002559176417826
2009 Q3,lag3,0.04668159519577065,0.3188722100008555,0.14639593458346653,0.04668159519577065,0.04668159519577065
2009 Q3,lag3,0.04668159519577065,0.3188722100008555,0.14639593458346653,0.04668159519577065,0.04668159519577065
2009 Q4,lag3,0.06001919382313369,0.29737647115099797,0.20182899336598129,0.06001919382313369,0.06001919382313369
2009 Q4,lag3,0.06001919382313369,0.29737647115099797,0.20182899336598129,0.06001919382313369,0.06001919382313369
2010 Q1,lag3,0.04668159519577065,0.2929950194155919,0.1593255588060227,0.04668159519577065,0.04668159519577065
2010 Q1,lag3,0.04668159519577065,0.2929950194155919,0.1593255588060227,0.04668159519577065,0.04668159519577065
2010 Q2,lag3,0.04668159519577065,0.31415449588955624,0.1485943884507767,0.04668159519577065,0.04668159519577065
2010 Q2,lag3,0.04668159519577065,0.31415449588955624,0.1485943884507767,0.04668159519577065,0.04668159519577065
2010 Q3,lag3,0.05335039450945217,0.2736025401504599,0.1949923216360259,0.05335039450945217,0.05335039450945217
2010 Q3,lag3,0.05335039450945217,0.2736025401504599,0.1949923216360259,0.05335039450945217,0.05335039450945217
2010 Q4,lag3,0.05335039450945217,0.21404338312360102,0.2492503796702025,0.05335039450945217,0.05335039450945217
2010 Q4,lag3,0.05335039450945217,0.21404338312360102,0.2492503796702025,0.05335039450945217,0.05335039450945217
2011 Q1,lag3,0.026675197254726085,0.19994831880365527,0.1334104603346054,0.02667519725472609,0.02667519725472609
2011 Q1,lag3,0.026675197254726085,0.19994831880365527,0.1334104603346054,0.02667519725472609,0.02667519725472609
2011 Q2,lag3,0.04001279588208913,0.22499559744214603,0.1778381281099412,0.04001279588208913,0.04001279588208913
2011 Q2,lag3,0.04001279588208913,0.22499559744214603,0.1778381281099412,0.04001279588208913,0.04001279588208913
2011 Q3,lag3,0.026675197254726085,0.29634934963393045,0.0900126735141379,0.026675197254726085,0.026675197254726085
2011 Q3,lag3,0.026675197254726085,0.29634934963393045,0.0900126735141379,0.026675197254726085,0.026675197254726085
2011 Q4,lag3,0.05335039450945217,0.2736025401504599,0.1949923216360259,0.05335039450945217,0.05335039450945217
2011 Q4,lag3,0.05335039450945217,0.2736025401504599,0.1949923216360259,0.05335039450945217,0.05335039450945217
2012 Q1,lag3,0.05335039450945217,0.21404338312360102,0.2492503796702025,0.05335039450945217,0.05335039450945217
2012 Q1,lag3,0.05335039450945217,0.21404338312360102,0.2492503796702025,0.05335039450945217,0.05335039450945217
2012 Q2,lag3,0.026675197254726085,0.19994831880365527,0.1334104603346054,0.02667519725472609,0.02667519725472609
2012 Q2,lag3,0.026675197254726085,0.19994831880365527,0.1334104603346054,0.02667519725472609,0.02667519725472609
2012 Q3,lag3,0.04001279588208913,0.18757034934090738,0.21332154054565544,0.04001279588208913,0.04001279588208913
2012 Q3,lag3,0.04001279588208913,0.18757034934090738,0.21332154054565544,0.04001279588208913,0.04001279588208913
2012 Q4,lag3,0.026675197254726085,0.2184939504880377,0.12208666278925888,0.026675197254726085,0.026675197254726085
2012 Q4,lag3,0.026675197254726085,0.2184939504880377,0.12208666278925888,0.026675197254726085,0.026675197254726085
2013 Q1,lag3,0.033343996568407606,0.23967789355825592,0.13912003344731932,0.033343996568407606,0.033343996568407606
2013 Q1,lag3,0.033343996568407606,0.23967789355825592,0.13912003344731932,0.033343996568407606,0.033343996568407606
2013 Q2,lag3,0.04668159519577065,0.21751862863459975,0.21460964280989958,0.04668159519577065,0.04668159519577065
2013 Q2,lag3,0.04668159519577065,0.21751862863459975,0.21460964280989958,0.04668159519577065,0.04668159519577065
2013 Q3,lag3,0.033343996568407606,0.21308961726082132,0.1564787482235449,0.033343996568407606,0.033343996568407606
2013 Q3,lag3,0.033343996568407606,0.21308961726082132,0.1564787482235449,0.033343996568407606,0.033343996568407606
2013 Q4,lag3,0.033343996568407606,0.24581922385894628,0.13564438144813584,0.033343996568407606,0.033343996568407606
2013 Q4,lag3,0.033343996568407606,0.24581922385894628,0.13564438144813584,0.033343996568407606,0.033343996568407606
2014 Q1,lag3,0.04001279588208913,0.28562935807647294,0.14008642581963268,0.04001279588208913,0.04001279588208913
2014 Q1,lag3,0.04001279588208913,0.28562935807647294,0.14008642581963268,0.04001279588208913,0.04001279588208913
2014 Q2,lag3,0.04668159519577065,0.2775363910699019,0.1681999071034009,0.04668159519577065,0.04668159519577065
2014 Q2,lag3,0.04668159519577065,0.2775363910699019,0.1681999071034009,0.04668159519577065,0.04668159519577065
2014 Q3,lag3,0.05335039450945217,0.24848355201369002,0.21470392739118954,0.05335039450945217,0.05335039450945217
2014 Q3,lag3,0.05335039450945217,0.24848355201369002,0.21470392739118954,0.05335039450945217,0.05335039450945217
2014 Q4,lag3,0.033343996568407606,0.22856512401624052,0.14588400882209124,0.033343996568407606,0.033343996568407606
2014 Q4,lag3,0.033343996568407606,0.22856512401624052,0.14588400882209124,0.033343996568407606,0.033343996568407606
2015 Q1,lag3,0.04668159519577065,0.2073648914981283,0.22511812321996658,0.04668159519577065,0.04668159519577065
2015 Q1,lag3,0.04668159519577065,0.2073648914981283,0.22511812321996658,0.04668159519577065,0.04668159519577065
2015 Q2,lag3,0.026675197254726085,0.22617894976834552,0.1179384610373647,0.026675197254726085,0.026675197254726085
2015 Q2,lag3,0.026675197254726085,0.22617894976834552,0.1179384610373647,0.026675197254726085,0.026675197254726085
2015 Q3,lag3,0.04001279588208913,0.2426106244469171,0.1649259836551135,0.04001279588208913,0.04001279588208913
2015 Q3,lag3,0.04001279588208913,0.2426106244469171,0.1649259836551135,0.04001279588208913,0.04001279588208913
2015 Q4,lag3,0.04001279588208913,0.20520190511284492,0.19499232163602592,0.04001279588208913,0.04001279588208913
2015 Q4,lag3,0.04001279588208913,0.20520190511284492,0.19499232163602592,0.04001279588208913,0.04001279588208913
2016 Q1,lag3,0.04001279588208913,0.17847053553858772,0.22419832921629704,0.04001279588208913,0.04001279588208913
2016 Q1,lag3,0.04001279588208913,0.17847053553858772,0.22419832921629704,0.04001279588208913,0.04001279588208913
2016 Q2,lag3,0.020006397941044564,0.1682734403666427,0.11889219057656163,0.020006397941044564,0.020006397941044564
2016 Q2,lag3,0.020006397941044564,0.1682734403666427,0.11889219057656163,0.020006397941044564,0.020006397941044564
2016 Q3,lag3,0.04001279588208913,0.14587751177973501,0.2742903645251757,0.04001279588208913,0.04001279588208913
2016 Q3,lag3,0.04001279588208913,0.14587751177973501,0.2742903645251757,0.04001279588208913,0.04001279588208913
2016 Q4,lag3,0.013337598627363043,0.14989419065485032,0.08898009034969535,0.013337598627363043,0.013337598627363043
2016 Q4,lag3,0.013337598627363043,0.14989419065485032,0.08898009034969535,0.013337598627363043,0.013337598627363043
2017 Q1,lag3,0.033343996568407606,0.1481748876297496,0.22503136058874942,0.033343996568407606,0.033343996568407606
2017 Q1,lag3,0.033343996568407606,0.1481748876297496,0.22503136058874942,0.033343996568407606,0.033343996568407606
2017 Q2,lag3,0.020006397941044564,0.16676998168677828,0.11996402313349114,0.020006397941044564,0.020006397941044564
2017 Q2,lag3,0.020006397941044564,0.16676998168677828,0.11996402313349114,0.020006397941044564,0.020006397941044564
2017 Q3,lag3,0.026675197254726085,0.19389523105512432,0.13757531378965343,0.02667519725472608,0.02667519725472608
2017 Q3,lag3,0.026675197254726085,0.19389523105512432,0.13757531378965343,0.02667519725472608,0.02667519725472608
2017 Q4,lag3,0.033343996568407606,0.18975608386211607,0.1757203030846516,0.033343996568407606,0.033343996568407606
2017 Q4,lag3,0.033343996568407606,0.18975608386211607,0.1757203030846516,0.033343996568407606,0.033343996568407606
2018 Q1,lag3,0.033343996568407606,0.16923431358056684,0.19702858045117214,0.033343996568407606,0.033343996568407606
2018 Q1,lag3,0.033343996568407606,0.16923431358056684,0.19702858045117214,0.033343996568407606,0.033343996568407606
2018 Q2,lag3,0.026675197254726085,0.1717689078313665,0.15529700684197376,0.02667519725472608,0.02667519725472608
2018 Q2,lag3,0.026675197254726085,0.1717689078313665,0.15529700684197376,0.02667519725472608,0.02667519725472608
2018 Q3,lag3,0.026675197254726085,0.18094341018183993,0.14742287231084414,0.02667519725472608,0.02667519725472608
2018 Q3,lag3,0.026675197254726085,0.18094341018183993,0.14742287231084414,0.02667519725472608,0.02667519725472608
2018 Q4,lag3,0.033343996568407606,0.16923431358056684,0.19702858045117214,0.033343996568407606,0.033343996568407606
2018 Q4,lag3,0.033343996568407606,0.16923431358056684,0.19702858045117214,0.033343996568407606,0.033343996568407606
2019 Q1,lag3,0.026675197254726085,0.1717689078313665,0.15529700684197376,0.02667519725472608,0.02667519725472608
2019 Q1,lag3,0.026675197254726085,0.1717689078313665,0.15529700684197376,0.02667519725472608,0.02667519725472608
2019 Q2,lag3,0.026675197254726085,0.168555661364988,0.15825749807930803,0.026675197254726085,0.026675197254726085
2019 Q2,lag3,0.026675197254726085,0.168555661364988,0.15825749807930803,0.026675197254726085,0.026675197254726085
2019 Q3,lag3,0.033343996568407606,0.1481748876297496,0.22503136058874942,0.033343996568407606,0.033343996568407606
2019 Q3,lag3,0.033343996568407606,0.1481748876297496,0.22503136058874942,0.033343996568407606,0.033343996568407606
2019 Q4,lag3,0.020006397941044564,0.15372547279909787,0.13014367480391947,0.020006397941044564,0.020006397941044564
2019 Q4,lag3,0.020006397941044564,0.15372547279909787,0.13014367480391947,0.020006397941044564,0.020006397941044564
2020 Q1,lag3,0.026675197254726085,0.16174041629794475,0.1649259836551135,0.02667519725472609,0.02667519725472609
2020 Q1,lag3,0.026675197254726085,0.16174041629794475,0.1649259836551135,0.02667519725472609,0.02667519725472609
2020 Q2,lag3,0.026675197254726085,0.1717689078313665,0.15529700684197376,0.02667519725472608,0.02667519725472608
2020 Q2,lag3,0.026675197254726085,0.1717689078313665,0.15529700684197376,0.02667519725472608,0.02667519725472608
2020 Q3,lag3,0.026675197254726085,0.12032208960010984,0.22169825460462858,0.026675197254726085,0.026675197254726085
2020 Q3,lag3,0.026675197254726085,0.12032208960010984,0.22169825460462858,0.026675197254726085,0.026675197254726085
2020 Q4,lag3,0.033343996568407606,0.052948606418971145,0.6297426660215304,0.033343996568407606,0.033343996568407606
2020 Q4,lag3,0.033343996568407606,0.052948606418971145,0.6297426660215304,0.033343996568407606,0.033343996568407606
2021 Q1,lag3,-0.006668799313681521,0.12024830590441378,-0.05545857185699229,-0.006668799313681521,-0.006668799313681521
2021 Q1,lag3,-0.006668799313681521,0.12024830590441378,-0.05545857185699229,-0.006668799313681521,-0.006668799313681521
2021 Q2,lag3,0.020006397941044564,0.15911538385973445,0.1257351580704533,0.020006397941044564,0.020006397941044564
2021 Q2,lag3,0.020006397941044564,0.15911538385973445,0.1257351580704533,0.020006397941044564,0.020006397941044564
2021 Q3,lag3,0.033343996568407606,0.1481748876297496,0.22503136058874942,0.033343996568407606,0.033343996568407606
2021 Q3,lag3,0.033343996568407606,0.1481748876297496,0.22503136058874942,0.033343996568407606,0.033343996568407606
2021 Q4,lag3,0.020006397941044564,0.2061272200028184,0.09705849591708952,0.020006397941044564,0.020006397941044564
2021 Q4,lag3,0.020006397941044564,0.2061272200028184,0.09705849591708952,0.020006397941044564,0.020006397941044564
2022 Q1,lag3,0.026675197254726085,0.31816163420986765,0.08384165275292255,0.026675197254726085,0.026675197254726085
2022 Q1,lag3,0.026675197254726085,0.31816163420986765,0.08384165275292255,0.026675197254726085,0.026675197254726085
2022 Q2,lag3,0.05335039450945217,0.45680763745903474,0.11678962901367096,0.05335039450945217,0.05335039450945217
2022 Q2,lag3,0.05335039450945217,0.45680763745903474,0.11678962901367096,0.05335039450945217,0.05335039450945217
2022 Q3,lag3,0.06668799313681521,0.5654473744208638,0.1179384610373647,0.06668799313681521,0.06668799313681521
2022 Q3,lag3,0.06668799313681521,0.5654473744208638,0.1179384610373647,0.06668799313681521,0.06668799313681521
2022 Q4,lag3,0.10003198970522283,0.6487817923815333,0.15418433575028007,0.10003198970522283,0.10003198970522283
2022 Q4,lag3,0.10003198970522283,0.6487817923815333,0.15418433575028007,0.10003198970522283,0.10003198970522283
2023 Q1,lag3,0.10003198970522283,0.7009583786819059,0.14270745988274608,0.10003198970522283,0.10003198970522283
2023 Q1,lag3,0.10003198970522283,0.7009583786819059,0.14270745988274608,0.10003198970522283,0.10003198970522283
2023 Q2,lag3,0.12670718695994893,0.6405082732801346,0.19782287324887043,0.12670718695994893,0.12670718695994893
2023 Q2,lag3,0.12670718695994893,0.6405082732801346,0.19782287324887043,0.12670718695994893,0.12670718695994893
2023 Q3,lag3,0.11336958833258585,0.48209131729672305,0.2351620621758841,0.11336958833258585,0.11336958833258585
2023 Q3,lag3,0.11336958833258585,0.48209131729672305,0.2351620621758841,0.11336958833258585,0.11336958833258585
2023 Q4,lag3,0.08002559176417826,0.42057335438504995,0.19027736999931755,0.08002559176417826,0.08002559176417826
2023 Q4,lag3,0.08002559176417826,0.42057335438504995,0.19027736999931755,0.08002559176417826,0.08002559176417826
2024 Q1,lag3,0.06001919382313369,0.41832828813866096,0.14347390679742764,0.0600191938231337,0.0600191938231337
2024 Q1,lag3,0.06001919382313369,0.41832828813866096,0.14347390679742764,0.0600191938231337,0.0600191938231337
2024 Q2,lag3,0.08002559176417826,0.39539180109824745,0.20239567826621016,0.08002559176417826,0.08002559176417826
2024 Q2,lag3,0.08002559176417826,0.39539180109824745,0.20239567826621016,0.08002559176417826,0.08002559176417826
2024 Q3,lag3,0.06001919382313369,0.3833302029603891,0.15657308857902774,0.060019193823133685,0.060019193823133685
2024 Q3,lag3,0.06001919382313369,0.3833302029603891,0.15657308857902774,0.060019193823133685,0.060019193823133685
2024 Q4,lag3,0.06668799313681521,0.3584223781003864,0.18605979205388046,0.06668799313681521,0.06668799313681521
2024 Q4,lag3,0.06668799313681521,0.3584223781003864,0.18605979205388046,0.06668799313681521,0.06668799313681521
