variable,median,lowera,uppera,lowerb,upperb,date,LUR,dl4pmcg,DLAENA_EST
<<<<<<< Updated upstream
<<<<<<< Updated upstream
<<<<<<< Updated upstream
NAIRU[1],5.706945467258892,5.378346847724136,6.018240390080615,5.500640167225772,5.906516132686763,1997 Q4,7.976871933333333,6.3871470386661855,0.4
NAIRU[2],5.739193918269755,5.391638208756188,6.073696422359021,5.521158860087627,5.95455790472084,1998 Q1,7.8403206,8.205906323515144,0
NAIRU[3],5.770009979938715,5.406112092448967,6.1294030778312925,5.54179753486338,5.997581189831259,1998 Q2,7.7336126,10.244080555449209,0.4
NAIRU[4],5.802619526954148,5.422746269852578,6.182383970326237,5.562322170412185,6.043750660441679,1998 Q3,7.7878253,11.102625319350423,3.1
NAIRU[5],5.830668254820731,5.436220509400527,6.225324753011435,5.580415635908521,6.083281797184566,1998 Q4,7.3745465999999995,6.51638942498538,0.2
NAIRU[6],5.85535962906499,5.45177685384355,6.264219529146725,5.596953639473725,6.117415478901643,1999 Q1,7.0822801,3.2587647998844282,0.2
NAIRU[7],5.878715499291828,5.45752976855445,6.303319248188261,5.61091092762335,6.150671298574862,1999 Q2,6.885881366666666,-1.1469027348764982,1.6
NAIRU[8],5.902378438172537,5.470681005749933,6.347415010152848,5.627558795063787,6.18390251681214,1999 Q3,6.8740763,-5.666003356549165,0
NAIRU[9],5.923681121851889,5.47685870846532,6.385212939833161,5.644093171064731,6.212537464120236,1999 Q4,6.633631266666667,-3.9118416595471217,0.9
NAIRU[10],5.948145982708656,5.486785546387787,6.426537925962224,5.656313840338292,6.247815365592901,2000 Q1,6.650682266666666,-2.0131970951924316,1.5
NAIRU[11],5.957203058964673,5.495421520410256,6.449908699291839,5.659338749911649,6.262411048354872,2000 Q2,6.3018415999999995,4.170891253848286,-0.7
NAIRU[12],5.967008773079086,5.492535310985855,6.467613163501118,5.665072600777369,6.2785153137991045,2000 Q3,5.989475933333333,5.919918008416758,1.6
NAIRU[13],5.969981010434358,5.487036180905867,6.477753537248512,5.663914853913861,6.283676317718855,2000 Q4,6.1718063999999995,8.981477240732882,3.1
NAIRU[14],5.959842836262874,5.474038080469134,6.481347401288765,5.651270829769505,6.279819838102577,2001 Q1,6.366921866666667,8.228463259096674,2
NAIRU[15],5.93933271859675,5.456773665751958,6.455603663575036,5.629633834875597,6.257746617615469,2001 Q2,6.869281033333333,8.246203732647572,0.5
NAIRU[16],5.911212646947228,5.427784826159322,6.419529939071519,5.603262453010292,6.22822202871844,2001 Q3,6.867468833333334,5.66886876816568,1.2
NAIRU[17],5.878180112888722,5.401459775152116,6.390200949414062,5.5726720562637135,6.195282538988674,2001 Q4,6.979271533333333,2.8755974987303645,1.4
NAIRU[18],5.834073801372062,5.364601068941467,6.345582011397015,5.5357707087361465,6.150029799995795,2002 Q1,6.626567866666667,1.9355442952956103,0.5
NAIRU[19],5.786473141772467,5.321185953371181,6.285539588484363,5.491476682022245,6.095106959470076,2002 Q2,6.404474766666667,-4.324132417319415,1.8
NAIRU[20],5.733844309375149,5.27304653203368,6.229859517768628,5.446493138306714,6.04305802775831,2002 Q3,6.280212733333333,-2.753210339020118,0.8
NAIRU[21],5.680856695195285,5.223940165523958,6.167880013112659,5.394101017069254,5.983761647302388,2002 Q4,6.1575767,-4.345011692652445,0
NAIRU[22],5.629934820332149,5.1797394389917955,6.108992213046732,5.341372485215001,5.928245869544673,2003 Q1,6.0556449,-4.659608729443221,0.5
NAIRU[23],5.570598193694292,5.122671288605266,6.045524667110605,5.28881818039373,5.860857604800932,2003 Q2,6.050972933333333,-5.552309049921789,1.5
NAIRU[24],5.516909757618951,5.075216476598038,5.986355073633442,5.2383658842652085,5.804911296438637,2003 Q3,5.906948066666667,-8.031641781620547,1.3
NAIRU[25],5.465598554500502,5.017763311597677,5.926969141974105,5.183202592328897,5.753365939343166,2003 Q4,5.708732366666667,-10.389959501815138,1.9
NAIRU[26],5.4041424005313665,4.962122776994914,5.867596879998485,5.13034486341752,5.690555001034413,2004 Q1,5.537008233333333,-11.98772772594987,0.9
NAIRU[27],5.350360161700019,4.906533917465851,5.813973050894384,5.071466097619061,5.632542954090217,2004 Q2,5.435607833333333,-6.52308022313326,1
NAIRU[28],5.29740036583693,4.853407280839552,5.757914982955448,5.020038298890054,5.579395238376229,2004 Q3,5.4793238,-2.613938820303563,1.9
NAIRU[29],5.252822925874249,4.807021604081925,5.719185741127749,4.974761532263337,5.536787099883548,2004 Q4,5.1174322,-2.0277192439150937,0.6
NAIRU[30],5.211511201612691,4.764161525096736,5.67355635085144,4.932024755481383,5.496780893476455,2005 Q1,5.106875466666667,-0.5676458004804985,0.2
NAIRU[31],5.175694584966836,4.728850770858508,5.638166218615218,4.894447193223561,5.4627375783038765,2005 Q2,5.057009066666667,-2.6194201090823377,-0.1
NAIRU[32],5.144643248035552,4.6956533407667855,5.609755826414363,4.864314069766201,5.430960193207008,2005 Q3,4.958453066666666,-2.6841037524811817,2.4
NAIRU[33],5.118890667020209,4.677621289313873,5.584454329839412,4.842414214879843,5.398870848267123,2005 Q4,5.007769466666667,-1.0294896726862568,1.5
NAIRU[34],5.097250471891931,4.655809714078388,5.56483175669849,4.818892629179202,5.378032608474783,2006 Q1,5.044552666666666,1.1320875624481808,1.3
NAIRU[35],5.089172083976412,4.649305359123361,5.5541208810155505,4.813975372444913,5.365584755783681,2006 Q2,4.857195366666667,1.2246973609973288,0
NAIRU[36],5.08304544837333,4.6469071487359805,5.548802154446273,4.807592844791335,5.3637158264841105,2006 Q3,4.678258233333334,-0.7532992307544895,1.1
NAIRU[37],5.083911217384912,4.6526258383391905,5.549058010923919,4.8109284539433075,5.367107761398721,2006 Q4,4.515391533333333,-1.5166167471410752,3.2
NAIRU[38],5.079239695238197,4.646603716207015,5.535672981264935,4.807260742737232,5.360908940784323,2007 Q1,4.549659466666666,-2.2771382412477337,1.1
NAIRU[39],5.073840659492663,4.6559636948287695,5.529142657294974,4.807526698542319,5.355723437743169,2007 Q2,4.324776,-4.011999378942566,1.9
NAIRU[40],5.056666831679418,4.6343036774208715,5.511234386882365,4.791735252830463,5.33348799327077,2007 Q3,4.255168566666667,-4.050698427981736,1.2
NAIRU[41],5.032641990403468,4.607824025659218,5.486355716946095,4.766185540799097,5.308775366983704,2007 Q4,4.353768033333333,-4.293342290860114,0.4
NAIRU[42],5.000308471454109,4.570571692995091,5.460686034872449,4.731979553886777,5.277317466792623,2008 Q1,4.085510833333333,-2.8225718064629035,0.5
NAIRU[43],4.968309679615338,4.53278079592628,5.430332418912986,4.693137079996071,5.2489892023044575,2008 Q2,4.258409866666667,-2.366974408590483,1.9
NAIRU[44],4.929099503464797,4.4914173500884145,5.391946299750816,4.652151258759041,5.212931021984843,2008 Q3,4.1849405,0.5888142625222414,0.5
NAIRU[45],4.881884217284403,4.435786006358525,5.339939231667331,4.601918015625247,5.165481815308319,2008 Q4,4.4409917,15.997331929834147,0.8
NAIRU[46],4.8467608854572575,4.3957261913565535,5.307348177753077,4.564157279557089,5.129239324992122,2009 Q1,5.307062133333333,17.60498742460772,-0.6
NAIRU[47],4.808318519730337,4.349818296998141,5.271825138125419,4.520035124891998,5.090851377731754,2009 Q2,5.728827166666667,12.903025974373161,0.7
NAIRU[48],4.773703860153887,4.311397271190429,5.238635062470202,4.483797714571748,5.058703109334721,2009 Q3,5.683132533333334,6.166011635755986,2.2
NAIRU[49],4.73491944891476,4.267759026539972,5.195614935645299,4.4440097484997825,5.02117793457557,2009 Q4,5.5577709,-12.760168444084918,0.6
NAIRU[50],4.705390760290102,4.2430316559742565,5.169176450832198,4.4129294123086975,4.992134595540809,2010 Q1,5.328896833333333,-14.112877009846336,0.4
NAIRU[51],4.672376130460254,4.202995965026432,5.128914109346799,4.3728154892008915,4.957457286972187,2010 Q2,5.290768,-7.654007712233479,2.2
NAIRU[52],4.641124706206851,4.16339674230479,5.100689455065961,4.346161149875422,4.929457865321595,2010 Q3,5.124878366666667,-3.0829158019901826,2.1
NAIRU[53],4.608020274359861,4.139461167782088,5.072804726264185,4.314736375744082,4.900012077762886,2010 Q4,5.090218133333333,-2.3438572972017013,1.4
NAIRU[54],4.586891030560777,4.1194916573565665,5.0487125482302675,4.294404405329861,4.8778076494208165,2011 Q1,4.9673792,-4.185525773661247,0
NAIRU[55],4.576859940041119,4.105274291112505,5.034825582478982,4.286823197950675,4.865357448721706,2011 Q2,4.9630677,-5.84962066816086,2.3
NAIRU[56],4.568612670650385,4.096221381992605,5.0236402142083305,4.273948483665146,4.854428845986742,2011 Q3,5.194879766666666,-5.760499194271507,1.5
NAIRU[57],4.565306784710485,4.092072684621281,5.02081590734344,4.270829846285397,4.852862411004949,2011 Q4,5.205116,0,0.2
NAIRU[58],4.568172264318974,4.0933365447338845,5.022180054062182,4.274886447252109,4.853821837691343,2012 Q1,5.1413123,-2.2111453607431386,1.2
NAIRU[59],4.5772169269943,4.103887508982464,5.035570034068082,4.283931871808242,4.861359389302982,2012 Q2,5.119095066666667,1.197619104671599,0.9
NAIRU[60],4.595191629855691,4.114296059497278,5.049410754652729,4.301506418786503,4.88131657086269,2012 Q3,5.275867166666667,0,-0.2
NAIRU[61],4.606714127758188,4.121615539220053,5.067183998277555,4.309213976367502,4.897202628110393,2012 Q4,5.366378533333333,-1.996074256253788,0.8
NAIRU[62],4.615341381589629,4.126968274282981,5.077831596821727,4.314620952016073,4.905813505682241,2013 Q1,5.4757147,0.708863727773501,-0.1
NAIRU[63],4.623734675657078,4.12312872474261,5.088832430696966,4.315727066841425,4.918801134801557,2013 Q2,5.631051,-0.5970166986504211,0.7
NAIRU[64],4.625907268656304,4.117382392129563,5.097849558439891,4.314357019550246,4.926450326221561,2013 Q3,5.728568366666667,5.475463371835865,0.6
NAIRU[65],4.626696431665382,4.106329409058087,5.107168401538932,4.309237684288169,4.929595892734355,2013 Q4,5.8398981333333335,4.629088381435409,1.8
NAIRU[66],4.611296227724702,4.091983084329249,5.103111707740055,4.295254580391913,4.919984360823311,2014 Q1,5.898870633333334,7.669939312596341,0.3
NAIRU[67],4.600293406061901,4.075090369639261,5.0934453663547,4.283110865947337,4.908991225657958,2014 Q2,5.9273562,4.964523048916547,0.8
NAIRU[68],4.574436173745094,4.0483173162255115,5.066392112877547,4.254141494739459,4.881808038256542,2014 Q3,6.1702621,-0.19047624806542984,0.7
NAIRU[69],4.551451907008552,4.021594650069222,5.048139236509784,4.232552457341122,4.861061362618306,2014 Q4,6.2530794,3.8702329019038473,0.8
NAIRU[70],4.521902011144903,3.9983766015587636,5.017950596339279,4.203581771571788,4.829638987261574,2015 Q1,6.203302166666667,4.923510299768541,-1.1
NAIRU[71],4.497715655536597,3.9741251539182185,4.9929356643848415,4.180077898936321,4.805205395400854,2015 Q2,6.0167187,6.346957394866681,0.6
NAIRU[72],4.470488436878524,3.9493257116387728,4.96199144970902,4.14801365546096,4.778550283929659,2015 Q3,6.179565333333334,9.97202349434545,1
NAIRU[73],4.449008046655626,3.9306741464061736,4.943052585989766,4.129501720468113,4.752233994013934,2015 Q4,5.8343175,8.430710645999362,0.4
NAIRU[74],4.424483450317691,3.9122239864673904,4.911718244137195,4.105715023136971,4.726301496564206,2016 Q1,5.796893633333333,3.9254931018431805,-0.2
NAIRU[75],4.40773924343665,3.8958727872914554,4.893460038745201,4.091842219616952,4.707717809887817,2016 Q2,5.6870614999999995,2.2037031046728828,0.6
NAIRU[76],4.386578992573401,3.8792877328590647,4.869103020829021,4.0777041669269964,4.685030355518595,2016 Q3,5.658726533333334,-2.092491342424818,0.3
NAIRU[77],4.371430230204985,3.8639977783119344,4.84621334469921,4.065128925688982,4.665588757558065,2016 Q4,5.7332262,-4.082199452025481,-0.6
NAIRU[78],4.3617910070531964,3.852122381709721,4.826816028349243,4.052555137193081,4.65003331052813,2017 Q1,5.8083196,-3.3046485355948008,-0.5
NAIRU[79],4.346357931766822,3.8447678889966634,4.812236184082643,4.036090999840384,4.633375229224486,2017 Q2,5.5925758000000005,-0.9636517848274018,0.9
NAIRU[80],4.326112300280599,3.82923820935265,4.785379765114237,4.0223931499603305,4.614648596189996,2017 Q3,5.5341101,-1.5986130846302515,1
NAIRU[81],4.3085014776336905,3.81869146093756,4.765632120720493,4.009248841571644,4.592715959447303,2017 Q4,5.491339666666667,-0.44424773195608225,0.8
NAIRU[82],4.290434883498037,3.801130735103113,4.740512782922316,3.9944234296637484,4.573549470404948,2018 Q1,5.5460239,-0.5319161477600254,0.7
NAIRU[83],4.272839871993998,3.792364282116532,4.723625153024662,3.9803480267905984,4.554162849193622,2018 Q2,5.4403123,0.4391750580978737,0
NAIRU[84],4.261734664135272,3.782000712478898,4.705470465190296,3.9697974516969063,4.539894921659609,2018 Q3,5.1876283,3.5183928124475905,0.8
NAIRU[85],4.248640422179919,3.7740229886800947,4.691863755361153,3.9614377084721766,4.525012234334101,2018 Q4,5.042911233333333,3.4999197780220648,1.3
NAIRU[86],4.239730871432982,3.77448582482774,4.682884600142237,3.954019507970675,4.515003433818992,2019 Q1,5.042161233333333,3.2359622773336483,-0.1
NAIRU[87],4.235666710135322,3.771886303637408,4.679750667232475,3.949162194389698,4.509179616774401,2019 Q2,5.224567733333333,2.851165052596638,2
NAIRU[88],4.239442841484474,3.7820640664905527,4.683541346731795,3.9570268155215893,4.516559270424379,2019 Q3,5.256432566666667,2.3068088250274066,0.5
NAIRU[89],4.254359746898783,3.7969171361375045,4.687824357797049,3.973333648799386,4.525284842952167,2019 Q4,5.1711290666666665,2.1268347403926136,1.3
NAIRU[90],4.275500828738794,3.824586100045778,4.708886277010239,3.9986971758838967,4.544145267558168,2020 Q1,5.1843763,2.4650631943442747,1.4
NAIRU[91],4.2872367677772525,3.8404846483161243,4.720476133465922,4.010481176201355,4.557708635773157,2020 Q2,6.9041982,3.843413733926049,5.9
NAIRU[92],4.306612079975862,3.8644467542766865,4.740911256337932,4.03110178003557,4.577343098267695,2020 Q3,7.058256933333333,-0.9333966790475046,-1.8
NAIRU[93],4.322584741713373,3.8850399993375535,4.762161077219044,4.054090933882934,4.596582481930665,2020 Q4,6.771440733333334,-2.2989518224698635,-0.2
NAIRU[94],4.336475692929749,3.9098418970430786,4.773287276019021,4.06965625790447,4.609280829119305,2021 Q1,5.928383266666667,-4.464260590811708,0.9
NAIRU[95],4.351767580841543,3.929283509136323,4.7815681061321795,4.086699093434341,4.621488821946424,2021 Q2,5.201759,-6.782259633876109,0.3
NAIRU[96],4.3663623520701655,3.94701943830946,4.792588611337984,4.104695145392695,4.6346453684001165,2021 Q3,4.672518066666667,1.1864545956192352,2.7
NAIRU[97],4.377282920278882,3.9702172861441336,4.803563220089114,4.12178586689651,4.642596380407018,2021 Q4,4.6923769,5.202515398928043,0.4
NAIRU[98],4.385616348311103,3.9811680935721845,4.809932194158473,4.131209203976834,4.646632612196243,2022 Q1,4.0556334,9.299286684916463,1.6
NAIRU[99],4.392093644417089,4.000953927823952,4.814711670445197,4.143144002072941,4.65073319353259,2022 Q2,3.801785766666667,8.08520966290951,-0.7
NAIRU[100],4.4115249907589735,4.029094981134249,4.833184173051376,4.167470109561412,4.669670545195468,2022 Q3,3.5312898666666666,8.939550265436758,0.9
NAIRU[101],4.42716209715258,4.0490678443578405,4.845545487894529,4.187008963229314,4.684466222872517,2022 Q4,3.4913950666666667,8.687509078839728,0.1
NAIRU[102],4.435792517294338,4.0582486407370695,4.860456509665586,4.19839149494199,4.694008571644409,2023 Q1,3.6161255,4.382547954002902,0.7
NAIRU[103],4.446334089222289,4.072748713531676,4.874784673743403,4.209356420419019,4.704560577864303,2023 Q2,3.6082628666666667,6.271647386762602,0
NAIRU[104],4.463523397681615,4.086192687470954,4.887928283422346,4.222773076586387,4.722106695267311,2023 Q3,3.6589056666666666,1.3772214621226908,3.3
NAIRU[105],4.46322460850506,4.078699421159305,4.892246745907849,4.22160384768645,4.726532679131689,2023 Q4,3.896382233333333,0.5979091056057761,2.2
NAIRU[106],4.465901774016865,4.076321331619844,4.901433632199284,4.216027183864732,4.731020200685256,2024 Q1,3.9012506,1.0662705744040046,0.7
NAIRU[107],4.4717479071543345,4.078082247307089,4.905624534018448,4.216264570317772,4.73889783309617,2024 Q2,4.047912166666666,0.9077218151117172,0.6
NAIRU[108],4.487338174229421,4.082600047420625,4.931208419722496,4.2265851706687965,4.757861456133108,2024 Q3,4.124354933333334,1.1333706509849328,0.6
NAIRU[109],4.488654394432311,4.070047902226257,4.947606232214365,4.221832480694479,4.770502750562733,2024 Q4,4.003016266666667,0.4460973940624946,1.9
NAIRU[110],4.495541007733573,4.05898109740771,4.9737074609588605,4.217543559326131,4.783685371205583,2025 Q1,4.077463366666667,3.2056416116116537,0.9
NAIRU[111],4.4981427066046535,4.0425114251536725,4.9919836831786215,4.212134988730577,4.79749807711406,2025 Q2,4.166977666666667,2.967576814611661,1.1
NAIRU[112],4.508064493413961,4.033208467262172,5.016592086009149,4.212235716065387,4.82065508192077,2025 Q3,4.323938933333333,2.0818595756032288,0.8053309119065387
=======
NAIRU[1],5.701700865439863,5.384318594146873,6.010820798641447,5.499482200604752,5.898909879556388,1997 Q4,7.976871933333333,6.3871470386661855,0.4
NAIRU[2],5.7336823976310605,5.396906585182548,6.069316521336036,5.520693453005524,5.945808202382849,1998 Q1,7.8403206,8.205906323515144,0
NAIRU[3],5.765736270062808,5.410601447790332,6.118798063110132,5.540552803365646,5.987089755549613,1998 Q2,7.7336126,10.244080555449209,0.4
NAIRU[4],5.796649316770702,5.426860898307965,6.173897915730664,5.562603703841849,6.032932534945448,1998 Q3,7.7878253,11.102625319350423,3.1
NAIRU[5],5.824396476633208,5.441964172050763,6.2237212794777665,5.58312190805401,6.073884477070208,1998 Q4,7.3745465999999995,6.51638942498538,0.2
NAIRU[6],5.848692240438183,5.454945659839815,6.263818416501879,5.6003674461308215,6.108007762657203,1999 Q1,7.0822801,3.2587647998844282,0.2
NAIRU[7],5.8718348535610705,5.4681383130592724,6.305944854051529,5.615074367806312,6.138485163949846,1999 Q2,6.885881366666666,-1.1469027348764982,1.6
NAIRU[8],5.897955379972721,5.482652511344508,6.344425982091473,5.6324497111063065,6.174898782401667,1999 Q3,6.8740763,-5.666003356549165,0
NAIRU[9],5.919010596210287,5.4899659892438235,6.382811589486968,5.6439466842939865,6.206315178947335,1999 Q4,6.633631266666667,-3.9118416595471217,0.9
NAIRU[10],5.940632143229595,5.496229591295618,6.4196129479584,5.659601289110294,6.234315459540871,2000 Q1,6.650682266666666,-2.0131970951924316,1.5
NAIRU[11],5.947823959440027,5.4975934755727724,6.44459460659388,5.665021171401359,6.251449165281977,2000 Q2,6.3018415999999995,4.170891253848286,-0.7
NAIRU[12],5.9602334158558055,5.499523152739421,6.453962852314796,5.66859133197786,6.26757322238824,2000 Q3,5.989475933333333,5.919918008416758,1.6
NAIRU[13],5.959527793841604,5.496791121787414,6.462725941816281,5.666595332962423,6.273340699819713,2000 Q4,6.1718063999999995,8.981477240732882,3.1
NAIRU[14],5.954464557425642,5.489408721578153,6.465611034806985,5.658409834185719,6.273666664082048,2001 Q1,6.366921866666667,8.228463259096674,2
NAIRU[15],5.936522431501205,5.466014745086365,6.440269457298749,5.63809495588999,6.249898136582172,2001 Q2,6.869281033333333,8.246203732647572,0.5
NAIRU[16],5.906633456485086,5.436227868315436,6.407971237242277,5.610932813263425,6.214284156438987,2001 Q3,6.867468833333334,5.66886876816568,1.2
NAIRU[17],5.873844635076551,5.40597645862718,6.366809837980059,5.580695197044001,6.181326553917534,2001 Q4,6.979271533333333,2.8755974987303645,1.4
NAIRU[18],5.832401622868633,5.367471628084517,6.321118142387914,5.5440093031683,6.130782861637963,2002 Q1,6.626567866666667,1.9355442952956103,0.5
NAIRU[19],5.784305537853393,5.33210781966571,6.263003817332708,5.498214878531575,6.078378734967661,2002 Q2,6.404474766666667,-4.324132417319415,1.8
NAIRU[20],5.732469305603626,5.2874107636671255,6.203030647394902,5.451221151062929,6.023482143584931,2002 Q3,6.280212733333333,-2.753210339020118,0.8
NAIRU[21],5.676678313647692,5.2348751363738035,6.144672473245022,5.402048037223558,5.962567168137903,2002 Q4,6.1575767,-4.345011692652445,0
NAIRU[22],5.626999634664575,5.192201905214115,6.090015209216233,5.35357333852046,5.9094004910245665,2003 Q1,6.0556449,-4.659608729443221,0.5
NAIRU[23],5.567562864169635,5.141441575357855,6.024398884898469,5.294525065039976,5.848085792619174,2003 Q2,6.050972933333333,-5.552309049921789,1.5
NAIRU[24],5.513668927310377,5.090490373046666,5.964419560679284,5.242176193380815,5.791550337740768,2003 Q3,5.906948066666667,-8.031641781620547,1.3
NAIRU[25],5.460009997892936,5.0348576002887535,5.906243163692598,5.191887313090341,5.738259894340415,2003 Q4,5.708732366666667,-10.389959501815138,1.9
NAIRU[26],5.401025852845509,4.9816810398167535,5.851119036249942,5.137650013560685,5.6811979568363835,2004 Q1,5.537008233333333,-11.98772772594987,0.9
NAIRU[27],5.345508397231707,4.919739641704124,5.7902467710660614,5.07693523952191,5.624880544012984,2004 Q2,5.435607833333333,-6.52308022313326,1
NAIRU[28],5.292881262180986,4.8671668417654175,5.739711319601523,5.0260968900313125,5.573910143013492,2004 Q3,5.4793238,-2.613938820303563,1.9
NAIRU[29],5.250390678015288,4.823849937127797,5.702339803422066,4.981477924064442,5.532437474920263,2004 Q4,5.1174322,-2.0277192439150937,0.6
NAIRU[30],5.210136472574044,4.780395926923723,5.6620006169650035,4.937741322646203,5.490070145039131,2005 Q1,5.106875466666667,-0.5676458004804985,0.2
NAIRU[31],5.175489422621434,4.744858259544327,5.623649208394524,4.9025079068899675,5.455570021283252,2005 Q2,5.057009066666667,-2.6194201090823377,-0.1
NAIRU[32],5.1481830332354335,4.713318620335452,5.596070520561147,4.87172873975946,5.425595698485683,2005 Q3,4.958453066666666,-2.6841037524811817,2.4
NAIRU[33],5.121457380807726,4.689395533887386,5.568144645388393,4.847791384604198,5.39896690840232,2005 Q4,5.007769466666667,-1.0294896726862568,1.5
NAIRU[34],5.100853485784455,4.667802976512315,5.5537273551683155,4.826788852241394,5.37823231623396,2006 Q1,5.044552666666666,1.1320875624481808,1.3
NAIRU[35],5.091768407434438,4.663429121351149,5.544628870092444,4.8205139099975804,5.368255646772225,2006 Q2,4.857195366666667,1.2246973609973288,0
NAIRU[36],5.087787384057426,4.6643017701595815,5.535738445101364,4.817955674389439,5.363397160432401,2006 Q3,4.678258233333334,-0.7532992307544895,1.1
NAIRU[37],5.090369503096916,4.6674775784860625,5.537956763924318,4.822694479770008,5.365244038141623,2006 Q4,4.515391533333333,-1.5166167471410752,3.2
NAIRU[38],5.084418627272544,4.668176357561291,5.52793275072877,4.819981322186179,5.357154247622626,2007 Q1,4.549659466666666,-2.2771382412477337,1.1
NAIRU[39],5.079707228155795,4.6656176561727465,5.523956304867884,4.817050689122041,5.349310673090341,2007 Q2,4.324776,-4.011999378942566,1.9
NAIRU[40],5.060131490238835,4.650116004324648,5.500646709130517,4.801620943052494,5.3305840297015274,2007 Q3,4.255168566666667,-4.050698427981736,1.2
NAIRU[41],5.036128193688169,4.630503368462394,5.485488537519091,4.7784885832512405,5.3066923602586655,2007 Q4,4.353768033333333,-4.293342290860114,0.4
NAIRU[42],5.004561029603995,4.598970063852784,5.45419073209645,4.744283900000496,5.275838215755197,2008 Q1,4.085510833333333,-2.8225718064629035,0.5
NAIRU[43],4.969860809478477,4.555471063523447,5.420352529326078,4.708106108324916,5.24569840526999,2008 Q2,4.258409866666667,-2.366974408590483,1.9
NAIRU[44],4.930347487672693,4.507753641932128,5.387942063764532,4.66562096285425,5.210456624575335,2008 Q3,4.1849405,0.5888142625222414,0.5
NAIRU[45],4.88143285912066,4.458510009177191,5.340165662498854,4.614079424156476,5.165673507789137,2008 Q4,4.4409917,15.997331929834147,0.8
NAIRU[46],4.846591283287245,4.416743554517302,5.311355080302441,4.577536729640961,5.133919352759287,2009 Q1,5.307062133333333,17.60498742460772,-0.6
NAIRU[47],4.806114185341192,4.364764143118439,5.269405658534807,4.53494744594735,5.091122276292939,2009 Q2,5.728827166666667,12.903025974373161,0.7
NAIRU[48],4.771424277983104,4.3330128437790565,5.23495616600342,4.494395463437061,5.0522906548695685,2009 Q3,5.683132533333334,6.166011635755986,2.2
NAIRU[49],4.730121828806398,4.292909856080307,5.194704030522254,4.453470442819489,5.015447992053383,2009 Q4,5.5577709,-12.760168444084918,0.6
NAIRU[50],4.702496393646763,4.261606623904136,5.1632152390570845,4.425476691511219,4.984721653826223,2010 Q1,5.328896833333333,-14.112877009846336,0.4
NAIRU[51],4.665514189046087,4.226763995955336,5.134146211260561,4.3900117554185805,4.950725441922812,2010 Q2,5.290768,-7.654007712233479,2.2
NAIRU[52],4.634776751931675,4.1882187782956555,5.103025410796178,4.3552010489574675,4.921657664529083,2010 Q3,5.124878366666667,-3.0829158019901826,2.1
NAIRU[53],4.605529558429451,4.155308503853886,5.071250476151048,4.32378354073005,4.892505953223436,2010 Q4,5.090218133333333,-2.3438572972017013,1.4
NAIRU[54],4.58485569656562,4.132534568108883,5.047279610496753,4.301462170147557,4.869190200680768,2011 Q1,4.9673792,-4.185525773661247,0
NAIRU[55],4.573339812293266,4.122025936021437,5.036029526527486,4.289601361982526,4.860659528282499,2011 Q2,4.9630677,-5.84962066816086,2.3
NAIRU[56],4.562682822278677,4.107382237566391,5.025421273817113,4.280453427785997,4.850348382486766,2011 Q3,5.194879766666666,-5.760499194271507,1.5
NAIRU[57],4.55796650467818,4.108033499277828,5.022007418165784,4.2769037301220045,4.85106732734432,2011 Q4,5.205116,0,0.2
NAIRU[58],4.5615852988873415,4.109497469694959,5.022623704869496,4.2787734101000785,4.853323066750762,2012 Q1,5.1413123,-2.2111453607431386,1.2
NAIRU[59],4.568697970904175,4.113968918702562,5.033268129689625,4.285729320958244,4.859802180600369,2012 Q2,5.119095066666667,1.197619104671599,0.9
NAIRU[60],4.588739356608271,4.121005419857392,5.050706462684686,4.296783206440119,4.877184565086023,2012 Q3,5.275867166666667,0,-0.2
NAIRU[61],4.603126995692531,4.125020381155506,5.069908350601911,4.308004378731317,4.894266045607846,2012 Q4,5.366378533333333,-1.996074256253788,0.8
NAIRU[62],4.611164983439679,4.130964048592247,5.083711677603023,4.311106203304627,4.9062074663699855,2013 Q1,5.4757147,0.708863727773501,-0.1
NAIRU[63],4.617927268654391,4.130583742633386,5.090840182842729,4.314096459654633,4.917670191554325,2013 Q2,5.631051,-0.5970166986504211,0.7
NAIRU[64],4.619070176920134,4.1265196164317075,5.101491709039336,4.309450596929688,4.9245010420947795,2013 Q3,5.728568366666667,5.475463371835865,0.6
NAIRU[65],4.619098188695119,4.124045574867056,5.1071702161551675,4.304480123823035,4.929170145624763,2013 Q4,5.8398981333333335,4.629088381435409,1.8
NAIRU[66],4.605276425842193,4.107589438075545,5.099554177249239,4.286912538480233,4.915171079978475,2014 Q1,5.898870633333334,7.669939312596341,0.3
NAIRU[67],4.5910735615945475,4.090767013536937,5.091581405935812,4.2760338831860585,4.903996535720456,2014 Q2,5.9273562,4.964523048916547,0.8
NAIRU[68],4.565886874676831,4.059971374886703,5.065446376253332,4.249928961948753,4.880626222514343,2014 Q3,6.1702621,-0.19047624806542984,0.7
NAIRU[69],4.542535051974392,4.0333444634919955,5.045378288889598,4.226089694978698,4.8559936804501085,2014 Q4,6.2530794,3.8702329019038473,0.8
NAIRU[70],4.515142504006903,4.003332495454247,5.013589997096603,4.200040525167906,4.828502620546259,2015 Q1,6.203302166666667,4.923510299768541,-1.1
NAIRU[71],4.492460471953029,3.9840296511960784,4.987474215410385,4.17508721992335,4.801175038845983,2015 Q2,6.0167187,6.346957394866681,0.6
NAIRU[72],4.464805466960922,3.9563558990255556,4.958208483737068,4.146976112866876,4.774726079762845,2015 Q3,6.179565333333334,9.97202349434545,1
NAIRU[73],4.44246586273902,3.9375773312323865,4.934530442962255,4.124767989596861,4.753282438898703,2015 Q4,5.8343175,8.430710645999362,0.4
NAIRU[74],4.417601978559993,3.9205892198023227,4.905386804045456,4.106334827382999,4.726443103625831,2016 Q1,5.796893633333333,3.9254931018431805,-0.2
NAIRU[75],4.402986737375441,3.903896190191156,4.8845726122429705,4.093134010615125,4.708753735891956,2016 Q2,5.6870614999999995,2.2037031046728828,0.6
NAIRU[76],4.383065401421489,3.8830008136158805,4.862513941661008,4.0723493098950945,4.6863388088150035,2016 Q3,5.658726533333334,-2.092491342424818,0.3
NAIRU[77],4.365722091296921,3.8674722744611647,4.8429070865158685,4.0584683031435915,4.667197710565192,2016 Q4,5.7332262,-4.082199452025481,-0.6
NAIRU[78],4.355444388003147,3.860078969476752,4.822651568706745,4.046030395380264,4.651578031145482,2017 Q1,5.8083196,-3.3046485355948008,-0.5
NAIRU[79],4.3386393033715684,3.8491799008864684,4.804019331604839,4.033753921618304,4.634584681430471,2017 Q2,5.5925758000000005,-0.9636517848274018,0.9
NAIRU[80],4.321196903511737,3.839506143860526,4.782920332478877,4.020883186541521,4.615643486546991,2017 Q3,5.5341101,-1.5986130846302515,1
NAIRU[81],4.302440536398312,3.823889892828086,4.763436742816468,4.001423544674314,4.5943131844525,2017 Q4,5.491339666666667,-0.44424773195608225,0.8
NAIRU[82],4.2844601252940215,3.8087466342657117,4.745046898460539,3.985980174523086,4.573197379897507,2018 Q1,5.5460239,-0.5319161477600254,0.7
NAIRU[83],4.266324106377571,3.7924460580975743,4.722412910367006,3.971482631683739,4.552527052795894,2018 Q2,5.4403123,0.4391750580978737,0
NAIRU[84],4.252316609569032,3.779039734273372,4.704347054008408,3.9606135051595963,4.533353124024401,2018 Q3,5.1876283,3.5183928124475905,0.8
NAIRU[85],4.240971497797081,3.770647769028403,4.690963693183121,3.9513058726078065,4.524400276054914,2018 Q4,5.042911233333333,3.4999197780220648,1.3
NAIRU[86],4.233006249315937,3.7650281893915905,4.682343093361957,3.9443433939994788,4.513667582212916,2019 Q1,5.042161233333333,3.2359622773336483,-0.1
NAIRU[87],4.228795677473102,3.7652592094278052,4.679459913172916,3.9425381505940376,4.509114865358512,2019 Q2,5.224567733333333,2.851165052596638,2
NAIRU[88],4.236149928585327,3.776627736608913,4.683169548342821,3.9508067821543684,4.515610756219615,2019 Q3,5.256432566666667,2.3068088250274066,0.5
NAIRU[89],4.250318853995642,3.78583124111128,4.693414322865351,3.963168736789134,4.526724387170357,2019 Q4,5.1711290666666665,2.1268347403926136,1.3
NAIRU[90],4.270674387117451,3.8163718147365935,4.713829486188485,3.992649675621,4.5477522444004315,2020 Q1,5.1843763,2.4650631943442747,1.4
NAIRU[91],4.281666072720199,3.832432438094072,4.7259033008936004,4.0068129262144145,4.55755685959702,2020 Q2,6.9041982,3.843413733926049,5.9
NAIRU[92],4.302667403952967,3.85507022033534,4.747288376729041,4.025800450798045,4.575534641298506,2020 Q3,7.058256933333333,-0.9333966790475046,-1.8
NAIRU[93],4.320223207149508,3.879833169284723,4.76836819567561,4.043310058503503,4.595702606329146,2020 Q4,6.771440733333334,-2.2989518224698635,-0.2
NAIRU[94],4.338459748599398,3.9011598832956005,4.778854928448232,4.064690439846605,4.61107440259077,2021 Q1,5.928383266666667,-4.464260590811708,0.9
NAIRU[95],4.352775980261674,3.9187478079339653,4.7901700500336934,4.0837616524482865,4.625244471640591,2021 Q2,5.201759,-6.782259633876109,0.3
NAIRU[96],4.369194360915246,3.9391014556139563,4.805534443145603,4.100243608290328,4.637511874981331,2021 Q3,4.672518066666667,1.1864545956192352,2.7
NAIRU[97],4.381049321439328,3.9605333247307444,4.817337727033043,4.1173873627041395,4.650138062056656,2021 Q4,4.6923769,5.202515398928043,0.4
NAIRU[98],4.386745688434074,3.9762526517754395,4.8237084263043055,4.126685919961477,4.653344249003311,2022 Q1,4.0556334,9.299286684916463,1.6
NAIRU[99],4.3930452937977975,3.998547182586908,4.8282863117927475,4.143539069530013,4.658977566480569,2022 Q2,3.801785766666667,8.08520966290951,-0.7
NAIRU[100],4.4160933064718595,4.023603368654168,4.844202971373064,4.16662468670951,4.677159952746208,2022 Q3,3.5312898666666666,8.939550265436758,0.9
NAIRU[101],4.429096560044206,4.040414102212489,4.85971849581329,4.1844101155739795,4.692085416300752,2022 Q4,3.4913950666666667,8.687509078839728,0.1
NAIRU[102],4.439231131631832,4.054748125954439,4.8664216087210725,4.197788445727403,4.698542740819017,2023 Q1,3.6161255,4.382547954002902,0.7
NAIRU[103],4.452051616096493,4.073632041749569,4.883886279278878,4.211045345771447,4.712192785938317,2023 Q2,3.6082628666666667,6.271647386762602,0
NAIRU[104],4.468015833651299,4.0797037553881195,4.901154344826939,4.219218377776477,4.728062540028879,2023 Q3,3.6589056666666666,1.3772214621226908,3.3
NAIRU[105],4.4647634794030155,4.0720888920639,4.903243806303919,4.21422684480331,4.732295225038924,2023 Q4,3.896382233333333,0.5979091056057761,2.2
NAIRU[106],4.4678559953773505,4.068519440198159,4.90757321095465,4.212672957351467,4.734478446489762,2024 Q1,3.9012506,1.0662705744040046,0.7
NAIRU[107],4.47451441845942,4.0698058864688145,4.917784591356309,4.2139438118996715,4.742623604375332,2024 Q2,4.047912166666666,0.9077218151117172,0.6
NAIRU[108],4.4849400529257695,4.070254399585762,4.935859793327894,4.222449902497871,4.762693808429682,2024 Q3,4.124354933333334,1.1333706509849328,0.6
NAIRU[109],4.491395890946684,4.06078033078521,4.955687010403197,4.221467536961659,4.774521636606167,2024 Q4,4.003016266666667,0.4460973940624946,1.9
NAIRU[110],4.498853165441172,4.048662519592228,4.973414961070119,4.21797344899254,4.78976457747136,2025 Q1,4.077463366666667,3.2056416116116537,0.9
NAIRU[111],4.501608577703147,4.03098944557155,4.987953993106805,4.207201314508219,4.801813131394544,2025 Q2,4.166977666666667,2.967576814611661,1.1
NAIRU[112],4.511869594446921,4.021314684372638,5.014812260951652,4.205160853688695,4.826117381528591,2025 Q3,4.323938933333333,2.0818595756032288,0.801677413420811
>>>>>>> Stashed changes
=======
NAIRU[1],5.708113854108436,5.380176366170613,6.0172819809157785,5.4995415174805515,5.908948611985727,1997 Q4,7.976871933333333,6.3871470386661855,0.4
NAIRU[2],5.741298323879758,5.392123871541371,6.07720431466879,5.520707987148522,5.956376662321082,1998 Q1,7.8403206,8.205906323515144,0
NAIRU[3],5.773397487749946,5.406008826964946,6.137080909224326,5.542323245176131,6.0013152938543035,1998 Q2,7.7336126,10.244080555449209,0.4
NAIRU[4],5.806880657624443,5.421296540783693,6.1915836632570205,5.564721902317678,6.045061282761083,1998 Q3,7.7878253,11.102625319350423,3.1
NAIRU[5],5.83415203953394,5.436335971748072,6.242842390306896,5.582525427461193,6.0852308601606815,1998 Q4,7.3745465999999995,6.51638942498538,0.2
NAIRU[6],5.862363550016909,5.450975557156225,6.288169338305965,5.5998249033243335,6.124329792162572,1999 Q1,7.0822801,3.2587647998844282,0.2
NAIRU[7],5.8842357425125815,5.463185491436057,6.32648334201236,5.618005799470969,6.158356327379261,1999 Q2,6.885881366666666,-1.1469027348764982,1.6
NAIRU[8],5.908049141056658,5.479666055724924,6.365848591206005,5.635289450891094,6.1939711185268775,1999 Q3,6.8740763,-5.666003356549165,0
NAIRU[9],5.927740152799439,5.486990474656894,6.405946274461822,5.648990151981897,6.226958087401385,1999 Q4,6.633631266666667,-3.9118416595471217,0.9
NAIRU[10],5.950070589587683,5.49994988527043,6.440159123546008,5.664402414499773,6.260621697834132,2000 Q1,6.650682266666666,-2.0131970951924316,1.5
NAIRU[11],5.95994177646503,5.499881539629699,6.46655032119154,5.670453518794843,6.279458429232472,2000 Q2,6.3018415999999995,4.170891253848286,-0.7
NAIRU[12],5.97141324603714,5.501363680197888,6.4844562906946415,5.675407917857339,6.291655435288846,2000 Q3,5.989475933333333,5.919918008416758,1.6
NAIRU[13],5.97117864482011,5.5019830691110725,6.496539244896383,5.67625338349732,6.29717310881728,2000 Q4,6.1718063999999995,8.981477240732882,3.1
NAIRU[14],5.9657966809726695,5.487043916390791,6.4910358768197955,5.664161463209036,6.295415408149015,2001 Q1,6.366921866666667,8.228463259096674,2
NAIRU[15],5.9454308475703765,5.470057100784771,6.468415010866186,5.6414564137125165,6.27281999223997,2001 Q2,6.869281033333333,8.246203732647572,0.5
NAIRU[16],5.915294681506735,5.438336296371394,6.438663533484791,5.614865995991489,6.239812526997272,2001 Q3,6.867468833333334,5.66886876816568,1.2
NAIRU[17],5.884887702242076,5.411381817223293,6.399901926435302,5.583295948954816,6.202790283611541,2001 Q4,6.979271533333333,2.8755974987303645,1.4
NAIRU[18],5.842449396175454,5.374659551106423,6.350756636471982,5.547700136041134,6.160391548011862,2002 Q1,6.626567866666667,1.9355442952956103,0.5
NAIRU[19],5.790647350860327,5.329721118143097,6.285703700897607,5.501785024901027,6.103376412872606,2002 Q2,6.404474766666667,-4.324132417319415,1.8
NAIRU[20],5.7433673881157,5.28805744283513,6.227545841589788,5.457322163574802,6.044098468495663,2002 Q3,6.280212733333333,-2.753210339020118,0.8
NAIRU[21],5.68850604573593,5.237030782477243,6.1636095637228125,5.407334278175591,5.98206803633622,2002 Q4,6.1575767,-4.345011692652445,0
NAIRU[22],5.636685556254168,5.194675445270663,6.108833085236809,5.35586560900118,5.925930854201321,2003 Q1,6.0556449,-4.659608729443221,0.5
NAIRU[23],5.578310177230916,5.140655534624442,6.03871275638129,5.300531154935219,5.862401016139481,2003 Q2,6.050972933333333,-5.552309049921789,1.5
NAIRU[24],5.522820640400397,5.084945926838535,5.9759347896885044,5.249846094835563,5.801441106394149,2003 Q3,5.906948066666667,-8.031641781620547,1.3
NAIRU[25],5.46593401359577,5.028967960988311,5.9113893625200635,5.193285582809383,5.7451832366125375,2003 Q4,5.708732366666667,-10.389959501815138,1.9
NAIRU[26],5.408172067339056,4.971950662603875,5.8507744566431406,5.1374755220852855,5.683716756365092,2004 Q1,5.537008233333333,-11.98772772594987,0.9
NAIRU[27],5.349811786523074,4.916108968294029,5.795498968175413,5.078970929444002,5.624337170736697,2004 Q2,5.435607833333333,-6.52308022313326,1
NAIRU[28],5.2994807849442855,4.861158931529661,5.7415243478674025,5.0251288029094034,5.575138255009772,2004 Q3,5.4793238,-2.613938820303563,1.9
NAIRU[29],5.254369802165414,4.810140664535543,5.697311762620309,4.979485701076329,5.5315412832453825,2004 Q4,5.1174322,-2.0277192439150937,0.6
NAIRU[30],5.211443471083659,4.766989992255989,5.654208390887168,4.936162545858719,5.492478977748119,2005 Q1,5.106875466666667,-0.5676458004804985,0.2
NAIRU[31],5.174955703091109,4.736156049332833,5.621062869802712,4.9019184130897555,5.460682105651065,2005 Q2,5.057009066666667,-2.6194201090823377,-0.1
NAIRU[32],5.144155790960827,4.711886473883879,5.595367131639416,4.870108913551311,5.431561997756084,2005 Q3,4.958453066666666,-2.6841037524811817,2.4
NAIRU[33],5.117716790525057,4.687834523646905,5.566273225286116,4.845732580855594,5.404556728228693,2005 Q4,5.007769466666667,-1.0294896726862568,1.5
NAIRU[34],5.09922795798197,4.663578431015063,5.546696934594442,4.826972207137448,5.383012768472896,2006 Q1,5.044552666666666,1.1320875624481808,1.3
NAIRU[35],5.0873245404820295,4.656127799697281,5.530299477155118,4.8165996960895345,5.369914741171486,2006 Q2,4.857195366666667,1.2246973609973288,0
NAIRU[36],5.082951400240811,4.652710203368025,5.524799122858366,4.815445637903394,5.365798359600085,2006 Q3,4.678258233333334,-0.7532992307544895,1.1
NAIRU[37],5.087078191170155,4.660413525999268,5.532881879533787,4.8209531348498205,5.364532680321283,2006 Q4,4.515391533333333,-1.5166167471410752,3.2
NAIRU[38],5.083311672323223,4.666871457425359,5.527061405187694,4.818951357662665,5.358461852690268,2007 Q1,4.549659466666666,-2.2771382412477337,1.1
NAIRU[39],5.0789392958788016,4.666328505156561,5.525505240114044,4.818696966795855,5.351444600113069,2007 Q2,4.324776,-4.011999378942566,1.9
NAIRU[40],5.056877550586368,4.652504374601694,5.500604829861378,4.8015406507985405,5.331066306057784,2007 Q3,4.255168566666667,-4.050698427981736,1.2
NAIRU[41],5.03148987492856,4.624850763204865,5.473392305834941,4.775299998533933,5.308433366939557,2007 Q4,4.353768033333333,-4.293342290860114,0.4
NAIRU[42],5.002878553769419,4.588835918908178,5.446948394809441,4.744556781655227,5.280852341494481,2008 Q1,4.085510833333333,-2.8225718064629035,0.5
NAIRU[43],4.967490058545469,4.552644901460158,5.416566949781154,4.703262690389371,5.245027425673101,2008 Q2,4.258409866666667,-2.366974408590483,1.9
NAIRU[44],4.932970339120448,4.504538402378457,5.376869263096988,4.6624192539798965,5.210459404935062,2008 Q3,4.1849405,0.5888142625222414,0.5
NAIRU[45],4.882770896424384,4.4496003479388,5.331677356737975,4.609864302512573,5.159105304917941,2008 Q4,4.4409917,15.997331929834147,0.8
NAIRU[46],4.845690425158166,4.4107006937333315,5.297272520114863,4.573289872832529,5.124987516567118,2009 Q1,5.307062133333333,17.60498742460772,-0.6
NAIRU[47],4.808757629689746,4.3650271858418375,5.25835401537144,4.533404795892524,5.090574578590349,2009 Q2,5.728827166666667,12.903025974373161,0.7
NAIRU[48],4.772181029841181,4.323858906622405,5.218971150273008,4.49080775611904,5.055461379426781,2009 Q3,5.683132533333334,6.166011635755986,2.2
NAIRU[49],4.732206440823034,4.28462489393357,5.186356898258407,4.451173099412683,5.013435419976997,2009 Q4,5.5577709,-12.760168444084918,0.6
NAIRU[50],4.703716522326777,4.250448197684168,5.153046702033812,4.42481790042069,4.9849232812962905,2010 Q1,5.328896833333333,-14.112877009846336,0.4
NAIRU[51],4.667055151398302,4.212128812823894,5.114356927365959,4.386419945344292,4.951128147455789,2010 Q2,5.290768,-7.654007712233479,2.2
NAIRU[52],4.637911285159566,4.182871410135535,5.080774564029317,4.351710166267598,4.915482775648151,2010 Q3,5.124878366666667,-3.0829158019901826,2.1
NAIRU[53],4.605823390874207,4.145663096336819,5.049531613706922,4.320256136853893,4.887313600128979,2010 Q4,5.090218133333333,-2.3438572972017013,1.4
NAIRU[54],4.585056165764531,4.121306943592458,5.02491784156269,4.294255243732869,4.864760919294846,2011 Q1,4.9673792,-4.185525773661247,0
NAIRU[55],4.576500881648274,4.115604040922721,5.015066724528297,4.286787327748321,4.854526756716877,2011 Q2,4.9630677,-5.84962066816086,2.3
NAIRU[56],4.563984517625093,4.103973363240011,5.003734111340881,4.278328786513409,4.842842588680063,2011 Q3,5.194879766666666,-5.760499194271507,1.5
NAIRU[57],4.562854665549646,4.102615946855327,4.9978780407618055,4.276080538038696,4.842529508581944,2011 Q4,5.205116,0,0.2
NAIRU[58],4.563955607933,4.103206389492497,5.002622958618515,4.2806436697701065,4.84210202821719,2012 Q1,5.1413123,-2.2111453607431386,1.2
NAIRU[59],4.573284107258884,4.107589067548448,5.011947245577452,4.287977510892156,4.8513899109022685,2012 Q2,5.119095066666667,1.197619104671599,0.9
NAIRU[60],4.5936908177033144,4.126130804894309,5.0366555440460985,4.303210100745203,4.872471813878795,2012 Q3,5.275867166666667,0,-0.2
NAIRU[61],4.605244415181486,4.13228859491281,5.054648731093931,4.310686079639133,4.889735409028805,2012 Q4,5.366378533333333,-1.996074256253788,0.8
NAIRU[62],4.614796629852335,4.135507400056675,5.0761679485332545,4.315869377303882,4.903854193918776,2013 Q1,5.4757147,0.708863727773501,-0.1
NAIRU[63],4.61975311880242,4.133925863781006,5.09156025315831,4.317914494514704,4.911346670600617,2013 Q2,5.631051,-0.5970166986504211,0.7
NAIRU[64],4.620703191554954,4.129832842268606,5.1004565923985785,4.315761907573312,4.919292542526596,2013 Q3,5.728568366666667,5.475463371835865,0.6
NAIRU[65],4.625291932675151,4.124245009610298,5.113595027415819,4.313470384513965,4.9284069751032336,2013 Q4,5.8398981333333335,4.629088381435409,1.8
NAIRU[66],4.609133746327862,4.107904697575712,5.10276075334961,4.294170246018662,4.914045158080546,2014 Q1,5.898870633333334,7.669939312596341,0.3
NAIRU[67],4.595322912550419,4.087278770902781,5.092305483639075,4.279431262487083,4.90544194563165,2014 Q2,5.9273562,4.964523048916547,0.8
NAIRU[68],4.571737816828959,4.062379905706809,5.067573827277908,4.256696428229365,4.880922371780995,2014 Q3,6.1702621,-0.19047624806542984,0.7
NAIRU[69],4.5490009789624,4.0355726786084025,5.041984160214587,4.231838376580422,4.858477134956089,2014 Q4,6.2530794,3.8702329019038473,0.8
NAIRU[70],4.521775309537114,4.004910548639441,5.012814564862534,4.201366476456632,4.828689858744499,2015 Q1,6.203302166666667,4.923510299768541,-1.1
NAIRU[71],4.498264014111638,3.9836411908463134,4.98892465890436,4.178086651516447,4.802431376704819,2015 Q2,6.0167187,6.346957394866681,0.6
NAIRU[72],4.470173748881798,3.954657856790699,4.956757689461594,4.155660144818067,4.772711913215895,2015 Q3,6.179565333333334,9.97202349434545,1
NAIRU[73],4.446370824447021,3.9357198685404433,4.930250576293656,4.135168611990633,4.750576844718983,2015 Q4,5.8343175,8.430710645999362,0.4
NAIRU[74],4.422861532865787,3.9159186879873533,4.903460985424284,4.114943883231869,4.722873757675964,2016 Q1,5.796893633333333,3.9254931018431805,-0.2
NAIRU[75],4.408951224585669,3.9019546662434106,4.883196565954444,4.096007557463163,4.706218962108014,2016 Q2,5.6870614999999995,2.2037031046728828,0.6
NAIRU[76],4.38660474533331,3.8839741034050355,4.86360835426979,4.078490883758192,4.683297724392748,2016 Q3,5.658726533333334,-2.092491342424818,0.3
NAIRU[77],4.368065541484398,3.8735592970185957,4.840691544005648,4.0617238140574425,4.662875308315429,2016 Q4,5.7332262,-4.082199452025481,-0.6
NAIRU[78],4.355640919429497,3.8626237284755227,4.8230246015658524,4.051911145884128,4.645073454701567,2017 Q1,5.8083196,-3.3046485355948008,-0.5
NAIRU[79],4.340495510670191,3.850442131273124,4.80243648003134,4.039823175086078,4.632922338729421,2017 Q2,5.5925758000000005,-0.9636517848274018,0.9
NAIRU[80],4.32124506418984,3.8384120159874464,4.779692017991463,4.0201728794293725,4.610618090773137,2017 Q3,5.5341101,-1.5986130846302515,1
NAIRU[81],4.302253863948673,3.8222382300651243,4.75581271979151,4.006361403884134,4.589300090361992,2017 Q4,5.491339666666667,-0.44424773195608225,0.8
NAIRU[82],4.285889404776015,3.808858396074061,4.731447031183632,3.991954326391948,4.565369061689669,2018 Q1,5.5460239,-0.5319161477600254,0.7
NAIRU[83],4.267481461361715,3.7947274253316237,4.712824969700478,3.9759990487145274,4.54605962961171,2018 Q2,5.4403123,0.4391750580978737,0
NAIRU[84],4.252004778882448,3.783884137308243,4.68804018106291,3.963162090900441,4.53035748512339,2018 Q3,5.1876283,3.5183928124475905,0.8
NAIRU[85],4.246304457953075,3.7754363294539726,4.679543844784197,3.95649181226642,4.518929824748611,2018 Q4,5.042911233333333,3.4999197780220648,1.3
NAIRU[86],4.235594131586561,3.7681754115968675,4.66686258982021,3.948630005327444,4.506987784422621,2019 Q1,5.042161233333333,3.2359622773336483,-0.1
NAIRU[87],4.227803171929427,3.7705994197221755,4.658890235876131,3.9491383204549457,4.500846828051409,2019 Q2,5.224567733333333,2.851165052596638,2
NAIRU[88],4.237590417972362,3.784928682075527,4.658192381291927,3.95508582539692,4.505360520780805,2019 Q3,5.256432566666667,2.3068088250274066,0.5
NAIRU[89],4.248023036264985,3.7965137490116256,4.670143197325005,3.9704080821474728,4.516768144358657,2019 Q4,5.1711290666666665,2.1268347403926136,1.3
NAIRU[90],4.272201134180692,3.827017316894621,4.693405538893575,3.9950950706821873,4.536257014264386,2020 Q1,5.1843763,2.4650631943442747,1.4
NAIRU[91],4.283906830138871,3.8449580262360343,4.702418235985321,4.008851346104091,4.547183416395443,2020 Q2,6.9041982,3.843413733926049,5.9
NAIRU[92],4.303922474635938,3.8673540987862727,4.722869842185626,4.030677359646003,4.56829407496669,2020 Q3,7.058256933333333,-0.9333966790475046,-1.8
NAIRU[93],4.321530072747391,3.8921189068013913,4.742047436625474,4.049857701096358,4.586287374797365,2020 Q4,6.771440733333334,-2.2989518224698635,-0.2
NAIRU[94],4.336136355551351,3.905535273165008,4.757160067197168,4.067131893934883,4.600232458193088,2021 Q1,5.928383266666667,-4.464260590811708,0.9
NAIRU[95],4.349481376919334,3.9259904550438556,4.773837171087295,4.083700786315234,4.610823924608078,2021 Q2,5.201759,-6.782259633876109,0.3
NAIRU[96],4.366007493691638,3.9456272975927607,4.785655000673335,4.101731583428244,4.626596327861437,2021 Q3,4.672518066666667,1.1864545956192352,2.7
NAIRU[97],4.376245403893351,3.964906091113174,4.790706371041202,4.113923929740697,4.636385353581525,2021 Q4,4.6923769,5.202515398928043,0.4
NAIRU[98],4.379219629905387,3.980922998542563,4.797047673894247,4.121136533171258,4.637420119316781,2022 Q1,4.0556334,9.299286684916463,1.6
NAIRU[99],4.390028003879305,4.000412452846991,4.802007700774105,4.142961317752464,4.6472294239875405,2022 Q2,3.801785766666667,8.08520966290951,-0.7
NAIRU[100],4.4094513260197825,4.030238785408817,4.815707291242603,4.166749540118923,4.664112917595494,2022 Q3,3.5312898666666666,8.939550265436758,0.9
NAIRU[101],4.427331718586012,4.051386887123304,4.833298431903481,4.186335755994407,4.678794419511105,2022 Q4,3.4913950666666667,8.687509078839728,0.1
NAIRU[102],4.435747494548755,4.0567158709248075,4.841326035740792,4.195490086892559,4.689651360925362,2023 Q1,3.6161255,4.382547954002902,0.7
NAIRU[103],4.447525947169549,4.068945294451477,4.860817938406076,4.206841080101598,4.704377036293188,2023 Q2,3.6082628666666667,6.271647386762602,0
NAIRU[104],4.4619399734018845,4.084421209395144,4.877791068686648,4.220338351090861,4.722006772204629,2023 Q3,3.6589056666666666,1.3772214621226908,3.3
NAIRU[105],4.461079127136882,4.076713015901174,4.8891139921020095,4.21832570136519,4.7244919793512015,2023 Q4,3.896382233333333,0.5979091056057761,2.2
NAIRU[106],4.461893551293247,4.0701017653499205,4.891424219293531,4.2134575851224385,4.729278118561064,2024 Q1,3.9012506,1.0662705744040046,0.7
NAIRU[107],4.467033789103876,4.072996843602632,4.906404713837953,4.2157747272715955,4.739051134887579,2024 Q2,4.047912166666666,0.9077218151117172,0.6
NAIRU[108],4.48170995913383,4.080795001182192,4.921382318742488,4.227675159344276,4.756150752868278,2024 Q3,4.124354933333334,1.1333706509849328,0.6
NAIRU[109],4.485952777347741,4.071440679576957,4.935269631467622,4.222547627365826,4.765688980168684,2024 Q4,4.003016266666667,0.4460973940624946,1.9
NAIRU[110],4.492770705788182,4.060074058464,4.958244740698899,4.21688997631361,4.780657029726647,2025 Q1,4.077463366666667,3.2056416116116537,0.9
NAIRU[111],4.497161235423607,4.04095045846916,4.977345035203797,4.20683823471142,4.793657807111284,2025 Q2,4.166977666666667,2.967576814611661,1.1
NAIRU[112],4.506818205586349,4.0262217813114916,5.0121796148561355,4.20806388806482,4.817212277932619,2025 Q3,4.323938933333333,2.0818595756032288,0.7999964350319454
>>>>>>> Stashed changes
=======
NAIRU[1],5.712130242177654,5.385306557191142,6.019581702362331,5.50536367417425,5.910109998590881,1997 Q4,7.976871933333333,6.3871470386661855,0.4
NAIRU[2],5.744453259437074,5.399425735028621,6.076510512823963,5.5279676313433805,5.958091557881587,1998 Q1,7.8403206,8.205906323515144,0
NAIRU[3],5.7774623961812175,5.414966730535013,6.13423798380931,5.5516969751240755,6.005573301149215,1998 Q2,7.7336126,10.244080555449209,0.4
NAIRU[4],5.810605602658402,5.437513300543715,6.18941863822275,5.5732998074666416,6.04755969246566,1998 Q3,7.7878253,11.102625319350423,3.1
NAIRU[5],5.841941574291587,5.4514865713458285,6.233339487010127,5.593887070373645,6.087190364848723,1998 Q4,7.3745465999999995,6.51638942498538,0.2
NAIRU[6],5.869909028034238,5.462683175033705,6.279422713721469,5.6159628829096615,6.125400302130093,1999 Q1,7.0822801,3.2587647998844282,0.2
NAIRU[7],5.8922671899997745,5.480301603587961,6.319886547397383,5.632901386031937,6.156927694004758,1999 Q2,6.885881366666666,-1.1469027348764982,1.6
NAIRU[8],5.917535253856279,5.490042853299144,6.3626057774582065,5.648233623258365,6.195281741996727,1999 Q3,6.8740763,-5.666003356549165,0
NAIRU[9],5.940911047390497,5.500713782155309,6.39735124239355,5.662642258048345,6.225888971445998,1999 Q4,6.633631266666667,-3.9118416595471217,0.9
NAIRU[10],5.967697100553586,5.515775413953594,6.441237845095634,5.679590972793057,6.2617933568446364,2000 Q1,6.650682266666666,-2.0131970951924316,1.5
NAIRU[11],5.978868541244838,5.513519517271645,6.467223860589232,5.684341772227416,6.279468392399679,2000 Q2,6.3018415999999995,4.170891253848286,-0.7
NAIRU[12],5.9884478663210405,5.515485245646299,6.483946560561054,5.688632855132904,6.29548565292274,2000 Q3,5.989475933333333,5.919918008416758,1.6
NAIRU[13],5.991862115052965,5.509148299293373,6.492325782964799,5.690600585570966,6.302313647520403,2000 Q4,6.1718063999999995,8.981477240732882,3.1
NAIRU[14],5.983220187028175,5.502880569199437,6.487994037708416,5.680922624955075,6.299993031247939,2001 Q1,6.366921866666667,8.228463259096674,2
NAIRU[15],5.962974666297715,5.483267873526736,6.4705829980581395,5.655163354070716,6.277160976188721,2001 Q2,6.869281033333333,8.246203732647572,0.5
NAIRU[16],5.935126203985184,5.4554415292280805,6.434413661495037,5.628294365939639,6.243750094703362,2001 Q3,6.867468833333334,5.66886876816568,1.2
NAIRU[17],5.901807157228711,5.422703141801254,6.397280515384512,5.600089816693576,6.207768066205023,2001 Q4,6.979271533333333,2.8755974987303645,1.4
NAIRU[18],5.8605414575752715,5.3870671726004495,6.347927402105148,5.561763478693274,6.164440710003445,2002 Q1,6.626567866666667,1.9355442952956103,0.5
NAIRU[19],5.8106098403926545,5.341538286480006,6.284949846569811,5.517624527063788,6.109749629878096,2002 Q2,6.404474766666667,-4.324132417319415,1.8
NAIRU[20],5.760317200822302,5.297959147948971,6.225285895026156,5.469772973337985,6.052762197583891,2002 Q3,6.280212733333333,-2.753210339020118,0.8
NAIRU[21],5.706269583968016,5.242492156191354,6.164060379413328,5.41758012832126,5.990529112000399,2002 Q4,6.1575767,-4.345011692652445,0
NAIRU[22],5.654089584806146,5.198398691310798,6.104562236780145,5.372814231917339,5.936296205869659,2003 Q1,6.0556449,-4.659608729443221,0.5
NAIRU[23],5.59806999365815,5.145491586611489,6.042707099919845,5.314903133027491,5.874121871552511,2003 Q2,6.050972933333333,-5.552309049921789,1.5
NAIRU[24],5.5403195098061575,5.0920004627378495,5.98615265105909,5.259247116444229,5.817466600007236,2003 Q3,5.906948066666667,-8.031641781620547,1.3
NAIRU[25],5.483492233905123,5.03891741107967,5.927104900888983,5.207297124930884,5.758821929220243,2003 Q4,5.708732366666667,-10.389959501815138,1.9
NAIRU[26],5.4245169446921375,4.979293413098711,5.86828661539696,5.145659975372841,5.6997731034496395,2004 Q1,5.537008233333333,-11.98772772594987,0.9
NAIRU[27],5.3665153174585445,4.925392608605128,5.809908088624695,5.0897440405635,5.641933329105457,2004 Q2,5.435607833333333,-6.52308022313326,1
NAIRU[28],5.314466252504758,4.868407726773983,5.755006597713346,5.037484912033416,5.591773434163917,2004 Q3,5.4793238,-2.613938820303563,1.9
NAIRU[29],5.27053200403221,4.823045228036693,5.709120500147879,4.991833548751058,5.54674694328539,2004 Q4,5.1174322,-2.0277192439150937,0.6
NAIRU[30],5.228800541916611,4.784431429144893,5.668722224277422,4.948621461706906,5.506097153150323,2005 Q1,5.106875466666667,-0.5676458004804985,0.2
NAIRU[31],5.194220924127464,4.744291211283817,5.639257365190586,4.914114606184648,5.471207551776195,2005 Q2,5.057009066666667,-2.6194201090823377,-0.1
NAIRU[32],5.163871744659553,4.7140005404371825,5.606764015052254,4.882951143354298,5.441935229213588,2005 Q3,4.958453066666666,-2.6841037524811817,2.4
NAIRU[33],5.135120751709417,4.687820744081137,5.583008743700064,4.856612488170738,5.4163930835509095,2005 Q4,5.007769466666667,-1.0294896726862568,1.5
NAIRU[34],5.116617100111931,4.674395804143977,5.559499694911499,4.8370557533759,5.396092983540948,2006 Q1,5.044552666666666,1.1320875624481808,1.3
NAIRU[35],5.107033952917797,4.665513082845013,5.552247812499282,4.830965591859597,5.387089311787223,2006 Q2,4.857195366666667,1.2246973609973288,0
NAIRU[36],5.101227588919394,4.663916207043968,5.545877119421633,4.832675705064192,5.382177013991901,2006 Q3,4.678258233333334,-0.7532992307544895,1.1
NAIRU[37],5.103522648405022,4.671055422445548,5.552231250988261,4.835247144813107,5.3829136378292795,2006 Q4,4.515391533333333,-1.5166167471410752,3.2
NAIRU[38],5.0981219902558514,4.673732020199395,5.546907939297107,4.830866156180108,5.375915068958693,2007 Q1,4.549659466666666,-2.2771382412477337,1.1
NAIRU[39],5.093810295653238,4.676556376857764,5.536311402592719,4.828286235516666,5.365421655291862,2007 Q2,4.324776,-4.011999378942566,1.9
NAIRU[40],5.075791606107856,4.659755226592185,5.513028730509576,4.815219913282379,5.344487900843448,2007 Q3,4.255168566666667,-4.050698427981736,1.2
NAIRU[41],5.052414314517037,4.63537363890116,5.488637603931594,4.7879898506850775,5.322043267031882,2007 Q4,4.353768033333333,-4.293342290860114,0.4
NAIRU[42],5.021146219502714,4.598813014744423,5.462071290720955,4.756359115450103,5.291526688300837,2008 Q1,4.085510833333333,-2.8225718064629035,0.5
NAIRU[43],4.9875315662674495,4.558195926740637,5.430087301817163,4.716665135775115,5.2601021783539075,2008 Q2,4.258409866666667,-2.366974408590483,1.9
NAIRU[44],4.950063201418521,4.517775605673651,5.3922718230767055,4.67703975254709,5.227522005394518,2008 Q3,4.1849405,0.5888142625222414,0.5
NAIRU[45],4.900800133765697,4.4621934868107545,5.345947307202724,4.625622448157274,5.1777655941946374,2008 Q4,4.4409917,15.997331929834147,0.8
NAIRU[46],4.865278611959418,4.422901345568234,5.313920970540096,4.588666909486435,5.143661389264532,2009 Q1,5.307062133333333,17.60498742460772,-0.6
NAIRU[47],4.827485901108421,4.376006540438464,5.273154461338302,4.543678426723157,5.104695839509109,2009 Q2,5.728827166666667,12.903025974373161,0.7
NAIRU[48],4.7905276555753336,4.327182019862834,5.2379975940175845,4.505457713587724,5.067712779580582,2009 Q3,5.683132533333334,6.166011635755986,2.2
NAIRU[49],4.750505295585295,4.284016455528423,5.193002668493442,4.464083021918651,5.027421121445613,2009 Q4,5.5577709,-12.760168444084918,0.6
NAIRU[50],4.723010095919379,4.261139906453978,5.162890243264684,4.434364647486227,4.998974091212718,2010 Q1,5.328896833333333,-14.112877009846336,0.4
NAIRU[51],4.689057643956751,4.22396700485438,5.132448820716596,4.397924128160372,4.964001067257292,2010 Q2,5.290768,-7.654007712233479,2.2
NAIRU[52],4.65323489562671,4.1908311869917805,5.093236638072236,4.364148846111882,4.9359730187792445,2010 Q3,5.124878366666667,-3.0829158019901826,2.1
NAIRU[53],4.6253474181518035,4.157416451944038,5.067664050275341,4.334512364571544,4.90682536135248,2010 Q4,5.090218133333333,-2.3438572972017013,1.4
NAIRU[54],4.604618828808592,4.130829861929414,5.046289621708489,4.313574938221414,4.883636210092433,2011 Q1,4.9673792,-4.185525773661247,0
NAIRU[55],4.59510766508163,4.123561842778702,5.030721791889019,4.298426053295204,4.872396259131219,2011 Q2,4.9630677,-5.84962066816086,2.3
NAIRU[56],4.584541569276146,4.111522040538281,5.017829464964046,4.289812167116708,4.860291299325924,2011 Q3,5.194879766666666,-5.760499194271507,1.5
NAIRU[57],4.57832755145668,4.108259315863477,5.014621477947124,4.285209189164348,4.855323884848498,2011 Q4,5.205116,0,0.2
NAIRU[58],4.582125203715661,4.111080665036241,5.0138263354002675,4.288428046418961,4.855498090522417,2012 Q1,5.1413123,-2.2111453607431386,1.2
NAIRU[59],4.590312924891611,4.117601796939516,5.029296765452654,4.298738076834262,4.865994516654584,2012 Q2,5.119095066666667,1.197619104671599,0.9
NAIRU[60],4.60822329548558,4.13152650286839,5.04825927838117,4.310545756405424,4.887169357898825,2012 Q3,5.275867166666667,0,-0.2
NAIRU[61],4.6218394234396865,4.141526192266792,5.064096963534197,4.324684041503974,4.905563412168745,2012 Q4,5.366378533333333,-1.996074256253788,0.8
NAIRU[62],4.630316602343511,4.146771629761017,5.074941146369091,4.329560012305608,4.9140117325418196,2013 Q1,5.4757147,0.708863727773501,-0.1
NAIRU[63],4.636005116145342,4.14790134697601,5.094510938113762,4.329518335997654,4.923827156841353,2013 Q2,5.631051,-0.5970166986504211,0.7
NAIRU[64],4.63854373688649,4.142636573005832,5.101212674336575,4.3318256027835504,4.928258022167922,2013 Q3,5.728568366666667,5.475463371835865,0.6
NAIRU[65],4.636796797641564,4.135087160851088,5.110014456745566,4.328145934349283,4.933742360264599,2013 Q4,5.8398981333333335,4.629088381435409,1.8
NAIRU[66],4.621687199275821,4.11941088353469,5.095863432106198,4.312710686416634,4.923285639530668,2014 Q1,5.898870633333334,7.669939312596341,0.3
NAIRU[67],4.609767618896888,4.102319251685052,5.087294056839079,4.297692249850062,4.911742971544243,2014 Q2,5.9273562,4.964523048916547,0.8
NAIRU[68],4.58491494999142,4.074386277266259,5.062160775463107,4.270757624967918,4.8857502985177215,2014 Q3,6.1702621,-0.19047624806542984,0.7
NAIRU[69],4.563533207410217,4.049901859902343,5.04350114942569,4.246744916482944,4.861510125442172,2014 Q4,6.2530794,3.8702329019038473,0.8
NAIRU[70],4.534473287333945,4.019132806112978,5.009165367775444,4.218061771910064,4.833072617557964,2015 Q1,6.203302166666667,4.923510299768541,-1.1
NAIRU[71],4.510564666827777,3.9936728088673403,4.991605899829374,4.195057479313135,4.810836571630915,2015 Q2,6.0167187,6.346957394866681,0.6
NAIRU[72],4.484736835107524,3.96711307879156,4.956691440658678,4.168526741263286,4.781269143590388,2015 Q3,6.179565333333334,9.97202349434545,1
NAIRU[73],4.463663918716561,3.949494242843447,4.929575407431397,4.147483550659765,4.759166252911753,2015 Q4,5.8343175,8.430710645999362,0.4
NAIRU[74],4.438740378717533,3.9295181031364237,4.905708890816813,4.124146861133957,4.7322935206302335,2016 Q1,5.796893633333333,3.9254931018431805,-0.2
NAIRU[75],4.4227674820284655,3.9154760988066886,4.886263395908151,4.109157935215763,4.713296485773128,2016 Q2,5.6870614999999995,2.2037031046728828,0.6
NAIRU[76],4.4020268617639555,3.8966340058756574,4.855366828230975,4.094138072207608,4.689906777710282,2016 Q3,5.658726533333334,-2.092491342424818,0.3
NAIRU[77],4.385610640512414,3.885472896546048,4.840829834388871,4.074099454997707,4.671989886396906,2016 Q4,5.7332262,-4.082199452025481,-0.6
NAIRU[78],4.371194555713283,3.872884154879491,4.823000220691059,4.065002390610969,4.657835408476619,2017 Q1,5.8083196,-3.3046485355948008,-0.5
NAIRU[79],4.355289937289057,3.8637749978872034,4.799079655442538,4.049705332290163,4.637708376514526,2017 Q2,5.5925758000000005,-0.9636517848274018,0.9
NAIRU[80],4.338820203463682,3.847852114947095,4.779290512889045,4.04154224158435,4.618367742166379,2017 Q3,5.5341101,-1.5986130846302515,1
NAIRU[81],4.322394620674592,3.836775782133336,4.754490357380034,4.020246356881589,4.596692400490122,2017 Q4,5.491339666666667,-0.44424773195608225,0.8
NAIRU[82],4.300915845326857,3.8196195380241558,4.7349925174138585,4.006573406637472,4.5775981502329826,2018 Q1,5.5460239,-0.5319161477600254,0.7
NAIRU[83],4.286278102485703,3.8043554365976613,4.7080208658104485,3.9883113564296693,4.557309170400556,2018 Q2,5.4403123,0.4391750580978737,0
NAIRU[84],4.270108762266876,3.7907477899018875,4.694793456104654,3.977204701794958,4.540341766046601,2018 Q3,5.1876283,3.5183928124475905,0.8
NAIRU[85],4.261062295285626,3.785045423874504,4.680716062930487,3.968074067050112,4.526924953780785,2018 Q4,5.042911233333333,3.4999197780220648,1.3
NAIRU[86],4.253723158081561,3.7785336062618025,4.669152420898035,3.960183310749716,4.515365232689752,2019 Q1,5.042161233333333,3.2359622773336483,-0.1
NAIRU[87],4.246955464083868,3.7753858669687985,4.662356172023912,3.9614746133333147,4.513137316248678,2019 Q2,5.224567733333333,2.851165052596638,2
NAIRU[88],4.25165135082246,3.7851820255147817,4.6708914693983115,3.965586851713934,4.516539137047655,2019 Q3,5.256432566666667,2.3068088250274066,0.5
NAIRU[89],4.261789891967818,3.7996283237225326,4.680848889779736,3.98304045115124,4.527704889622699,2019 Q4,5.1711290666666665,2.1268347403926136,1.3
NAIRU[90],4.285170398853092,3.8291809305859505,4.703418037967498,4.006797316276172,4.549015991091228,2020 Q1,5.1843763,2.4650631943442747,1.4
NAIRU[91],4.296695569429361,3.84338184418067,4.715350551717728,4.020714311443534,4.5611177469383,2020 Q2,6.9041982,3.843413733926049,5.9
NAIRU[92],4.315428199917102,3.867704772100044,4.734039659240425,4.039591460649928,4.581071790016711,2020 Q3,7.058256933333333,-0.9333966790475046,-1.8
NAIRU[93],4.334300990686492,3.894115906143406,4.752910621002419,4.0584461163807335,4.598384535836116,2020 Q4,6.771440733333334,-2.2989518224698635,-0.2
NAIRU[94],4.34905685096134,3.9118708642485593,4.769050113701497,4.073846948020392,4.613450786987259,2021 Q1,5.928383266666667,-4.464260590811708,0.9
NAIRU[95],4.3643060624643795,3.932831562989489,4.781518785512963,4.094632639932168,4.62439744756993,2021 Q2,5.201759,-6.782259633876109,0.3
NAIRU[96],4.3777030733981235,3.9526532759421023,4.79936121505164,4.109637087475047,4.641140107318953,2021 Q3,4.672518066666667,1.1864545956192352,2.7
NAIRU[97],4.388335288640883,3.9724461278403216,4.806540274096869,4.124216038017503,4.647520320110287,2021 Q4,4.6923769,5.202515398928043,0.4
NAIRU[98],4.3942241435432585,3.9853058387462696,4.805391178812864,4.13734386638755,4.6510679946937294,2022 Q1,4.0556334,9.299286684916463,1.6
NAIRU[99],4.401716007631409,4.005171173467333,4.815258558471104,4.148741098824082,4.660814484430472,2022 Q2,3.801785766666667,8.08520966290951,-0.7
NAIRU[100],4.420720759270813,4.031339823445762,4.836377207756227,4.1730486906847934,4.678163258092336,2022 Q3,3.5312898666666666,8.939550265436758,0.9
NAIRU[101],4.4354762062530755,4.052051233082649,4.857234003291659,4.1929222177612875,4.693888700101604,2022 Q4,3.4913950666666667,8.687509078839728,0.1
NAIRU[102],4.444347430444781,4.063235918046084,4.866509756574782,4.199590127851499,4.705429524642575,2023 Q1,3.6161255,4.382547954002902,0.7
NAIRU[103],4.458067069860154,4.073781740065738,4.8843690743655985,4.215489981300544,4.719521091489991,2023 Q2,3.6082628666666667,6.271647386762602,0
NAIRU[104],4.4738665877927835,4.08719838188193,4.902536307170536,4.2305220481384405,4.738581388763967,2023 Q3,3.6589056666666666,1.3772214621226908,3.3
NAIRU[105],4.474189062533165,4.07801835610642,4.9057833325713736,4.225281915913978,4.7395080813564405,2023 Q4,3.896382233333333,0.5979091056057761,2.2
NAIRU[106],4.473994418578057,4.077298786536139,4.915240399570363,4.222268953668753,4.742141636393564,2024 Q1,3.9012506,1.0662705744040046,0.7
NAIRU[107],4.479699836575444,4.07229051698764,4.925792279723946,4.224158035321887,4.75259166246801,2024 Q2,4.047912166666666,0.9077218151117172,0.6
NAIRU[108],4.494518105569988,4.0795556253080525,4.947095219463482,4.237543775809893,4.7707703731332245,2024 Q3,4.124354933333334,1.1333706509849328,0.6
NAIRU[109],4.498912997040298,4.070168038654127,4.956402445030679,4.231301364062734,4.782936148070136,2024 Q4,4.003016266666667,0.4460973940624946,1.9
NAIRU[110],4.50531471753288,4.057412430949577,4.978097850277966,4.227302738769625,4.796473788064145,2025 Q1,4.077463366666667,3.2056416116116537,0.9
NAIRU[111],4.507393863359207,4.041566881169646,4.992944263727592,4.217619862161378,4.80976055402747,2025 Q2,4.166977666666667,2.967576814611661,1.1
NAIRU[112],4.517010912294801,4.035520505820935,5.027271760427852,4.214662867946811,4.831290622735733,2025 Q3,4.323938933333333,2.0818595756032288,0.8070554852941323
>>>>>>> Stashed changes
