parameter,mean,median,sd,lower5,lower15,upper85,upper95
alpha_pt_0,-0.001566101021036129,-0.0015542821909285132,0.005328586082732343,-0.010276178743484536,-0.007007392300881479,0.003921491128178865,0.00723090189689039
alpha_pt_lag[1],-0.004582010935476242,-0.004542828071154276,0.004904259164715636,-0.012646473466309545,-0.009610174580094655,4.248494146554915e-4,0.003473986103503139
alpha_pt_lag[2],-4.7623112454454316e-4,-4.5750131946137307e-4,0.004762882987986608,-0.008329800400527308,-0.0053843906735734585,0.004422392536528024,0.0074063695585119315
alpha_pt_lag[3],0.0065671205057309685,0.006549104250709703,0.0047292497069127935,-0.001201109158457289,0.0016896725802741984,0.01142830206308335,0.014285037963072927
alpha_pt_lag[4],-0.005697441460477808,-0.00571872030967846,0.005188802965096672,-0.014260998079380346,-0.011030963389672655,-3.902930687986654e-4,0.002966475025217074
delta_pt_0,1.1172342370151707,1.1164661523005641,0.057959776506743194,1.023533316525338,1.0571777761611594,1.1773128068783998,1.214389697984011
delta_wage1_0,1.1935928010143497,1.1936714223253446,0.08849482067871246,1.0496107453873422,1.1017158682023416,1.2848257850141953,1.3392429978760187
delta_wage2_0,1.5001827611881595,1.4992585258187896,0.15107653086434014,1.2518986784110784,1.3429610631069675,1.6594714599752942,1.7518195608312261
eps_pt,0.15657491350092623,0.15566464821135545,0.013545654871630128,0.13599885119757615,0.14268116682155765,0.17065063796770952,0.17996592762901484
eps_wage1,0.6952708097488215,0.69232936611474,0.050232459038414855,0.6183695075194433,0.6435619510948737,0.7475150870839945,0.782414775811431
eps_wage2,0.8564608910632736,0.8529896870882148,0.06040249238289514,0.76430050840191,0.7944760970094974,0.918390220241592,0.9618609710295735
gamma_pt_0,-0.5315127267319126,-0.5353781984725405,0.2935545576765032,-1.015511286453107,-0.8339249393375368,-0.22372323982461512,-0.04877348963239483
gamma_pt_lag[1],0.2452688759252735,0.2543635283835556,0.34646144549811875,-0.3452508061107295,-0.1145505643148605,0.6167085030536686,0.8050546544465257
gamma_pt_lag[2],-0.3205981093866833,-0.32219440242808445,0.3695867154532591,-0.929225420443816,-0.7022214097472608,0.06525544273666012,0.2947778473621398
gamma_pt_lag[3],-0.2129877357555912,-0.2151496471948433,0.3485279685217723,-0.786221182604717,-0.5708518688806098,0.14956437853419252,0.3647785778464365
gamma_pt_lag[4],-0.3564166850060684,-0.35637219033367157,0.2968992752483275,-0.8385555235106729,-0.663487520397878,-0.04861690773147813,0.1325198166939414
gamma_wage1_0,-2.3631144230061625,-2.361184527095957,0.7359680508830988,-3.5909131879608887,-3.123484704683987,-1.60744209753324,-1.1508284880041604
gamma_wage1_lag[1],-0.4224476554833726,-0.4268784877052749,0.7859534228062259,-1.705863948951615,-1.2500382908780754,0.3976506580289256,0.8775297054746269
gamma_wage1_lag[2],0.4779670439776145,0.49079593334325666,0.6862312329674745,-0.6856077080238446,-0.246497944726562,1.211243163945668,1.5900913160905912
gamma_wage2_0,-1.0936468128749302,-1.0956253704984351,0.7443035482469847,-2.321122511093526,-1.8670084157812925,-0.3129818739607625,0.13094899040402744
gamma_wage2_lag[1],-0.24193985267004878,-0.23907224740668676,0.7967694028835428,-1.5673573956141318,-1.0605623945073162,0.5835666686520598,1.0729580679371733
gamma_wage2_lag[2],-0.05244358683200515,-0.0503401047920623,0.7400171561447291,-1.2706225469050563,-0.8304026822170185,0.7195635718978637,1.17291177384073
lambda_pt_0,-0.059079144699513066,-0.05384129794037798,0.3740678881270285,-0.6808568943719264,-0.45008948111190866,0.3327582472632322,0.5511794011232676
lambda_wage1_0,-3.435968196676934,-3.4490835121461427,0.863202028168738,-4.8588743831889225,-4.331989158084689,-2.534771339824595,-1.9896145502438232
lambda_wage2_0,-2.648604494485962,-2.6513794718967043,0.8899173117938893,-4.137211671035364,-3.5711905575312723,-1.7143274157409856,-1.1804253251271286
nhat_init,5.713359499947338,5.718484363797986,0.1720700091689315,5.419012514915952,5.531000147686387,5.897551800299405,5.988297536227952
phi_pt_0,-0.016830308783316233,-0.016924491491483756,0.01863163138625879,-0.04717599053678752,-0.03623177142349431,0.0024420780260664804,0.013763355346992238
phi_pt_lag[1],0.005423676842185977,0.005462871533432168,0.01821038450697532,-0.024686326427664666,-0.01336890529812388,0.02419510724700927,0.035185727693137415
phi_pt_lag[2],-0.032259442445265726,-0.03215625993753496,0.018178779576853567,-0.062113402250788596,-0.050797411284689634,-0.013773553048964753,-0.0025257797261831255
phi_pt_lag[3],0.0084404295492882,0.008409960495033841,0.018752756337027002,-0.022280011276997656,-0.010943030441113652,0.027764752662361364,0.039473051267532984
phi_pt_lag[4],-0.015309511375700437,-0.015455519444543625,0.01776960818074729,-0.04426526429527356,-0.03369374033872126,0.0031494865282453207,0.013911595865319773
pthat_init[1],0.7050565180208038,0.7061406443748183,0.1558246227294216,0.44931238344672386,0.5439443343546159,0.8639369734908653,0.9610288199637546
pthat_init[2],0.506709672580355,0.5069430249218101,0.15690975118222508,0.2497388282159679,0.3471653080876447,0.6670894768973722,0.7650587221130185
pthat_init[3],0.5063736297690453,0.5060381980892629,0.15673173253187517,0.24903939964027313,0.34612255560450955,0.667515537336161,0.7632690304291881
pthat_init[4],0.3080900457650721,0.3076469336371418,0.156877147535407,0.05236935224017525,0.14617819318315112,0.4703314067684869,0.5645679864788001
pthat_init[5],0.40664123100843047,0.4057756706528687,0.15673332308539958,0.15074630921389653,0.2468522391878165,0.567113706560386,0.6665587044622465
pthat_init[6],0.5062009115095532,0.5053399155046142,0.15860031366908497,0.2472247121475372,0.3429983629797526,0.6707299204074194,0.766079681855706
pthat_init[7],0.40850023063859253,0.4090346284440435,0.15602734735164359,0.14949637365951798,0.24684697361184044,0.5703408092954039,0.6646295145712797
tau,0.08326406824860763,0.0827942014640541,0.014901676306429317,0.059708788588304355,0.06782643426173617,0.09879909086621558,0.10861978814562022
wage1_init[1],-0.17680477124433241,-0.17999817504037452,0.652541322846161,-1.2585735951492372,-0.8463185238563066,0.49859620770916097,0.8951939333342864
wage1_init[2],0.45606846579902016,0.4538024867080147,0.6562597815494451,-0.6122609983402936,-0.22530186550180645,1.1365272044033654,1.5336191897065161
wage1_init[3],0.5492255932727492,0.5490859960093146,0.6518222191282422,-0.5157650156604875,-0.12865366752811144,1.2256803468963213,1.6122432978520478
wage1_init[4],1.13649188322216,1.1352416264242893,0.662939027771633,0.038715841386487065,0.4613666515450626,1.821077615101129,2.2337910778201864
wage1_init[5],-0.7139466966272902,-0.7182892231926108,0.6507008456639658,-1.7751774482291987,-1.381885901706803,-0.043311895764229204,0.3564959135592768
wage2_init[1],0.4933652622543833,0.4916012827074826,0.7805764579905724,-0.7908300511608162,-0.3148443977260294,1.3009689227949814,1.7806556873161778
wage2_init[2],0.15145669526320843,0.14622027506709667,0.7887764579884399,-1.133542662035734,-0.6672406683282186,0.9703856552578519,1.4422221504787265
wage2_init[3],0.4964808333022384,0.4997447404423804,0.7900185682905271,-0.7995492011473869,-0.3264572706002346,1.3150636334852184,1.7809446491613996
wage2_init[4],2.7708961864490362,2.7725279728142,0.7927681210948647,1.470662213655501,1.9496678480508047,3.5918681976206472,4.068336821159176
wage2_init[5],0.31885071456052144,0.32151219283326915,0.7839274569395736,-0.9638697671443591,-0.4941701952176407,1.1317850474005882,1.6106033142960088
wage_missing[1],0.7571169156199046,0.7590082466806817,0.5753607557552963,-0.18600011467663577,0.16092431663968915,1.3498700556573975,1.693426565557603
wage_missing[2],0.8331871651237452,0.8303760434376483,0.6613610080400137,-0.2370001765287348,0.1521849520970191,1.5184739250548824,1.915030358174311
xi_pt[1],0.4390980805608462,0.4395719091985203,0.12175882817887722,0.2375812831605212,0.31293845841504764,0.56558248348637,0.6365268710740348
xi_pt[2],0.5196753403809674,0.51943005897691,0.13281440721616794,0.3031023019200557,0.3820665731592007,0.6559765498426107,0.7389796987770133
xi_wage1[1],5.392766708253523,5.3946992032547065,0.6965765408228647,4.244460347036417,4.673230002150207,6.113819006201856,6.526747256816547
xi_wage1[2],-0.3405254701191798,-0.3388637039251738,0.7216490631798188,-1.5284639489000507,-1.0895120160383003,0.40609605391010106,0.857331504237749
xi_wage2[1],5.055076699695875,5.0577367614906334,0.8408650892928721,3.6736558932032404,4.1947208734815264,5.922226100055157,6.430960054253646
xi_wage2[2],-1.409868410250143,-1.4105347816943037,0.8651910689441031,-2.819864276538486,-2.3003594545770403,-0.5145523899778711,0.01725442085506362
