date_qtr,dummies,unemp_gap,momentum,expectations,residuals
1997 Q4,NA,NA,NA,NA,NA
1998 Q1,NA,NA,NA,NA,NA
1998 Q2,NA,NA,NA,NA,NA
1998 Q3,NA,NA,NA,NA,NA
1998 Q4,NA,NA,NA,NA,NA
1999 Q1,0,-0.3438448955771276,0.20015360472323185,0.7501817395251452,-0.5173885731626813
1999 Q2,0,-0.28644371680489644,0.1455837811250546,0.7401423625425835,0.5895279595030822
1999 Q3,0,-0.279467979146445,0.097998138520923,0.7456021659015833,-1.2917222709815148
1999 Q4,0,-0.20756150596454803,0.006103944958825034,0.7728417077144583,0.49159303051079095
2000 Q1,0,-0.19020482433575764,0.12400611530818534,0.7630402306603933,0.5928632443565536
2000 Q2,0,-0.08453478409453319,-0.009280595921229146,0.7396546676891653,-0.43134806667618797
2000 Q3,0,0.058352853217524384,0.1997706928265922,0.7331718946376294,0.634778620185376
2000 Q4,0,-0.01522153899017558,0.17359790931530325,0.7308999503204858,0.7876918482142358
2001 Q1,0,-0.12620516386297287,-0.09822526640677409,0.6995328447481927,0.41158489088700656
2001 Q2,0,-0.29484072709707837,-0.09742578297494849,0.7039934684075063,0.18555650524782952
2001 Q3,0,-0.31929173514423903,-0.2509060459443757,0.7119869060049961,-0.22969256158307338
2001 Q4,0,-0.3287656513100998,8.906140109544086e-4,0.7064438376710225,-0.41916450837422153
2002 Q1,0,-0.24237669658577507,-0.05787048655049381,0.7205631984273032,0.0415145966542787
2002 Q2,0,-0.16022506388495572,0.18889477619792158,0.7297580306637016,-0.8920511266027256
2002 Q3,0,-0.14338205901795634,0.12129815725246268,0.7319110250165969,0.8070326295425058
2002 Q4,0,-0.1250451966263746,0.06921848950011428,0.7412842821993678,-0.6969940033584379
2003 Q1,0,-0.10690985414275689,0.06946262423973144,0.7477551602544787,0.8403873651592312
2003 Q2,0,-0.12801880930481385,0.05778005824893175,0.7334573745518256,0.8761643326143477
2003 Q3,0,-0.10571414304047647,0.002712876822163355,0.730305200499244,-1.208809766776652
2003 Q4,0,-0.0381727990425646,0.08653489895146449,0.7354795239440478,-0.6875171544100045
2004 Q1,0,0.017302440958683322,0.12278812663032095,0.7388577029287012,0.4775407966600297
2004 Q2,0,0.0367890252106238,0.1083619245289711,0.7504196394536421,-0.15187380654900506
2004 Q3,0,-0.006526323679099361,0.0634755093659118,0.7487900249434394,0.6891006563954695
2004 Q4,0,0.12884514101706518,-0.029300935123727345,0.7499200496037989,0.49684602372449305
2005 Q1,0,0.14787793310736547,0.24306180982675676,0.7707243983508374,-0.2881907059892468
2005 Q2,0,0.12223085155368567,0.007160268551687284,0.7748400671138307,-0.15231328618103546
2005 Q3,0,0.16064456102229857,0.034494932679161,0.7696776386654518,0.20123205166538038
2005 Q4,0,0.12921293399909403,0.06750442358428034,0.7641107803386284,-0.41383888235660293
2006 Q1,0,0.08930198855320697,-0.03353221160172897,0.779538590701641,1.0375275775535222
2006 Q2,0,0.17726892584667464,-0.025975111989308623,0.7815131601081639,0.315564414476075
2006 Q3,0,0.2880057807003314,0.13736621150417586,0.7836661544610591,-0.8836877244653785
2006 Q4,0,0.37886908245029216,0.1359247532593386,0.7798240706158371,0.8913659038231383
2007 Q1,0,0.35083917667284853,0.1227854474572495,0.7786226759769287,-0.20127856298411184
2007 Q2,0,0.45871590247265376,-0.027178018331794913,0.7848913390928174,0.7138544021154734
2007 Q3,0,0.5214850980407596,0.1812734709452653,0.7980234151458365,-0.9070607588364876
2007 Q4,0,0.420191677685401,0.05483828016168064,0.7997600846238626,-0.0972251248053364
2008 Q1,0,0.5595250698256894,-0.08277928894034717,0.8032691085691893,-0.3464640717662426
2008 Q2,0,0.46452604554220095,0.21607146672170036,0.8114885510987511,0.7810604115724313
2008 Q3,0,0.42895577747390945,-0.14170878342924398,0.8065164425931696,-1.174399781112429
2008 Q4,0,0.27561311788743503,0.0567439843118973,0.7583773920618575,-0.3782384590684009
2009 Q1,0,-0.20247577647817488,-0.16548785830157642,0.7426878917774985,-1.7359689814357626
2009 Q2,0,-0.4133041131448903,-0.518538473116079,0.7470414604689884,-0.6852151997406933
2009 Q3,0,-0.34124405308899475,-0.2545518628048346,0.7698084836261251,0.7640868501857966
2009 Q4,0,-0.2669042086130706,0.02820058051463083,0.7843560642536997,0.2765203745384843
2010 Q1,0,-0.17900109667725234,0.08069020552487281,0.8011517992055684,0.668430613129915
2010 Q2,0,-0.16706846286559207,0.1483786311833495,0.8113696011345027,1.2976707329243653
2010 Q3,0,-0.12682263567887883,0.025518987946034574,0.7994746047096666,0.7577883470764003
2010 Q4,0,-0.11569018464552892,0.11178315051179888,0.8090738668245093,0.5308635237940393
2011 Q1,0,-0.08644369420242959,0.02393302860059694,0.826381086622646,1.3858367536535623
2011 Q2,0,-0.09277855983031669,0.08489445594542758,0.81374860041947,-0.24625762326181422
2011 Q3,0,-0.21483040817860144,0.0028467306819019997,0.8112744411631041,-0.30008373283212375
2011 Q4,0,-0.24157363040319135,-0.15275629576363003,0.8243113572447246,-0.5048740144188274
2012 Q1,0,-0.1992797006600504,-0.00682904043291002,0.7950377710432026,0.6863802536149869
2012 Q2,0,-0.1875739765759118,0.04275098855686043,0.7939315363756929,-0.6043084713521051
2012 Q3,0,-0.25112602616930657,0.014444071042233927,0.7994270247239671,-1.383907351848514
2012 Q4,0,-0.29414335448837536,-0.1002030554262942,0.7795742756909155,0.5364690796903087
2013 Q1,0,-0.324934713501764,-0.05669644162576353,0.7762555716883862,-0.4212718244518593
2013 Q2,0,-0.3785255331062211,-0.06659902556402683,0.7715808380934257,0.23009890622905216
2013 Q3,0,-0.4137071459496545,-0.09300800909247128,0.7596263666864652,-0.3837678169591613
2013 Q4,0,-0.44493459779702904,-0.057275670991252525,0.7588056119331515,0.30089601851488657
2014 Q1,0,-0.4675643919138675,-0.06473451807162109,0.7589602468866744,-0.2843558230780705
2014 Q2,0,-0.4770256218600311,-0.034125734264632605,0.7591148818401973,0.08967682913826291
2014 Q3,0,-0.5552582939310957,-0.015834878783393246,0.7573663173657463,0.15591422332858307
2014 Q4,0,-0.5975751205585282,-0.13324091686766973,0.7573306323764719,0.05866508566288264
2015 Q1,0,-0.5810391368712445,-0.04579221206734044,0.7549992130772039,-0.7112354163689841
2015 Q2,0,-0.5268628658369288,0.028376873178885455,0.760589861396877,0.6167284034890692
2015 Q3,0,-0.5761783775596216,0.10356397755080975,0.7556772278734196,-0.31628106748848556
2015 Q4,0,-0.5014127506538788,-0.09573752968116914,0.7505980644000146,0.01324947628358053
2016 Q1,0,-0.46871099318436954,0.20428153960653472,0.7343257092908386,-0.3546360670401872
2016 Q2,0,-0.45667563238003095,0.022571177943637947,0.7348609841299562,-0.7493201447599517
2016 Q3,0,-0.44816906145028684,0.06657393151789966,0.6999253796302124,0.7218216848811115
2016 Q4,0,-0.4820594310463223,0.016951850802964005,0.7005558144407286,-1.6487054994108337
2017 Q1,0,-0.5117100516749189,-0.04399439163869595,0.6975582753416699,0.5462539725083647
2017 Q2,0,-0.4410620362230207,-0.04605569934953822,0.694061146392768,0.5007831369890308
2017 Q3,0,-0.4070320610570617,0.13371619841662713,0.7019713190152841,-0.09093476451445032
2017 Q4,0,-0.40679075820441063,0.03651878653644109,0.6939303014320949,0.8666771314960582
2018 Q1,0,-0.4308874451381688,0.026451810683245626,0.689993057615474,-0.19044968075458657
2018 Q2,0,-0.4051703799786891,-0.03447718418124357,0.6813691852074678,0.005100998849689398
2018 Q3,0,-0.30501112819114207,0.06989518963951409,0.6836768145138861,0.5116608620240306
2018 Q4,0,-0.2391901884538003,0.1718659771932532,0.6888154529694154,0.4278311922357978
2019 Q1,0,-0.2490232314732383,0.0984456462392599,0.684188299360154,0.19565543533730545
2019 Q2,0,-0.3337110171206189,4.923845210316129e-4,0.684188299360154,0.8618167353441485
2019 Q3,0,-0.3557208971662444,-0.11902623738926986,0.684188299360154,0.2066023026755474
2019 Q4,0,-0.3043127290742545,-0.021135852328593066,0.684188299360154,0.2853401197993994
2020 Q1,0,-0.2931321193196051,0.05643698780226916,0.684188299360154,0.5608681763384563
2020 Q2,5.385597698544359,-0.8021815600552992,-0.006581205134619296,0.684188299360154,0.29294359567915773
2020 Q3,-0.35931618636528684,-0.9220772079532442,-0.8357560010403362,0.684188299360154,-0.013715377137186069
2020 Q4,0,-0.754699744866698,-0.07803667080787685,0.684188299360154,-1.3353485548826949
2021 Q1,0,-0.5105135910080623,0.16594374882875032,0.684188299360154,-0.5895628026319895
2021 Q2,0,-0.22853201294596093,0.5559048256939616,0.684188299360154,0.05403153149712958
2021 Q3,0,0.0053667996597107775,0.5333992498251345,0.684188299360154,1.1369351693208816
2021 Q4,0,-0.014134123271065377,0.38686018102806957,0.684188299360154,-1.8693732150084432
2022 Q1,0,0.2962968104750641,-0.016795329641806748,0.684188299360154,0.05983318854427755
2022 Q2,0,0.5490995524153061,0.574473992387651,0.684188299360154,-0.2748026006563402
2022 Q3,0,0.7354614036718332,0.24656603010638,0.684188299360154,0.5558669473842852
2022 Q4,0,0.7803019024627391,0.2657389318526997,0.684188299360154,-0.6927458895343466
2023 Q1,0,0.6402662248575468,0.037841321097297625,0.684188299360154,0.1664939430978447
2023 Q2,0,0.6273252812530635,-0.11856807101963432,0.684188299360154,-0.07757453485148069
2023 Q3,0,0.617362404403827,0.00737072660565643,0.684188299360154,0.654772776250355
2023 Q4,0,0.4256687872094309,-0.04458098371137146,0.684188299360154,0.4712848397985483
2024 Q1,0,0.3968476603232422,-0.20879034176667416,0.684188299360154,-1.803463598343269e-4
2024 Q2,0,0.3358444566629599,-0.004125206486297067,0.684188299360154,-0.11979986209037108
2024 Q3,0,0.2769419406685948,-0.12197021220219795,0.684188299360154,0.4797671234964508
2024 Q4,0,0.3705658732881748,-0.06550018614543371,0.684188299360154,0.4805290242420788
2025 Q1,0,0.34533632582601204,0.10207106417850383,0.684188299360154,0.18892678145399366
2025 Q2,0,0.2624111639774464,-0.061280190167992174,0.684188299360154,-0.33687906196075224
2025 Q3,0,0.1717120974883904,-0.07100784952313924,0.684188299360154,-0.013661573987688524
