date,DLNULC,DLAENA,dl4pmcg,LUR,DLPTM,PIE_RBAQ,DLWPI,dummy1,dummy2,dummy3,dummy4
1997 Q4,-0.3434835236608258,0.5,6.3871470386661855,7.9770972,0.7,0.6738,0.8968669982760247,0,0,0,0
1998 Q1,0.4032930445027283,0,8.205906323515144,7.8408739999999995,0.5,0.68607,0.8888947417245774,0,0,0,0
1998 Q2,0.47583864324765024,0.4,10.244080555449209,7.733797266666667,0.5,0.67706,0.7347571630394789,0,0,0,0
1998 Q3,1.148777933016909,3.1,11.102625319350423,7.788187766666667,0.3,0.65673,0.729397836255341,0,0,0,0
1998 Q4,-0.9139539849901679,0.2,6.51638942498538,7.374731133333333,0.4,0.63078,0.7241161256559714,0,0,0,0
1999 Q1,0.09506024423613368,0.3,3.2587647998844282,7.082398266666667,0.5,0.63067,0.862074304390692,0,0,0,0
1999 Q2,1.221535127532647,1.6,-1.1469027348764982,6.8860694,0.5,0.62223,0.712761392423289,0,0,0,0
1999 Q3,-0.7579206026584684,0,-5.666003356549165,6.874329333333334,0.8,0.62682,0.7077170374084396,0,0,0,0
1999 Q4,1.0769684147841074,0.9,-3.9118416595471217,6.6338941,0.6,0.64972,0.7027435807457572,0,0,0,0
2000 Q1,1.2791092911872415,1.4,-2.0131970951924316,6.650447566666667,0.7,0.64148,0.5586606708638975,0,0,0,0
2000 Q2,0.22199009694079397,-0.6,4.170891253848286,6.302025133333333,0.6,0.62182,0.9702085806450711,0,0,0,0
2000 Q3,1.6006092804463634,1.6,5.919918008416758,5.989682466666666,0.5,0.61637,0.82418048951034,0,0,0,0
2000 Q4,1.696677778950595,3.1,8.981477240732882,6.172054533333333,0.6,0.61446,0.9530364850694362,0,0,0,0
2001 Q1,0.8780408499072356,1.9,8.228463259096674,6.366198933333333,1,0.58809,0.944039377908723,0,0,0,0
2001 Q2,0.5173479262792213,0.5,8.246203732647572,6.869487,0.8,0.59184,0.9352105570280322,0,0,0,0
2001 Q3,-0.06864248775311221,1.2,5.66886876816568,6.8677198,0.7,0.59856,0.6626929487609345,0,0,0,0
2001 Q4,-0.05343376428146307,1.4,2.8755974987303645,6.979422733333333,0.8,0.5939,0.7894777847007539,0,0,0,0
2002 Q1,0.4698029345161725,0.6,1.9355442952956103,6.627503566666666,0.8,0.60577,0.7832938221187469,0,0,0,0
2002 Q2,-0.13614508422536975,1.7,-4.324132417319415,6.404674933333333,0.6,0.6135,0.7772059847702906,0,0,0,0
2002 Q3,1.5154858892433731,0.8,-2.753210339020118,6.2804167,0.7,0.61531,0.8991711191963958,0,0,0,0
2002 Q4,-0.008033845420829522,0.1,-4.345011692652445,6.1577594,0.7,0.62319,0.8911580300563493,0,0,0,0
2003 Q1,1.5417337648650609,0.5,-4.659608729443221,6.056230833333333,0.8,0.62863,1.0088357944340487,0,0,0,0
2003 Q2,1.5545877755401616,1.4,-5.552309049921789,6.051158766666666,0.5,0.61661,0.7500035156546403,0,0,0,0
2003 Q3,-0.5915692490312319,1.3,-8.031641781620547,5.907139366666667,0.7,0.61396,0.8679533719723409,0,0,0,0
2003 Q4,0.09234868097014459,1.9,-10.389959501815138,5.708891933333334,0.7,0.61831,0.9828088936262525,0,0,0,0
2004 Q1,1.372697846812354,0.9,-11.98772772594987,5.5373281,0.7,0.62115,0.8521049731933239,0,0,0,0
2004 Q2,0.7524544870042504,0.9,-6.52308022313326,5.4357671,0.6,0.63087,0.8449054486527885,0,0,0,0
2004 Q3,1.478321176263253,1.9,-2.613938820303563,5.479468033333333,0.6,0.6295,0.8378265645998084,0,0,0,0
2004 Q4,1.3455660850897333,0.5,-2.0277192439150937,5.117505766666667,0.8,0.63045,1.0669929324696348,0,0,0,0
2005 Q1,0.8776221927317307,0.1,-0.5676458004804985,5.106738933333333,0.6,0.64794,1.0557282805876866,0,0,0,0
2005 Q2,0.7521723333481445,0,-2.6194201090823377,5.057152166666667,0.6,0.6514,1.0446989964655096,0,0,0,0
2005 Q3,1.1538038228051883,2.5,-2.6841037524811817,4.958558066666667,0.6,0.64706,0.9195467093100262,0,0,0,0
2005 Q4,0.5393604227945437,1.4,-1.0294896726862568,5.007900733333334,0.7,0.64238,1.0244824948425268,0,0,0,0
2006 Q1,1.8717697964640179,1.3,1.1320875624481808,5.044217066666667,0.8,0.65535,1.014093197604904,0,0,0,0
2006 Q2,1.253496809367638,0.1,1.2246973609973288,4.857332733333333,0.8,0.65701,1.0039125028328044,0,0,0,0
2006 Q3,0.3087006073639875,1.1,-0.7532992307544895,4.6783231,0.7,0.65882,0.7739120992956039,0,0,0,0
2006 Q4,2.189700930075511,3.2,-1.5166167471410752,4.515433600000001,0.6,0.65559,1.0953012019196962,0,0,0,0
2007 Q1,1.0449419558533624,1.1,-2.2771382412477337,4.549203066666667,0.6,0.65458,0.9756174945364293,0,0,0,0
2007 Q2,1.9299695781254345,2,-4.011999378942566,4.3249086,0.9,0.65985,1.1796383440369596,0,0,0,0
2007 Q3,0.5874484325190776,1.2,-4.050698427981736,4.2551869,0.9,0.67089,0.9549144179853641,0,0,0,0
2007 Q4,1.1631671569799495,0.3,-4.293342290860114,4.3537724,1.2,0.67235,0.9458819865323598,0,0,0,0
2008 Q1,0.9111607640747366,0.7,-2.8225718064629035,4.086193233333333,1.1,0.6753,0.9370188287584291,0,0,0,0
2008 Q2,2.250217180787595,1.8,-2.366974408590483,4.2585304,1.2,0.68221,1.23585507037971,0,0,0,0
2008 Q3,-0.11161339588545705,0.5,0.5888142625222414,4.184951066666667,1.2,0.67803,1.0183387390698684,0,0,0,0
2008 Q4,0.7194358008657531,0.8,15.997331929834147,4.440984833333333,0.7,0.63756,1.008073052835634,0,0,0,0
2009 Q1,-1.3785434155470622,-0.5,17.60498742460772,5.3073285,0.9,0.62437,0.8986580697846414,0,0,0,0
2009 Q2,-0.8495138278521663,0.6,12.903025974373161,5.728991033333333,0.7,0.62803,0.7920833491444235,0,0,0,0
2009 Q3,0.9446573819667847,2.1,6.166011635755986,5.683147433333334,0.7,0.64717,0.39370129593390146,0,0,0,0
2009 Q4,0.8272777972755385,0.5,-12.760168444084918,5.557780466666666,0.8,0.6594,0.782782862024689,0,0,0,0
2010 Q1,1.3624646174172472,0.5,-14.112877009846336,5.3289739,0.8,0.67352,0.9699397088713368,0,0,0,0
2010 Q2,2.0719052863944043,2.1,-7.654007712233479,5.290888466666667,0.4,0.68211,0.7692345623156349,0,0,0,0
2010 Q3,1.469161166800359,2.1,-3.0829158019901826,5.124853266666666,0.6,0.67211,1.048127746758265,0,0,0,0
2010 Q4,1.3169728166288586,1.4,-2.3438572972017013,5.0902647666666665,0.4,0.68018,1.037255881562249,0,0,0,0
2011 Q1,2.222854466123736,-0.1,-4.185525773661247,4.967243833333333,0.8,0.69473,0.9337135995940216,0,0,0,0
2011 Q2,0.5333959993502058,2.4,-5.84962066816086,4.963154433333333,0.8,0.68411,0.740744127786197,0,0,0,0
2011 Q3,0.29769432823412156,1.4,-5.760499194271507,5.1948358,0.4,0.68203,0.9182800982334705,0,0,0,0
2011 Q4,-0.09874143815196135,0.2,0,5.205228533333333,0.6,0.69299,0.9099243855114736,0,0,0,0
2012 Q1,1.2301251022903692,1.2,-2.2111453607431386,5.1409332999999995,0.4,0.66838,0.9914457057178083,0,0,0,0
2012 Q2,0.028886304745534552,0.8,1.197619104671599,5.1191697666666665,0.5,0.66745,0.892863074430128,0,0,0,0
2012 Q3,-0.8055348962879849,-0.2,0,5.2758605,0.7,0.67207,0.7968169649177348,0,0,0,0
2012 Q4,0.8876974580043662,0.8,-1.996074256253788,5.366562533333333,0.5,0.65538,0.7029905928257918,0,0,0,0
2013 Q1,-0.02835975623625142,0,0.708863727773501,5.474762266666667,0.5,0.65259,0.6980831141340182,0,0,0,0
2013 Q2,0.5550859582166279,0.7,-0.5970166986504211,5.631129633333333,0.6,0.64866,0.6068505836380744,0,0,0,0
2013 Q3,-0.13617208459151264,0.7,5.475463371835865,5.728552266666667,0.7,0.63861,0.6031901097706793,0,0,0,0
2013 Q4,0.57167487650025,1.9,4.629088381435409,5.840136733333333,0.8,0.63792,0.6849341845574841,0,0,0,0
2014 Q1,-0.06527731730321396,0.2,7.669939312596341,5.899421033333334,0.5,0.63805,0.7649846060403753,0,0,0,0
2014 Q2,0.3500813127167435,0.7,4.964523048916547,5.927458733333333,0.7,0.63818,0.5067578412305984,0,0,0,0
2014 Q3,0.35171468758468105,0.7,-0.19047624806542984,6.1697918666666665,0.4,0.63671,0.5879899342879469,0,0,0,0
2014 Q4,0.09261951930914503,0.8,3.8702329019038473,6.2535484,0.6,0.63668,0.5845528127435884,0,0,0,0
2015 Q1,-0.5867568098986586,-1.2,4.923510299768541,6.202620733333333,0.6,0.63472,0.581155641477693,0,0,0,0
2015 Q2,0.8884892764322805,1,6.346957394866681,6.0167741,0.6,0.63942,0.4954593124683271,0,0,0,0
2015 Q3,-0.022583086761729376,0.7,9.97202349434545,6.178752033333334,0.3,0.63529,0.5749502491260827,0,0,0,0
2015 Q4,0.15686956889739978,0.4,8.430710645999362,5.8348963666666664,0.6,0.63102,0.49019706002066954,0,0,0,0
2016 Q1,0.09834004113495887,-0.1,3.9254931018431805,5.796122133333333,0.2,0.61734,0.4878058453432921,0,0,0,0
2016 Q2,-0.44262521384947906,0.5,2.2037031046728828,5.686968966666667,0.5,0.61779,0.48543784647980814,0,0,0,0
2016 Q3,1.0670931611871382,0.3,-2.092491342424818,5.657977633333333,0.3,0.58842,0.40273916699824497,0,0,0,0
2016 Q4,-1.4526649221090926,-0.6,-4.082199452025481,5.7340122000000004,0.4,0.58895,0.4811556997222688,0,0,0,0
2017 Q1,0.6553083548931582,-0.6,-3.3046485355948008,5.8072597,0.5,0.58643,0.5584378293900016,0,0,0,0
2017 Q2,0.7539783504512787,0.9,-0.9636517848274018,5.592282366666667,0.5,0.58349,0.4761913760243708,0,0,0,0
2017 Q3,0.26483703423998417,1,-1.5986130846302515,5.5333465,0.4,0.59014,0.4739345363896419,0,0,0,0
2017 Q4,1.2307512325903103,0.8,-0.44424773195608225,5.492290533333334,0.4,0.58338,0.5500996190347607,0,0,0,0
2018 Q1,0.098635755139731,0.7,-0.5319161477600254,5.5448152,0.5,0.58007,0.46911735758801143,0,0,0,0
2018 Q2,0.18816454649077663,0,0.4391750580978737,5.4397393,0.4,0.57282,0.6220859875102569,0,0,0,0
2018 Q3,0.9240508958434202,0.9,3.5183928124475905,5.186675933333333,0.4,0.57476,0.6182399908317926,0,0,0,0
2018 Q4,1.0639473415627876,1.3,3.4999197780220648,5.043828866666667,0.5,0.57908,0.5378422492758439,0,0,0,0
2019 Q1,0.7116655963961271,-0.1,3.2359622773336483,5.042955533333333,0.3,0.57519,0.5349649747239837,0,0,0,0
2019 Q2,1.1152377330418628,2,2.851165052596638,5.223314133333333,0.4,0.57519,0.6079046076382433,0,0,0,0
2019 Q3,0.4455239528121657,0.5,2.3068088250274066,5.255224466666666,0.4,0.57519,0.5289018751791552,0,0,0,0
2019 Q4,0.740789865472613,1.4,2.1268347403926136,5.172597,0.4,0.57519,0.5261192143361626,0,0,0,0
2020 Q1,0.9371094745504682,1.2,2.4650631943442747,5.185859066666667,0.5,0.57519,0.5233656806108655,0,0,0,0
2020 Q2,5.072234368535766,5.9,3.843413733926049,6.901731266666667,0,0.57519,0.2234637801416639,0,0,1,0
2020 Q3,-1.1911876441046076,-1.8,-0.9333966790475046,7.055040866666666,0.3,0.57519,0.07437709528446135,0,0,0,1
2020 Q4,-1.5070240600475904,-0.3,-2.2989518224698635,6.7751145,0.5,0.57519,0.5190964566970102,0,0,0,0
2021 Q1,-0.06946905701450401,1,-4.464260590811708,5.931300433333333,0.3,0.57519,0.6634746048556295,0,0,0,0
2021 Q2,1.0073207026747077,0.2,-6.782259633876109,5.195976666666667,0.5,0.57519,0.5130095531030499,0,0,0,0
2021 Q3,2.426287485473344,2.7,1.1864545956192352,4.669870466666667,0.8,0.57519,0.5103911918175719,1,0,0,0
2021 Q4,-0.9821069023284834,0.6,5.202515398928043,4.694818766666667,1,0.57519,0.6524126076943304,1,0,0,0
2022 Q1,1.136955328952094,1.4,9.299286684916463,4.0593765,1.5,0.57519,0.6481837602190232,1,1,0,0
2022 Q2,1.6406177707288694,-0.5,8.08520966290951,3.795143066666667,1.5,0.57519,0.857760798804108,1,1,0,0
2022 Q3,2.322587111423735,0.8,8.939550265436758,3.5280329,1.9,0.57519,0.9210125324226048,1,1,0,0
2022 Q4,0.8178962721703931,0.1,8.687509078839728,3.4941114333333334,1.7,0.57519,0.8427016161880019,1,1,0,0
2023 Q1,1.453732877219649,0.7,4.382547954002902,3.6214022333333333,1.2,0.57519,0.9742596198819342,1,0,0,0
2023 Q2,1.0700018195660799,0.2,6.271647386762602,3.598379433333333,0.9,0.57519,0.827590930385913,0,0,0,0
2023 Q3,1.9996753756101882,3.2,1.3772214621226908,3.6554442666666667,1.2,0.57519,1.3642776403786527,0,0,0,0
2023 Q4,1.7053210034924549,2.2,0.5979091056057761,3.9003032666666666,0.9,0.57519,1.011130960432105,0,0,0,0
2024 Q1,0.8826509943264171,0.8,1.0662705744040046,3.9094727,1,0.57519,0.7350517559340908,0,0,0,0
2024 Q2,0.8598321549616816,0.7,0.9077218151117172,4.032585933333333,0.9,0.57519,0.8617885619389476,0,0,0,0
2024 Q3,1.1914516762926208,0.1,1.1333706509849328,4.118612633333333,0.8,0.57519,0.8544251782996781,0,0,0,0
2024 Q4,1.6779562747774812,1.9,0.4460973940624946,4.0098031,0.5,0.57519,0.717316411241331,0,0,0,0
2025 Q1,1.2891481309902142,1,3.2056416116116537,4.0922322,0.7,0.57519,0.9055689309808379,0,0,0,0
2025 Q2,0.49513930839513165,1.5,2.967576814611661,4.149667066666667,0.7,0.57519,0.8974419207333106,0,0,0,0
2025 Q3,1.3810633397832839,1.3,2.0818595756032288,4.3174371,1,0.57519,0.7628771899621078,0,0,0,0
2025 Q4,0.5994572683492239,0.5,1.326474865848315,4.258355333333333,0.9,0.57519,0.8199352148686501,0,0,0,0
2026 Q1,0.8778755100913527,0.2,-2.2256111517823918,4.220892066666667,0.8,0.57519,0.7509422022131673,0,0,0,0
2026 Q2,0.8778755100913527,0.2,-2.2256111517823918,4.41864425,0.8,0.57519,0.7509422022131673,0,0,0,0
2026 Q3,0.8778755100913527,0.2,-2.2256111517823918,4.41864425,0.8,0.57519,0.7509422022131673,0,0,0,0
2026 Q4,0.8778755100913527,0.2,-2.2256111517823918,4.41864425,0.8,0.57519,0.7509422022131673,0,0,0,0
2027 Q1,0.813367048177625,0.7374786813092137,-2.2256111517823918,4.41864425,0.8,0.57519,0.7951544591556331,0,0,0,0
