horizon,rmse,variant
0,0.14673600195250863,CPI & ULC model
1,0.1814257627760986,CPI & ULC model
2,0.21470826544070146,CPI & ULC model
3,0.2527610261030872,CPI & ULC model
4,0.2922785031968032,CPI & ULC model
0,0.14531145439029525,CPI & AENA model
1,0.1793078806221136,CPI & AENA model
2,0.21500967301170087,CPI & AENA model
3,0.25152337562887644,CPI & AENA model
4,0.29196622145477147,CPI & AENA model
0,0.14924083432333982,CPI & WPI model
1,0.18414508613038572,CPI & WPI model
2,0.21999077399901149,CPI & WPI model
3,0.25181629526261773,CPI & WPI model
4,0.2870133910992279,CPI & WPI model
