date_qtr,expectations,import_price,unemp_gap,momentum,dummies,aena_demeaned,fitted,actual,residuals,forecast_error_h1,forecast_error_h2,forecast_error_h3,forecast_error_h4
1997 Q4,NA,NA,NA,NA,NA,NA,NA,0.7,NA,NA,NA,NA,NA
1998 Q1,NA,NA,NA,NA,NA,NA,NA,0.5,NA,NA,NA,NA,NA
1998 Q2,NA,NA,NA,NA,NA,NA,NA,0.5,NA,NA,NA,NA,NA
1998 Q3,NA,NA,NA,NA,NA,NA,NA,0.3,NA,NA,NA,NA,NA
1998 Q4,NA,NA,NA,NA,NA,NA,NA,0.4,NA,NA,NA,NA,NA
1999 Q1,NA,NA,NA,NA,NA,NA,NA,0.5,NA,NA,NA,NA,NA
1999 Q2,NA,NA,NA,NA,NA,NA,NA,0.5,NA,NA,NA,NA,NA
1999 Q3,0.7308557874763344,0.04471105757984055,-0.1665039436595405,0.005748487877028585,0,0.033789836526204584,0.6486012257998677,0.8,0.15139877420013237,-0.0486012257998677,0.05139877420013228,-0.0486012257998677,-0.14860122579986768
1999 Q4,0.7575565907902172,0.025329989682844587,-0.13790779270675096,3.551394985982653e-4,0,-0.002989093433701606,0.6423448338312076,0.6,-0.04234483383120757,0.057655166168792404,-0.04234483383120757,-0.14234483383120755,-0.04234483383120757
2000 Q1,0.7479489654929948,0.016733956505943937,-0.12301489660469066,0.007276563733087675,0,-0.02100018670363441,0.6279444024237013,0.7,0.07205559757629865,-0.02794440242370133,-0.1279444024237013,-0.02794440242370133,0.3720555975762987
2000 Q2,0.7250259177571461,-0.03752898196944153,-0.09260736873583954,-5.283437979831398e-4,0,0.02322875009762834,0.6175899733515102,0.6,-0.017589973351510246,-0.11758997335151022,-0.017589973351510246,0.3824100266484898,0.18241002664848982
2000 Q3,0.7186713597632306,-0.05550433151670086,-0.05523199749329013,0.011707708155701008,0,-0.019672519975471356,0.5999702189334692,0.5,-0.09997021893346925,2.978106653073187e-5,0.40002978106653075,0.2000297810665308,0.10002978106653071
2000 Q4,0.7164443495305007,-0.044762658801156305,-0.04398040675446739,0.010184540507782154,0,-0.011059262723486106,0.6268265617591732,0.6,-0.026826561759173195,0.3731734382408268,0.17317343824082687,0.07317343824082678,0.17317343824082687
2001 Q1,0.6856976166315011,-0.01673449049784812,-0.041847192649799476,-0.005765394818598867,0,0.050433675021362284,0.6717842136866169,1,0.3282157863133831,0.12821578631338315,0.028215786313383062,0.12821578631338315,0.12821578631338315
2001 Q2,0.6900700189208924,0.008496821162112214,-0.07470073929151314,-0.005687711255831386,0,-0.002873225134498834,0.6153051644011613,0.8,0.1846948355988387,0.08469483559883861,0.1846948355988387,0.1846948355988387,-0.015305164401161364
2001 Q3,0.6979053638234816,0.012297685961159677,-0.1050491032681271,-0.014749143860021234,0,-0.022087241612236703,0.5683175610442561,0.7,0.13168243895574383,0.23168243895574392,0.23168243895574392,0.03168243895574385,0.13168243895574383
2001 Q4,0.692471925245198,0.022892322377703903,-0.1360952358824309,5.060377252420655e-5,0,0.008731577960987533,0.5880511934739827,0.8,0.21194880652601733,0.21194880652601733,0.011948806526017264,0.11194880652601724,0.11194880652601724
2002 Q1,0.7063120359585513,0.023549274004350446,-0.14016226471127272,-0.0033920167300997913,0,0.02268395550372058,0.6089909840252499,0.8,0.19100901597475017,-0.008990984025249893,0.09100901597475008,0.09100901597475008,0.19100901597475017
2002 Q2,0.7153250145444165,0.02599650019514735,-0.1284783298040434,0.011058804000351679,0,-0.009696385589975638,0.6142056033458965,0.6,-0.01420560334589649,0.08579439665410349,0.08579439665410349,0.18579439665410358,-0.11420560334589647
2002 Q3,0.7174354273827628,0.013261291529805232,-0.11639237665896901,0.007140865525633396,0,0.0016606494290011603,0.6231058572082335,0.7,0.07689414279176643,0.07689414279176643,0.17689414279176652,-0.12310585720823353,0.07689414279176643
2002 Q4,0.7266233020602036,0.03036579584467414,-0.09851155971302811,0.004061134947236586,0,0.014252785893181326,0.6767914590322677,0.7,0.023208540967732283,0.12320854096773237,-0.17679145903226767,0.023208540967732283,0.023208540967732283
2003 Q1,0.7329662003146806,-0.007839627626364004,-0.08844678805453349,0.004076037955569929,0,-0.022098192468121256,0.6186576301212316,0.8,0.1813423698787684,-0.11865763012123165,0.0813423698787683,0.0813423698787683,0.0813423698787683
2003 Q2,0.7189511935097517,-0.01972654225460904,-0.0862118327113493,0.0033768906114231417,0,-8.473102450040891e-4,0.6155423989102123,0.5,-0.11554239891021234,0.08445760108978762,0.08445760108978762,0.08445760108978762,-0.015542398910212363
2003 Q3,0.7158613625585818,0.013959041732719779,-0.08091576524030282,1.728961059499579e-4,0,0.013046064969735077,0.6621236001266837,0.7,0.03787639987331626,0.03787639987331626,0.03787639987331626,-0.06212360012668372,-0.06212360012668372
2003 Q4,0.7209333492142758,0.005773637922901817,-0.06923875770967466,0.005077079781427726,0,0.003958271401491982,0.6665035806104226,0.7,0.03349641938957737,0.03349641938957737,-0.06650358061042261,-0.06650358061042261,0.13349641938957746
2004 Q1,0.7242447152147747,0.024507464382327763,-0.05363371326466544,0.007205406082719092,0,-2.7650529953239175e-4,0.7020473671156238,0.7,-0.0020473671156238105,-0.10204736711562379,-0.10204736711562379,0.09795263288437628,-0.10204736711562379
2004 Q2,0.735577981948877,0.019770003552281597,-0.03877569678741944,0.006352549847422565,0,0.005421327178664564,0.7283461657398265,0.6,-0.1283461657398265,-0.1283461657398265,0.07165383426017358,-0.1283461657398265,-0.1283461657398265
2004 Q3,0.7339805976458194,-0.013351619279352616,-0.03539663786398067,0.0037304488196359424,0,-0.00894770499457226,0.6800150843275496,0.6,-0.08001508432754967,0.1199849156724504,-0.08001508432754967,-0.08001508432754967,-0.08001508432754967
2004 Q4,0.7350882728924651,-0.06329195589221645,-0.009259953783651824,-0.0017187191088809518,0,0.01915503563204975,0.6799726797397656,0.8,0.12002732026023444,-0.07997267973976563,-0.07997267973976563,-0.07997267973976563,0.02002732026023435
2005 Q1,0.7554811571701862,-0.043729290075877406,-0.0017102858587519964,0.014265248443449861,0,-1.2189476410541782e-4,0.7241849349149012,0.6,-0.12418493491490123,-0.12418493491490123,-0.12418493491490123,-0.024184934914901257,0.07581506508509883
2005 Q2,0.7595154270158645,0.016249105010814724,0.008158771791519444,4.28577004862472e-4,0,-0.020341028466717346,0.7640108523563438,0.6,-0.16401085235634383,-0.16401085235634383,-0.06401085235634385,0.03598914764365624,0.03598914764365624
2005 Q3,0.754455100099609,0.013683030533988325,0.025519290904656253,0.002012681881788451,0,-7.956038514417077e-4,0.7948744995686003,0.6,-0.19487449956860037,-0.09487449956860039,0.005125500431399699,0.005125500431399699,-0.09487449956860039
2005 Q4,0.7489983420424486,0.017803434514216492,0.022428060095265497,0.003962323019923798,0,0.015840603120131955,0.8090327627919864,0.7,-0.10903276279198648,-0.009032762791986393,-0.009032762791986393,-0.10903276279198648,-0.20903276279198646
2006 Q1,0.7641210240940234,0.004905572942661534,0.017214324724996705,-0.001969022422079884,0,0.020600330408604258,0.804872229748206,0.8,-0.004872229748206003,-0.004872229748206003,-0.10487222974820609,-0.20487222974820607,-0.20487222974820607
2006 Q2,0.7660565408407939,-0.02889039757305936,0.028047915207834083,-0.0015041403368675757,0,-0.027893118071088005,0.7358168000676132,0.8,0.06418319993238686,-0.03581680006761323,-0.1358168000676132,-0.1358168000676132,0.16418319993238684
2006 Q3,0.7681669536791401,-0.018398872679412915,0.04518125461579538,0.008039636254845535,0,0.0027962070830842498,0.8057851789534524,0.7,-0.10578517895345241,-0.20578517895345239,-0.20578517895345239,0.09421482104654766,0.09421482104654766
2006 Q4,0.7644008578405445,0.01141657024027987,0.07578397748662034,0.007978573069253167,0,-0.002711397584822519,0.8568685810518754,0.6,-0.2568685810518754,-0.2568685810518754,0.04313141894812467,0.04313141894812467,0.3431314189481246
2007 Q1,0.7632232241572684,0.028110269502084145,0.09855386472689294,0.0072060654798291116,0,0.03713054188903883,0.9342239657551136,0.6,-0.3342239657551136,-0.03422396575511355,-0.03422396575511355,0.2657760342448864,0.16577603424488652
2007 Q2,0.769367906841293,0.00986061339922099,0.13606768611629597,-0.0015708075821237184,0,0.001987931901564091,0.9157133306762503,0.9,-0.015713330676250248,-0.015713330676250248,0.2842866693237497,0.18428666932374982,0.2842866693237497
2007 Q3,0.7822402591812609,0.0011191569729534236,0.1613217295765405,0.010608368839357436,0,-0.017180738863410164,0.9381087757067021,0.9,-0.038108775706702125,0.2618912242932978,0.16189122429329794,0.2618912242932978,0.2618912242932978
2007 Q4,0.783942581139264,0.01012899317120711,0.16246186451586078,0.003222690121797899,0,0.02882841140323464,0.9885845403513643,1.2,0.21141545964863562,0.11141545964863575,0.21141545964863562,0.21141545964863562,-0.2885845403513644
2008 Q1,0.7873822042735851,-0.001599436573987571,0.1947495842006025,-0.0048556648956241755,0,-0.019687620489594534,0.9559890665149814,1.1,0.1440109334850187,0.24401093348501857,0.24401093348501857,-0.25598906651498143,-0.05598906651498137
2008 Q2,0.7954390842255035,-0.010869243178349034,0.18342347196750175,0.012646696248033357,0,0.003427582886749253,0.9840675921494388,1.2,0.21593240785056111,0.21593240785056111,-0.2840675921494389,-0.08406759214943882,-0.2840675921494389
2008 Q3,0.790565313140262,-0.01254202459464611,0.18369188111282297,-0.008288118101007755,0,0.017037829419086,0.9704648809765172,1.2,0.22953511902348278,-0.2704648809765172,-0.07046488097651715,-0.2704648809765172,-0.2704648809765172
2008 Q4,0.7433783476331511,-0.013840779095293042,0.15447390124789606,0.003333790671092005,0,-0.0013862043785721344,0.885959056078274,0.7,-0.185959056078274,0.014040943921726057,-0.185959056078274,-0.185959056078274,-0.08595905607827392
2009 Q1,0.7279991513139321,-0.05743138182829594,0.05494594974442961,-0.009709095413878016,0,-0.018895182450483737,0.696909441365704,0.9,0.20309055863429604,0.00309055863429597,0.00309055863429597,0.10309055863429606,0.10309055863429606
2009 Q2,0.7322666159483779,-0.12253214886976126,-0.03397109300313869,-0.030434119517478014,0,0.0016160461749058948,0.5469453007329058,0.7,0.15305469926709414,0.15305469926709414,0.25305469926709423,0.25305469926709423,-0.1469453007329058
2009 Q3,0.7545833572334312,0.003924201029209248,-0.11143743183368271,-0.014933081010219148,0,-0.015588017187053119,0.6165490282316853,0.7,0.08345097176831462,0.1834509717683147,0.1834509717683147,-0.21654902823168531,-0.01654902823168536
2009 Q4,0.768843218566566,0.13105727149956872,-0.16243456197586328,0.001659265856593209,0,0.027775546224047563,0.7669007401709123,0.8,0.03309925982908779,0.03309925982908779,-0.36690074017091223,-0.16690074017091228,-0.36690074017091223
2010 Q1,0.785306770653554,0.11471624551421006,-0.163005098698892,0.004735068062999461,0,-0.004134552581792711,0.7376184329500788,0.8,0.06238156704992126,-0.33761843295007876,-0.1376184329500788,-0.33761843295007876,0.06238156704992126
2010 Q2,0.7953224868311197,0.13018963016697307,-0.15278033173693747,0.008705138319289613,0,-0.02938745450030297,0.7520494690801419,0.4,-0.3520494690801419,-0.15204946908014194,-0.3520494690801419,0.047950530919858125,0.047950530919858125
2010 Q3,0.7836627473927429,-0.027148309376555338,-0.1322186902086726,0.0014944047395526634,0,0.026810730818509557,0.6526008833655772,0.6,-0.05260088336557722,-0.2526008833655772,0.14739911663442284,0.14739911663442284,-0.2526008833655772
2010 Q4,0.793072157119513,-0.15662797137108647,-0.12053698383707576,0.006564253923420459,0,0.02054132808061037,0.5430127839153814,0.4,-0.14301278391538141,0.2569872160846186,0.2569872160846186,-0.14301278391538141,0.05698721608461854
2011 Q1,0.8100370780023511,-0.04872508407701867,-0.10799591500891909,0.001401521143813391,0,-0.00902726510174999,0.6456903349584768,0.8,0.15430966504152321,0.15430966504152321,-0.2456903349584768,-0.04569033495847685,-0.2456903349584768
2011 Q2,0.797654434718795,0.02857363582234684,-0.10000319338902261,0.0049905512155111135,0,-0.012473815755177888,0.7187416126124524,0.8,0.08125838738754765,-0.3187416126124524,-0.11874161261245242,-0.3187416126124524,-0.2187416126124524
2011 Q3,0.7952292089156128,0.04120609210181667,-0.11373024615029227,1.565085202403898e-4,0,0.012592757610966133,0.7354543209983437,0.4,-0.3354543209983437,-0.13545432099834376,-0.3354543209983437,-0.23545432099834374,-0.03545432099834378
2011 Q4,0.8080082833400737,0.017633587014987264,-0.119774535353935,-0.008957771002885287,0,0.03330615933748867,0.7302157233357294,0.6,-0.1302157233357294,-0.33021572333572935,-0.23021572333572937,-0.030215723335729416,-0.23021572333572937
2012 Q1,0.7793136645822284,-0.0243963706894476,-0.1252342812940177,-4.065285285650052e-4,0,-0.03530089498049279,0.5939755890897053,0.4,-0.19397558908970525,-0.09397558908970527,0.10602441091029469,-0.09397558908970527,-0.09397558908970527
2012 Q2,0.7782293088144593,-0.046689229008854034,-0.12898010292876086,0.002529402649399381,0,0.005954237239030175,0.611043616765274,0.5,-0.11104361676527397,0.08895638323472599,-0.11104361676527397,-0.11104361676527397,-0.01104361676527399
2012 Q3,0.7836161084349893,0.0038909705885676604,-0.1323688125049588,8.269171947848414e-4,0,0.017701006852552995,0.6736661905659361,0.7,0.026333809434063826,-0.17366619056593613,-0.17366619056593613,-0.07366619056593615,0.026333809434063826
2012 Q4,0.7641560033123385,0.007838308911275722,-0.13896853866821957,-0.005874554423316122,0,-0.02187518675595254,0.6052760323761259,0.5,-0.10527603237612593,-0.10527603237612593,-0.00527603237612595,0.09472396762387403,0.19472396762387412
2013 Q1,0.7609029360090314,9.079883971453463e-4,-0.1507920896149388,-0.0033336203504218476,0,-0.007347075386804055,0.600338139054012,0.5,-0.10033813905401201,-3.3813905401203215e-4,0.09966186094598795,0.19966186094598803,-0.10033813905401201
2013 Q2,0.7563206584097494,0.026092521679364017,-0.1711532882296849,-0.0038663779948955915,0,0.009392412334230538,0.6167859261987634,0.6,-0.0167859261987634,0.08321407380123658,0.18321407380123667,-0.11678592619876338,0.08321407380123658
2013 Q3,0.7446026202741807,-0.021787498529111916,-0.18933203915005248,-0.005498259737238525,0,-0.01881299862084788,0.50917182423693,0.7,0.19082817576306998,0.2908281757630701,-0.00917182423692997,0.19082817576306998,-0.10917182423692995
2013 Q4,0.7437980982529327,-0.018559337871354366,-0.20706570033141436,-0.0033548300449375186,0,0.00855522824683634,0.5233734582520628,0.8,0.2766265417479372,-0.02337345825206283,0.17662654174793713,-0.1233734582520628,0.07662654174793715
2014 Q1,0.7439496748656316,-0.029675184973706706,-0.22396674878636205,-0.0038025960025498133,0,8.447837423407618e-4,0.4873499288453538,0.5,0.012650071154646225,0.21265007115464618,-0.08734992884535375,0.1126500711546462,0.1126500711546462
2014 Q2,0.7441012514783304,-0.01286719346432222,-0.23527755370246156,-0.002019834847561168,0,-1.7603366113668525e-4,0.4937606358028488,0.7,0.20623936419715116,-0.09376063580284877,0.10623936419715119,0.10623936419715119,0.10623936419715119
2014 Q3,0.7423872697808891,0.01531974356275198,-0.2556520155749062,-9.169569660629198e-4,0,-0.024687125886277642,0.47645091491639446,0.4,-0.07645091491639444,0.12354908508360551,0.12354908508360551,0.12354908508360551,-0.17645091491639447
2014 Q4,0.7423522905625739,0.02822882830292566,-0.27226046650392827,-0.007784128294055187,0,0.018646977379269885,0.5091835014467859,0.6,0.09081649855321405,0.09081649855321405,0.09081649855321405,-0.20918350144678594,0.09081649855321405
2015 Q1,0.740066981632652,0.045919236047808364,-0.2838363831195764,-0.002720764859537534,0,-0.0057775154732322065,0.4936515542281143,0.6,0.10634844577188568,0.10634844577188568,-0.1936515542281143,0.10634844577188568,-0.2936515542281143
2015 Q2,0.7455470591686891,-0.04387433435069035,-0.2857345457016483,0.0016917794344933036,0,-0.021241001841222323,0.3963889567096215,0.6,0.2036110432903785,-0.0963889567096215,0.2036110432903785,-0.19638895670962148,0.10361104329037851
2015 Q3,0.7407315867806396,-0.04101512786222334,-0.29181563787790266,0.0060486083513838955,0,-0.011702667430856553,0.4022467619610408,0.3,-0.10224676196104082,0.19775323803895917,-0.2022467619610408,0.09775323803895919,-0.10224676196104082
2015 Q4,0.7357528780404526,-0.0010303633136200096,-0.2771635112505544,-0.005565627890375574,0,0.026707550268817836,0.47870092585472046,0.6,0.12129907414527952,-0.27870092585472045,0.02129907414527954,-0.17870092585472047,-0.07870092585472044
2016 Q1,0.7198023544887532,-0.019374922599691313,-0.27039643969208327,0.011942337819926098,0,-0.030943075560435258,0.41103025445646946,0.2,-0.21103025445646945,0.08896974554353054,-0.11103025445646947,-0.011030254456469435,0.08896974554353054
2016 Q2,0.7203270427634801,0.02856569575280645,-0.2613071585650597,0.0013495667753834688,0,-0.003962661005063477,0.48497248572154683,0.5,0.015027514278453169,-0.18497248572154684,-0.08497248572154681,0.015027514278453169,0.015027514278453169
2016 Q3,0.6860823880329676,0.05872024856138276,-0.24977341345178194,0.003874024909051429,0,-0.008675527168054406,0.4902277208835655,0.3,-0.1902277208835655,-0.09022772088356545,0.009772279116434524,0.009772279116434524,-0.09022772088356545
2016 Q4,0.6867003542232014,0.02043707422906731,-0.2529436583103484,0.0010491437372441039,0,0.002090948342235762,0.4573338622214002,0.4,-0.05733386222140019,0.04266613777859979,0.04266613777859979,-0.05733386222140019,-0.05733386222140019
2017 Q1,0.6837620998847306,0.01689110621509361,-0.25751962199338757,-0.0026267831252940804,0,-0.022000021295530595,0.41850677968561195,0.5,0.08149322031438805,0.08149322031438805,-0.01850677968561193,-0.01850677968561193,0.08149322031438805
2017 Q2,0.6803341364898476,0.00765017216632989,-0.2536715290691989,-0.0026723909508407,0,-0.018742597549009834,0.41289779108712815,0.5,0.08710220891287185,-0.01289779108712813,-0.01289779108712813,0.08710220891287185,-0.01289779108712813
2017 Q3,0.6880878632163683,-0.03255823465590454,-0.25242909593566404,0.00780194838105574,0,0.005494189439915842,0.4163966704457713,0.4,-0.016396670445771255,-0.016396670445771255,0.08360332955422872,-0.016396670445771255,-0.016396670445771255
2017 Q4,0.6802058793560256,-0.026877509513312,-0.24715623315175217,0.002220164436409408,0,0.006796099368779912,0.41518840049615074,0.4,-0.015188400496150722,0.08481159950384926,-0.015188400496150722,-0.015188400496150722,0.08481159950384926
2018 Q1,0.6763465056019229,0.003930981569859002,-0.24516968847410786,0.0014953470934955275,0,-0.01601484814341689,0.4205882976477527,0.5,0.07941170235224732,-0.020588297647752662,-0.020588297647752662,0.07941170235224732,-0.1205882976477527
2018 Q2,0.6678931945090997,0.003678730819835786,-0.2412949462657453,-0.0019960968277807443,0,-0.004230077176363067,0.42405080505904635,0.4,-0.024050805059046332,-0.024050805059046332,0.07594919494095365,-0.12405080505904637,-0.024050805059046332
2018 Q3,0.6701551839601448,-0.006029519346674086,-0.22566623127939026,0.004041862682175734,0,-0.007153235249479745,0.4353480607667765,0.4,-0.03534806076677649,0.06465193923322349,-0.13534806076677652,-0.03534806076677649,-0.03534806076677649
2018 Q4,0.6751921913975236,-0.009916096003371545,-0.20951208943406918,0.010215653809211592,0,-0.004300772818909856,0.46167888695038467,0.5,0.03832111304961533,-0.16167888695038468,-0.06167888695038465,-0.06167888695038465,-0.06167888695038465
2019 Q1,0.670656552755995,-0.02474973165992398,-0.19290300438292607,0.005687919433217371,0,0.014128185167011455,0.4728199213133738,0.3,-0.17281992131337381,-0.07281992131337378,-0.07281992131337378,-0.07281992131337378,0.027180078686626197
2019 Q2,0.670656552755995,0.0034798690438296383,-0.19262328349633473,-3.7235324920164096e-5,0,-0.015889738771986864,0.46558616420658294,0.4,-0.06558616420658292,-0.06558616420658292,-0.06558616420658292,0.03441383579341706,-0.46558616420658294
2019 Q3,0.670656552755995,0.018645367217738257,-0.19574190709327144,-0.00696533070157234,0,-0.0037380670238385764,0.4828566151550509,0.4,-0.08285661515505088,-0.08285661515505088,0.017143384844949094,-0.4828566151550509,-0.18285661515505092
2019 Q4,0.670656552755995,0.0045343271362342785,-0.1978908971809864,-0.0010604922050404372,0,0.021976978032127212,0.4982164685383296,0.4,-0.0982164685383296,0.0017835314616703735,-0.4982164685383296,-0.19821646853832964,0.0017835314616703735
2020 Q1,0.670656552755995,0.0036188884094632756,-0.19923343611499514,0.0031591920791585984,0,-0.021714734941511268,0.45648646218811045,0.5,0.04351353781188955,-0.45648646218811045,-0.15648646218811046,0.04351353781188955,-0.15648646218811046
2020 Q2,0.670656552755995,-0.0010773160985519852,-0.2756857748962781,-4.538224265969112e-4,0,0.021640831094933352,0.41508047042950136,0,-0.41508047042950136,-0.11508047042950137,0.08491952957049864,-0.11508047042950137,0.08491952957049864
2020 Q3,0.670656552755995,-0.008955991690398162,-0.3213561771177487,-0.0490656361858039,0,0.03383300328776425,0.32511175104980844,0.3,-0.02511175104980845,0.17488824895019156,-0.02511175104980845,0.17488824895019156,0.4748882489501916
2020 Q4,0.670656552755995,0.0012292336393385454,-0.36125718272104496,-0.004294942748897165,0,0.007656700580660987,0.3139903615060524,0.5,0.18600963849394758,-0.013990361506052429,0.18600963849394758,0.4860096384939476,0.6860096384939476
2021 Q1,0.670656552755995,0.04106025506172936,-0.360689823619229,0.009404047903868423,0,-0.09422164727168957,0.26620938483067424,0.3,0.033790615169325744,0.23379061516932576,0.5337906151693258,0.7337906151693258,1.2337906151693256
2021 Q2,0.670656552755995,0.02687291515155789,-0.2951048255923483,0.032508000623746,0,0.08366754599012223,0.5186001889290728,0.5,-0.01860018892907278,0.28139981107092726,0.4813998110709272,0.9813998110709272,1.0813998110709273
2021 Q3,0.670656552755995,-2.1104704394692662e-4,-0.20573368666281952,0.03159286428408046,0.464718066396008,-0.017989411967358555,0.9430333377619584,0.8,-0.14303333776195837,0.05696666223804159,0.5569666622380416,0.6569666622380417,0.8569666622380416
2021 Q4,0.670656552755995,-0.009137045665512294,-0.14006368193973623,0.022987991100549453,0.464718066396008,-0.0028869014885858704,1.0062749811587182,1,-0.0062749811587181625,0.49372501884128184,0.5937250188412819,0.7937250188412819,0.6937250188412818
2022 Q1,0.670656552755995,-0.08129329417715314,-0.037520436551130645,-0.0014070833848886433,0.9807431892804389,0.022827167295303392,1.5540060952185648,1.5,-0.05400609521856481,0.04599390478143528,0.24599390478143524,0.14599390478143515,-0.35400609521856485
2022 Q2,0.670656552755995,-0.059580511479471146,0.046611212242992764,0.03348184814173263,0.9807431892804389,-0.03267143826209162,1.6392408526795965,1.6,-0.03924085267959643,0.16075914732040353,0.06075914732040344,-0.43924085267959656,-0.7392408526795965
2022 Q3,0.670656552755995,0.00913796998418279,0.1391555481014044,0.014944699284861673,0.9807431892804389,0.014061521053514037,1.8286994804603967,1.8,-0.02869948046039661,-0.1286994804603967,-0.6286994804603967,-0.9286994804603966,-0.6286994804603967
2022 Q4,0.670656552755995,0.02425309454038088,0.21396902050486338,0.015942158097610154,0.9807431892804389,-0.022668295973368398,1.88289571920592,1.7,-0.18289571920591996,-0.68289571920592,-0.9828957192059199,-0.68289571920592,-0.9828957192059199
2023 Q1,0.670656552755995,0.015730694751858364,0.23806139389690983,0.0016573873989714663,0.464718066396008,0.02063444302727402,1.4114585382270168,1.2,-0.21145853822701688,-0.5114585382270168,-0.21145853822701688,-0.5114585382270168,-0.41145853822701683
2023 Q2,0.670656552755995,0.006853910658767023,0.25445289091266865,-0.007272452007384655,0,-0.019720542761636345,0.9049703595584097,0.9,-0.004970359558409632,0.2950296404415903,-0.004970359558409632,0.09502964044159035,-0.004970359558409632
2023 Q3,0.670656552755995,0.032419892033363304,0.24343231848576552,0.0010572471156709358,0,0.0036519004601470346,0.9512179108509418,1.2,0.2487820891490582,-0.05121791085094174,0.04878208914905824,-0.05121791085094174,-0.15121791085094172
2023 Q4,0.670656552755995,7.110032015050938e-4,0.20261439887764654,-0.00231621166937296,0,0.008374627098702184,0.8800403702644758,0.9,0.01995962973552423,0.11995962973552421,0.01995962973552423,-0.08004037026447575,-0.3800403702644758
2024 Q1,0.670656552755995,0.016527913512971473,0.18496346025105706,-0.012881938812543969,0,0.031104295772976395,0.8903702834804559,1,0.10962971651954412,0.00962971651954414,-0.09037028348045584,-0.3903702834804559,-0.19037028348045593
2024 Q2,0.670656552755995,0.017890383223715712,0.1522249402100817,-6.031435844619295e-4,0,-0.026287186091485133,0.8138815465138454,0.9,0.08611845348615466,-0.013881546513845322,-0.31388154651384537,-0.11388154651384541,-0.2138815465138454
2024 Q3,0.670656552755995,-0.027319893329071598,0.12637470497016973,-0.006301653734569161,0,-0.002484970764608932,0.7609247398979151,0.8,0.03907526010208495,-0.2609247398979151,-0.06092473989791514,-0.16092473989791511,0.2390752601020849
2024 Q4,0.670656552755995,-0.0036816087731950616,0.1306401921847583,-0.0035104947554021305,0,0.006196507032035279,0.8003011484441914,0.5,-0.3003011484441914,-0.10030114844419147,-0.20030114844419145,0.19969885155580858,0.0996988515558086
2025 Q1,0.670656552755995,0.0026185682732674975,0.12452181070715121,0.004978710453301661,0,0.004552616293320358,0.8073282584830357,0.7,-0.10732825848303573,-0.2073282584830357,0.1926717415169643,0.09267174151696433,-0.007328258483035643
2025 Q2,0.670656552755995,-0.0031859706717451515,0.12351517459108224,-0.00416062719831175,0,0.019681979782094527,0.8065071092591147,0.6,-0.20650710925911475,0.19349289074088527,0.09349289074088529,-0.006507109259114685,-0.006507109259114685
2025 Q3,0.670656552755995,-0.0188851941543145,0.11224935987224861,-0.002963229029064326,0,-0.0177096904845264,0.7433477989603383,1,0.2566522010396617,0.1566522010396617,0.05665220103966173,0.05665220103966173,0.05665220103966173
2025 Q4,0.670656552755995,-0.0012895223479554986,0.10658215611412822,-0.007000067092828833,0,0.012323244525350198,0.781272363954689,0.9,0.118727636045311,0.018727636045311025,0.018727636045311025,0.018727636045311025,0.018727636045311025
2026 Q1,0.670656552755995,0.022971746644420137,0.10310901393097358,0.002321556250681868,0,-0.0063682662009080845,0.7926906033811625,0.8,0.00730939661883756,0.00730939661883756,0.00730939661883756,0.00730939661883756,0.00730939661883756
2026 Q2,0.670656552755995,0.01489740825479639,0.08548019783122647,0.0015213644366647557,0,-0.010434745489355725,0.7621207777893269,0.8,0.03787922221067319,0.03787922221067319,0.03787922221067319,0.03787922221067319,0.03787922221067319
2026 Q3,0.670656552755995,0.027005679423151085,0.0765012747707256,-0.009484720891791806,0,0.009999762401840882,0.7746785484599209,0.8,0.025321451540079143,0.025321451540079143,0.025321451540079143,0.025321451540079143,NA
2026 Q4,0.670656552755995,0.009153090500323985,0.06695965247841462,-0.001251586247175574,0,0.010731904414610343,0.7562496139021684,0.8,0.04375038609783166,0.04375038609783166,0.04375038609783166,NA,NA
2027 Q1,0.670656552755995,-0.016950939214778894,0.056171478901910224,-0,0,-0.0072236363213177964,0.7026534561218085,0.8,0.09734654387819153,0.09734654387819153,NA,NA,NA
2027 Q2,0.670656552755995,-0.006802963868578753,0.05577035654060532,-0,0,0.004072299455348765,0.7236962448833705,0.8,0.07630375511662957,NA,NA,NA,NA
