date_qtr,expectations,import_price,unemp_gap,momentum,dummies,ulc_demeaned,fitted,actual,residuals,forecast_error_h1,forecast_error_h2,forecast_error_h3,forecast_error_h4
1997 Q4,NA,NA,NA,NA,NA,NA,NA,0.7,NA,NA,NA,NA,NA
1998 Q1,NA,NA,NA,NA,NA,NA,NA,0.5,NA,NA,NA,NA,NA
1998 Q2,NA,NA,NA,NA,NA,NA,NA,0.5,NA,NA,NA,NA,NA
1998 Q3,NA,NA,NA,NA,NA,NA,NA,0.3,NA,NA,NA,NA,NA
1998 Q4,NA,NA,NA,NA,NA,NA,NA,0.4,NA,NA,NA,NA,NA
1999 Q1,NA,NA,NA,NA,NA,NA,NA,0.5,NA,NA,NA,NA,NA
1999 Q2,NA,NA,NA,NA,NA,NA,NA,0.5,NA,NA,NA,NA,NA
1999 Q3,0.6975312000482611,0.051592447519102115,-0.1651211157554809,0.0029837963546310475,0,0.06431066028690803,0.6512969884534213,0.8,0.14870301154657872,-0.051296988453421344,0.048703011546578634,-0.051296988453421344,-0.15129698845342132
1999 Q4,0.7230145357444818,0.03758635488756745,-0.13091701441264894,1.8433785788041815e-4,0,0.013058588126964362,0.6429268022042451,0.6,-0.04292680220424516,0.057073197795754815,-0.04292680220424516,-0.14292680220424514,-0.04292680220424516
2000 Q1,0.7138449861315186,0.027928066921647093,-0.11604208468379962,0.003776955750013757,0,0.0022384101728228564,0.6317463342922027,0.7,0.06825366570779723,-0.03174633429220275,-0.13174633429220273,-0.03174633429220275,0.3682536657077973
2000 Q2,0.6919671529530163,-0.03559141908887503,-0.07955392336617856,-2.7424086683973284e-4,0,0.039536839961429864,0.6160844095925527,0.6,-0.01608440959255275,-0.11608440959255273,-0.01608440959255275,0.38391559040744727,0.18391559040744732
2000 Q3,0.6859023416191995,-0.056603854442226466,-0.03916081009153408,0.006076974965131536,0,-0.03135940928719333,0.5648552427633771,0.5,-0.06485524276337706,0.035144757236622914,0.43514475723662294,0.23514475723662298,0.1351447572366229
2000 Q4,0.683776875628816,-0.056968708075933024,-0.02758660063732424,0.005286363212515047,0,-0.015001147312159239,0.5895067828159145,0.6,0.010493217184085468,0.4104932171840855,0.21049321718408553,0.11049321718408545,0.21049321718408553
2001 Q1,0.6544320912484952,-0.02367572683823551,-0.017934358986270174,-0.0029925720312445367,0,-0.007183727989121301,0.6026457054036237,1,0.3973542945963763,0.19735429459637632,0.09735429459637623,0.19735429459637632,0.19735429459637632
2001 Q2,0.6586051265699289,-0.0015966831053326144,-0.052082321223732755,-0.0029522497871415925,0,-0.055324750335956616,0.5466491221177653,0.8,0.25335087788223476,0.15335087788223467,0.25335087788223476,0.25335087788223476,0.05335087788223469
2001 Q3,0.6660832058659377,0.011047128885028616,-0.08248676689685382,-0.007655655300121878,0,-0.021685358669630596,0.5653025538843599,0.7,0.13469744611564005,0.23469744611564014,0.23469744611564014,0.034697446115640074,0.13469744611564005
2001 Q4,0.6608975139731696,0.02118308946070294,-0.12236760459981014,2.6266273012713428e-5,0,0.02117032290871659,0.5809095880157917,0.8,0.2190904119842083,0.2190904119842083,0.019090411984208244,0.11909041198420822,0.11909041198420822
2002 Q1,0.6741065617772807,0.028574408990705298,-0.12823567063339078,-0.0017606520828832137,0,0.035217594367466264,0.6079022424191782,0.8,0.19209775758082182,-0.007902242419178251,0.09209775758082173,0.09209775758082173,0.19209775758082182
2002 Q2,0.682708578586529,0.03158840907876091,-0.11892712996164762,0.005740156327838508,0,0.04191930366427761,0.6430293176957586,0.6,-0.04302931769575857,0.056970682304241405,0.056970682304241405,0.1569706823042415,-0.14302931769575855
2002 Q3,0.6847227636350076,0.018456161982355553,-0.10597267119664712,0.003706520563336224,0,0.03390387617313286,0.6348166511571851,0.7,0.06518334884281485,0.06518334884281485,0.16518334884281494,-0.1348166511571851,0.06518334884281485
2002 Q4,0.6934917018571133,0.042719811288273096,-0.08380727323624547,0.0021079629826918776,0,0.007147865714431564,0.6616600686062644,0.7,0.03833993139373559,0.13833993139373568,-0.16166006860626436,0.03833993139373559,0.03833993139373559
2003 Q1,0.6995453850967396,-0.00710351080710848,-0.0715182401250217,0.0021156985025171456,0,0.019983058201738926,0.6430223908688655,0.8,0.15697760913113457,-0.14302239086886548,0.05697760913113448,0.05697760913113448,0.05697760913113448
2003 Q2,0.6861694158797712,-0.013103917043851969,-0.06875204811960504,0.001752800755937312,0,-0.03164225543993913,0.5744239960323124,0.5,-0.07442399603231242,0.12557600396768753,0.12557600396768753,0.12557600396768753,0.025576003967687555
2003 Q3,0.6832204709192915,0.014018700553931772,-0.05943869644119743,8.974303881285237e-5,0,0.006201614440257059,0.6440918325110956,0.7,0.05590816748890437,0.05590816748890437,0.05590816748890437,-0.04409183251109561,-0.04409183251109561
2003 Q4,0.6880611918921544,0.008789275623717245,-0.0485187314185778,0.0026352968759891697,0,-0.03278451078895705,0.618182522184326,0.7,0.08181747781567394,0.08181747781567394,-0.018182522184326033,-0.018182522184326033,0.18181747781567403
2004 Q1,0.6912215706422534,0.029351053953759906,-0.034156335541959175,0.003740020830376484,0,0.01694386521724763,0.7071001751016783,0.7,-0.007100175101678374,-0.10710017510167835,-0.10710017510167835,0.09289982489832171,-0.10710017510167835
2004 Q2,0.7020380781954093,0.025367667003802764,-0.01599674259676407,0.0032973393147606726,0,0.055569666413308065,0.7702760083305168,0.6,-0.17027600833051681,-0.17027600833051681,0.029723991669483252,-0.17027600833051681,-0.17027600833051681
2004 Q3,0.700513529291312,-0.008651865551893387,-0.008393753548067191,0.0019363178330161189,0,-0.006088044912013702,0.6793161831123539,0.6,-0.07931618311235389,0.12068381688764618,-0.07931618311235389,-0.07931618311235389,-0.07931618311235389
2004 Q4,0.7015706982394087,-0.070203638931121,0.02274322232692371,-8.921142257613228e-4,0,-0.03752010502309194,0.6156980623863582,0.8,0.1843019376136419,-0.01569806238635818,-0.01569806238635818,-0.01569806238635818,0.0843019376136418
2005 Q1,0.7210337349785747,-0.05102479371026989,0.029527121958143193,0.007404485703721049,0,-0.016333746044349857,0.6906068028858192,0.6,-0.09060680288581924,-0.09060680288581924,-0.09060680288581924,0.00939319711418074,0.10939319711418083
2005 Q2,0.7248840555684841,0.009606828881016063,0.0446662991264857,2.2245615406052595e-4,0,-0.038800016254354974,0.7405796234756914,0.6,-0.14057962347569142,-0.14057962347569142,-0.04057962347569144,0.05942037652430865,0.05942037652430865
2005 Q3,0.7200544626898117,0.00844643588139998,0.06348017898683761,0.001044697838871771,0,-0.014690855992220628,0.7783349194047002,0.6,-0.17833491940470025,-0.07833491940470028,0.021665080595299813,0.021665080595299813,-0.07833491940470028
2005 Q4,0.7148465146086626,0.020131726758766184,0.06085473439172712,0.002056673900272804,0,-0.003417384759527411,0.7944722648999011,0.7,-0.09447226489990113,0.005527735100098963,0.005527735100098963,-0.09447226489990113,-0.1944722648999011
2006 Q1,0.7292796527737274,0.00453342278437138,0.05804761748707163,-0.0010220360642433236,0,-0.004667767832470462,0.7861708891484567,0.8,0.01382911085154337,0.01382911085154337,-0.08617088914845672,-0.1861708891484567,-0.1861708891484567
2006 Q2,0.7311269164093487,-0.030266723608068733,0.07335750750783895,-7.80735482096707e-4,0,-0.02546461263976149,0.7479723521872608,0.8,0.052027647812739275,-0.047972352187260814,-0.1479723521872608,-0.1479723521872608,0.15202764781273925
2006 Q3,0.7331411014578273,-0.02248687514713487,0.08851111495263103,0.004173034346237071,0,-0.01869597745677681,0.7846423981527838,0.7,-0.08464239815278385,-0.18464239815278383,-0.18464239815278383,0.11535760184721622,0.11535760184721622
2006 Q4,0.7295467270342992,0.009439552061869428,0.12143413987530917,0.004141339035318742,0,-0.04259118612601409,0.8219705718807825,0.6,-0.2219705718807825,-0.2219705718807825,0.07802942811921754,0.07802942811921754,0.37802942811921747
2007 Q1,0.7284227895210598,0.029759898753625464,0.14287547928226035,0.0037403630954617067,0,-0.014854422351531397,0.8899441083008758,0.6,-0.2899441083008758,0.010055891699124242,0.010055891699124242,0.3100558916991242,0.2100558916991243
2007 Q2,0.7342872951594478,0.011869007247878642,0.18657713799126166,-8.153396228070803e-4,0,-0.01510348351968245,0.9168146172560985,0.9,-0.016814617256098452,-0.016814617256098452,0.2831853827439015,0.18318538274390161,0.2831853827439015
2007 Q3,0.7465727111457481,0.0042946778938582255,0.20747387705473197,0.005506354531588223,0,-0.07357038240568048,0.890277238220246,0.9,0.009722761779754063,0.309722761779754,0.20972276177975413,0.309722761779754,0.309722761779754
2007 Q4,0.7481974128975596,0.013789931544369635,0.20822271897703423,0.0016727618189736058,0,-0.01494478376915236,0.9569380414687847,1.2,0.24306195853121526,0.1430619585312154,0.24306195853121526,0.24306195853121526,-0.25693804146878474
2008 Q1,0.751480200683754,-2.831960945757373e-4,0.24819462958725597,-0.002520369795467399,0,-0.03803505866118386,0.9588362057197829,1.1,0.1411637942802172,0.24116379428021706,0.24116379428021706,-0.25883620571978294,-0.058836205719782875
2008 Q2,0.7591697137693821,-0.009347757960916015,0.22455605489524033,0.006564363876246622,0,0.0054863494240859935,0.986428724004039,1.2,0.21357127599596093,0.21357127599596093,-0.28642872400403907,-0.086428724004039,-0.28642872400403907
2008 Q3,0.7545181703977576,-0.014846849636903536,0.23191037281648696,-0.004302010738399887,0,-0.038566240146102854,0.9287134426928383,1.2,0.27128655730716167,-0.22871344269283833,-0.028713442692838265,-0.22871344269283833,-0.22871344269283833
2008 Q4,0.7094827732088467,-0.015293821179520568,0.19335592113773922,0.001730429404097333,0,-0.019161031503556667,0.870114271067606,0.7,-0.17011427106760602,0.02988572893239405,-0.17011427106760602,-0.17011427106760602,-0.07011427106760593
2009 Q1,0.694804816971591,-0.06519718547432268,0.08958769738259663,-0.005039579820366417,0,-0.030554057136556755,0.6836016919229417,0.9,0.2163983080770583,0.01639830807705822,0.01639830807705822,0.11639830807705831,0.11639830807705831
2009 Q2,0.6988776994453102,-0.14906638132931488,0.007859812011469902,-0.015797061212486394,0,0.07101704953984404,0.6128911184548229,0.7,0.08710888154517704,0.08710888154517704,0.18710888154517713,0.18710888154517713,-0.2128911184548229
2009 Q3,0.720176871725907,-0.00623327237437328,-0.07628243774197102,-0.007751129276928012,0,0.05476434592099784,0.6846743782536325,0.7,0.015325621746367424,0.11532562174636751,0.11532562174636751,-0.2846743782536325,-0.08467437825363255
2009 Q4,0.7337865309208756,0.12742169887855173,-0.1332823260086208,8.612545629696489e-4,0,0.09780269292802729,0.8265898512818035,0.8,-0.026589851281803467,-0.026589851281803467,-0.4265898512818035,-0.22658985128180353,-0.4265898512818035
2010 Q1,0.7494993999178469,0.1283408062334005,-0.13176226438609218,0.0024577730922537406,0,0.02301181816513464,0.7715475330225435,0.8,0.028452466977456514,-0.3715475330225435,-0.17154753302254355,-0.3715475330225435,0.028452466977456514
2010 Q2,0.7590584328274772,0.16695939958308886,-0.12217182369122526,0.004518468254486714,0,-0.035731711189611534,0.7726327657842161,0.4,-0.3726327657842161,-0.17263276578421616,-0.3726327657842161,0.02736723421578391,0.02736723421578391
2010 Q3,0.7479303386369878,-0.01346099695600339,-0.09595415253325265,7.756821462630397e-4,0,-0.02971669338394404,0.6095741779100508,0.6,-0.009574177910050774,-0.20957417791005073,0.1904258220899493,0.1904258220899493,-0.20957417791005073
2010 Q4,0.7569107106487128,-0.15308827289248098,-0.08565746653185344,0.003407225925593984,0,-0.055231680689328315,0.46634051646064406,0.4,-0.06634051646064404,0.333659483539356,0.333659483539356,-0.06634051646064404,0.13365948353935592
2011 Q1,0.773102087695875,-0.05766886996527161,-0.0720564859925967,7.274702094371203e-4,0,-0.059226515027954986,0.5848776869194887,0.8,0.21512231308051133,0.21512231308051133,-0.1848776869194887,0.015122313080511263,-0.1848776869194887
2011 Q2,0.7612840516655751,0.02106827659599126,-0.06415678623649382,0.0025903835657280203,0,-0.04164534556407967,0.679140580026721,0.8,0.12085941997327909,-0.27914058002672093,-0.07914058002672097,-0.27914058002672093,-0.17914058002672095
2011 Q3,0.7589694080739534,0.04071096259014202,-0.0823325522206666,8.123693780900224e-5,0,-0.03668438878499607,0.6807446665962419,0.4,-0.28074466659624187,-0.08074466659624191,-0.28074466659624187,-0.1807446665962419,0.019255333403758068
2011 Q4,0.7711657993067298,0.020471864327961834,-0.08695150537493171,-0.0046495991703899555,0,-0.03180417237461218,0.6682323867147578,0.6,-0.06823238671475784,-0.2682323867147578,-0.16823238671475782,0.031767613285242136,-0.16823238671475782
2012 Q1,0.7437795595039352,-0.023190853134623365,-0.09983514042939523,-2.1101172474121834e-4,0,0.042062687137506785,0.6626052413526822,0.4,-0.26260524135268215,-0.16260524135268217,0.03739475864731778,-0.16260524135268217,-0.16260524135268217
2012 Q2,0.7427446467442197,-0.05454973048630049,-0.1079897329917396,0.0013129056833939387,0,0.020928150839117806,0.6024462397886913,0.5,-0.10244623978869127,0.09755376021130868,-0.10244623978869127,-0.10244623978869127,-0.0024462397886912957
2012 Q3,0.7478858262602258,0.00480381553418115,-0.11760942254402125,4.292176593501185e-4,0,0.022807236128739267,0.6583166730384751,0.7,0.04168332696152488,-0.15831667303847508,-0.15831667303847508,-0.0583166730384751,0.04168332696152488
2012 Q4,0.7293130370562989,-9.347305090183387e-4,-0.12349098029756757,-0.0030492321543231426,0,0.009590768431055703,0.6114288625264455,0.5,-0.11142886252644546,-0.11142886252644546,-0.011428862526445482,0.0885711374735545,0.18857113747355458
2013 Q1,0.7262082987771523,0.003390914327914497,-0.1388188837728008,-0.0017303409978580567,0,0.0560328372775748,0.6450828256119827,0.5,-0.1450828256119827,-0.045082825611982735,0.05491717438801724,0.15491717438801733,-0.1450828256119827
2013 Q2,0.72183495776029,0.026955879969373743,-0.1619296705570234,-0.0020068729052897328,0,0.04901545536299946,0.6338697496303501,0.6,-0.033869749630350166,0.06613025036964981,0.1661302503696499,-0.13386974963035014,0.06613025036964981
2013 Q3,0.7106512230988481,-0.024359823545064364,-0.1794804518865293,-0.002853913535478678,0,-0.00377018644216586,0.5001868476896099,0.7,0.1998131523103901,0.2998131523103902,-1.868476896098592e-4,0.1998131523103901,-0.10018684768960984
2013 Q4,0.7098833845997043,-0.01669753247375826,-0.1992288279533807,-0.001741350051113886,0,0.042260705567658305,0.5344763796891098,0.8,0.2655236203108903,-0.03447637968910977,0.16552362031089018,-0.13447637968910975,0.06552362031089021
2014 Q1,0.7100280498241807,-0.040881910070210394,-0.21721729124863476,-0.001973766377047246,0,0.015741163751126948,0.4656962458794152,0.5,0.034303754120584784,0.23430375412058474,-0.0656962458794152,0.13430375412058476,0.13430375412058476
2014 Q2,0.710172715048657,-0.013207273643134829,-0.22761347131968895,-0.0010484106401603883,0,0.04034421433634996,0.5086477737820229,0.7,0.1913522262179771,-0.10864777378202284,0.09135222621797712,0.09135222621797712,0.09135222621797712
2014 Q3,0.7085368852026551,0.006556819961903997,-0.25020522632887626,-4.75953487459791e-4,0,0.016978608271745625,0.48139113361996877,0.4,-0.08139113361996875,0.11860886638003121,0.11860886638003121,0.11860886638003121,-0.18139113361996878
2014 Q4,0.7085035009200836,0.03263594148654808,-0.2631861492116452,-0.004040410995837047,0,0.037395863056380804,0.5113087452555303,0.6,0.0886912547444697,0.0886912547444697,0.0886912547444697,-0.21130874525553028,0.0886912547444697
2015 Q1,0.7063223944587476,0.05258132227726784,-0.27578118285114595,-0.0014122336940358444,0,0.01865170599775273,0.5003620061885863,0.6,0.0996379938114137,0.0996379938114137,-0.2003620061885863,0.0996379938114137,-0.3003620061885863
2015 Q2,0.7115525987282777,-0.04657742119757866,-0.2786656117074386,8.781309828716532e-4,0,0.03915791554708162,0.42634561235321367,0.6,0.1736543876467863,-0.12634561235321368,0.1736543876467863,-0.22634561235321365,0.07365438764678633
2015 Q3,0.7069566958276056,-0.04062946562050915,-0.289343123216363,0.0031395761695124525,0,0.04060596271835571,0.4207296458786015,0.3,-0.12072964587860152,0.17927035412139847,-0.2207296458786015,0.07927035412139849,-0.12072964587860152
2015 Q4,0.7022049996082665,-0.007137007929668115,-0.2704718481965434,-0.0028888814877556265,0,0.04324468821493788,0.4649519502092373,0.6,0.13504804979076268,-0.2649519502092373,0.0350480497907627,-0.1649519502092373,-0.06495195020923727
2016 Q1,0.686981766755677,-0.026378961870805323,-0.26647359641170915,0.006198761276902453,0,0.002214696326201215,0.40254266607626615,0.2,-0.20254266607626614,0.09745733392373385,-0.10254266607626616,-0.0025426660762661313,0.09745733392373385
2016 Q2,0.6874825309942489,0.02912086803394736,-0.2562289094474735,7.005028993471334e-4,0,0.047227962343616606,0.5083029548236865,0.5,-0.008302954823686481,-0.2083029548236865,-0.10830295482368646,-0.008302954823686481,-0.008302954823686481
2016 Q3,0.6547993183567815,0.06410561279416964,-0.2432676281259876,0.0020108420942434994,0,0.03786004156749054,0.5155081866866976,0.3,-0.21550818668669763,-0.1155081866866976,-0.015508186686697623,-0.015508186686697623,-0.1155081866866976
2016 Q4,0.6553891073488773,0.026565656656249385,-0.24438215780884967,5.445660364323638e-4,0,0.03371319731276623,0.47183036954547575,0.4,-0.07183036954547573,0.028169630454524253,0.028169630454524253,-0.07183036954547573,-0.07183036954547573
2017 Q1,0.6525848276128741,0.02803755926777085,-0.24555570371065558,-0.0013634517600670678,0,0.053081141115743025,0.48678437252566525,0.5,0.013215627474334746,0.013215627474334746,-0.08678437252566523,-0.08678437252566523,0.013215627474334746
2017 Q2,0.64931316792087,0.013693998512941948,-0.23656476808793067,-0.0013871248488027087,0,0.02170228713582724,0.4467575606329058,0.5,0.05324243936709422,-0.04675756063290576,-0.04675756063290576,0.05324243936709422,-0.04675756063290576
2017 Q3,0.6567133505575456,-0.030143977421149187,-0.23423233309079022,0.004049660647531354,0,0.074962236817599,0.47134893751073664,0.4,-0.07134893751073662,-0.07134893751073662,0.028651062489263357,-0.07134893751073662,-0.07134893751073662
2017 Q4,0.6491907588847747,-0.029416659081139288,-0.2232816555707946,0.0011523932369261818,0,-0.015130949694182737,0.38251388777558426,0.4,0.017486112224415762,0.11748611222441574,0.017486112224415762,0.017486112224415762,0.11748611222441574
2018 Q1,0.6455073597077227,0.0033551522673910396,-0.21789506027234973,7.761712822444732e-4,0,0.001157387427260975,0.4329010104122694,0.5,0.06709898958773058,-0.032901010412269394,-0.032901010412269394,0.06709898958773058,-0.13290101041226943
2018 Q2,0.6374394914196179,3.4043277362160715e-4,-0.20981907747873715,-0.00103608924044586,0,0.015056752211839766,0.4419815096858962,0.4,-0.0419815096858962,-0.0419815096858962,0.05801849031410378,-0.14198150968589623,-0.0419815096858962
2018 Q3,0.6395983416925729,-0.005971254788930866,-0.19134077720378748,0.0020979595669303438,0,-0.0029753110088678566,0.441408958257917,0.4,-0.04140895825791696,0.058591041742083017,-0.141408958257917,-0.04140895825791696,-0.04140895825791696
2018 Q4,0.6444056783828643,-0.012648734099191258,-0.1729061991295866,0.005302512808264681,0,0.03478404204790959,0.49893730001026076,0.5,0.0010626999897392353,-0.19893730001026078,-0.09893730001026074,-0.09893730001026074,-0.09893730001026074
2019 Q1,0.6400768497427638,-0.030028104624704944,-0.15237774196779175,0.0029523578431971515,0,0.002760142581368613,0.4633835035748328,0.3,-0.16338350357483283,-0.0633835035748328,-0.0633835035748328,-0.0633835035748328,0.03661649642516718
2019 Q2,0.6400768497427638,0.0016420094914484222,-0.1513933879359426,-1.9327278605607422e-5,0,-0.017363668112750915,0.47294247590691313,0.4,-0.0729424759069131,-0.0729424759069131,-0.0729424759069131,0.02705752409308687,-0.47294247590691313
2019 Q3,0.6400768497427638,0.016849841994402412,-0.15069550341332977,-0.0036154078778181478,0,-0.014991890123714779,0.4876238903223035,0.4,-0.0876238903223035,-0.0876238903223035,0.012376109677696479,-0.4876238903223035,-0.18762389032230353
2019 Q4,0.6400768497427638,0.005331806291783836,-0.15573542774134608,-5.504565449566422e-4,0,0.0016611989583282874,0.4907839707065732,0.4,-0.09078397070657318,0.009216029293426797,-0.4907839707065732,-0.1907839707065732,0.009216029293426797
2020 Q1,0.6400768497427638,0.004860559340264692,-0.16054161469588585,0.0016398026769859416,0,-0.0071299490547325995,0.47890564800939595,0.5,0.021094351990604054,-0.47890564800939595,-0.17890564800939596,0.021094351990604054,-0.17890564800939596
2020 Q2,0.6400768497427638,-3.3200810319124815e-4,-0.24890095957837352,-2.3555998222433866e-4,0,0.011356468802459982,0.40196479088143466,0,-0.40196479088143466,-0.10196479088143467,0.09803520911856534,-0.10196479088143467,0.09803520911856534
2020 Q3,0.6400768497427638,-0.00918648474662789,-0.27949079585925707,-0.025467891647451914,0,-0.06608122491593221,0.25985045257349476,0.3,0.04014954742650523,0.24014954742650524,0.04014954742650523,0.24014954742650524,0.5401495474265052
2020 Q4,0.6400768497427638,-4.5655756329414203e-4,-0.33202424707961237,-0.0022293227004477312,0,-0.06625666525884825,0.23911005714056133,0.5,0.2608899428594387,0.06088994285943866,0.2608899428594387,0.5608899428594387,0.7608899428594387
2021 Q1,0.6400768497427638,0.04814990526500104,-0.33930459019692816,0.004881242590154429,0,-0.07154459612183445,0.2822588112791567,0.3,0.017741188720843293,0.2177411887208433,0.5177411887208434,0.7177411887208434,1.2177411887208434
2021 Q2,0.6400768497427638,0.030136358374405658,-0.2710137369885642,0.016873524974295565,0,0.16519796096435402,0.5812709570672548,0.5,-0.08127095706725485,0.2187290429327452,0.41872904293274515,0.9187290429327452,1.0187290429327454
2021 Q3,0.6400768497427638,0.00759486481543565,-0.17591869630294457,0.01639851649681472,0.4541610777796282,0.06473387059656331,1.0070464831282613,0.8,-0.20704648312826124,-0.007046483128261283,0.4929535168717387,0.5929535168717388,0.7929535168717388
2021 Q4,0.6400768497427638,-0.004451565371584906,-0.10917779934806295,0.011932091623643748,0.4541610777796282,-0.025775462401530565,0.9667651920248573,1,0.033234807975142666,0.5332348079751427,0.6332348079751428,0.8332348079751427,0.7332348079751426
2022 Q1,0.6400768497427638,-0.09212714522940112,0.014713070497632097,-7.303573329727266e-4,0.9716169955340354,-0.02957668717214287,1.5039727260399145,1.5,-0.003972726039914498,0.09602727396008559,0.29602727396008555,0.19602727396008546,-0.30397272603991454
2022 Q2,0.6400768497427638,-0.06787216890302213,0.09503250944263708,0.0173790079354316,0.9716169955340354,-0.023670935463734347,1.6325622582881114,1.6,-0.03256225828811132,0.16743774171188863,0.06743774171188854,-0.43256225828811146,-0.7325622582881114
2022 Q3,0.6400768497427638,-0.004761724046121917,0.19346386901951115,0.007757159830747912,0.9716169955340354,0.056530457490211045,1.8646836075711473,1.8,-0.06468360757114722,-0.1646836075711473,-0.6646836075711473,-0.9646836075711472,-0.6646836075711473
2022 Q4,0.6400768497427638,0.02158324937000501,0.27502361122088653,0.008274898414013734,0.9716169955340354,-0.0700733437942396,1.846502260487465,1.7,-0.14650226048746506,-0.6465022604874651,-0.946502260487465,-0.6465022604874651,-0.946502260487465
2023 Q1,0.6400768497427638,0.011821893626379648,0.30654957692589474,8.602795352538418e-4,0.4541610777796282,-0.0587543588133775,1.3547153187965426,1.2,-0.15471531879654266,-0.4547153187965426,-0.15471531879654266,-0.4547153187965426,-0.3547153187965426
2023 Q2,0.6400768497427638,0.008313199279193106,0.33066396273801535,-0.0037748215275144907,0,-0.05187590635351154,0.9234032838789462,0.9,-0.02340328387894619,0.27659671612105374,-0.02340328387894619,0.07659671612105379,-0.02340328387894619
2023 Q3,0.6400768497427638,0.03862598677759829,0.31809192135765324,5.487721566377831e-4,0,-0.006525766855986338,0.9908177631786668,1.2,0.2091822368213332,-0.09081776317866674,0.009182236821333234,-0.09081776317866674,-0.19081776317866672
2023 Q4,0.6400768497427638,4.733282427117798e-5,0.2744336366075848,-0.001202247283715471,0,-0.044949682420172374,0.8684058894707319,0.9,0.03159411052926808,0.13159411052926806,0.03159411052926808,-0.0684058894707319,-0.36840588947073194
2024 Q1,0.6400768497427638,0.026971933300775075,0.26096702489835855,-0.006686468318572356,0,-0.043871230428409194,0.8774581091949158,1,0.12254189080508415,0.022541890805084175,-0.0774581091949158,-0.37745810919491585,-0.1774581091949159
2024 Q2,0.6400768497427638,0.0195791957568428,0.2190145038043913,-3.1306626492650063e-4,0,-0.054385882046501015,0.8239716009925704,0.9,0.07602839900742964,-0.02397160099257034,-0.3239716009925704,-0.12397160099257043,-0.2239716009925704
2024 Q3,0.6400768497427638,-0.024148010447642962,0.1900197587127656,-0.0032709213002765957,0,-0.023846310341670555,0.7788313663659393,0.8,0.02116863363406074,-0.2788313663659393,-0.07883136636593935,-0.17883136636593933,0.2211686336340607
2024 Q4,0.6400768497427638,-0.003055484178205735,0.19400177575446986,-0.0018221490030408914,0,-0.0020651127418594498,0.8271358795741275,0.5,-0.3271358795741275,-0.12713587957412753,-0.2271358795741275,0.17286412042587251,0.07286412042587254
2025 Q1,0.6400768497427638,0.002046626473032917,0.1802736286510287,0.0025842375280443015,0,-0.026293467416328306,0.7986878749785413,0.7,-0.09868787497854137,-0.19868787497854135,0.20131212502145868,0.1013121250214587,0.001312125021458721
2025 Q2,0.6400768497427638,-0.0023558620452876914,0.18279825388878138,-0.0021596051923342442,0,-0.03670390218962229,0.7816557342043009,0.6,-0.18165573420430092,0.2183442657956991,0.11834426579569912,0.018344265795699144,0.018344265795699144
2025 Q3,0.6400768497427638,-0.023217879290911347,0.16821768189121333,-0.001538086565371575,0,-0.03567671487439445,0.7478618509032997,1,0.2521381490967003,0.15213814909670031,0.05213814909670034,0.05213814909670034,0.05213814909670034
2025 Q4,0.6400768497427638,-0.001356559196134012,0.16354000617137232,-0.003633438065899145,0,-0.010344442759951042,0.788282415892152,0.9,0.11171758410784804,0.011717584107848067,0.011717584107848067,0.011717584107848067,0.011717584107848067
2026 Q1,0.6400768497427638,0.022542085755087937,0.15980544188323995,0.0012050214292938716,0,0.0018090750941226353,0.8254384739045083,0.8,-0.025438473904508263,-0.025438473904508263,-0.025438473904508263,-0.025438473904508263,-0.025438473904508263
2026 Q2,0.6400768497427638,0.017031991515647455,0.13343043845329372,7.896757821001215e-4,0,-0.0161587098125339,0.7751702456812712,0.8,0.024829754318728803,0.024829754318728803,0.024829754318728803,0.024829754318728803,0.024829754318728803
2026 Q3,0.6400768497427638,0.03383667828823354,0.13176510813907438,-0.004923116518121622,0,9.499172806960764e-4,0.8017054369326462,0.8,-0.0017054369326461316,-0.0017054369326461316,-0.0017054369326461316,-0.0017054369326461316,NA
2026 Q4,0.6400768497427638,0.013246650892304864,0.12042398905518034,-6.496453609569402e-4,0,-0.02310358707504833,0.7499942572542437,0.8,0.05000574274575631,0.05000574274575631,0.05000574274575631,NA,NA
2027 Q1,0.6400768497427638,-0.013813629958674602,0.10514517783376975,-0,0,-0.022968022928823984,0.708440374689035,0.8,0.09155962531096506,0.09155962531096506,NA,NA,NA
2027 Q2,0.6400768497427638,-0.0058096080992276035,0.10565770473963425,-0,0,-0.02142354036166452,0.7185014060215059,0.8,0.08149859397849413,NA,NA,NA,NA
