date_qtr,expectations,import_price,unemp_gap,momentum,dummies,wpi_demeaned,fitted,actual,residuals,forecast_error_h1,forecast_error_h2,forecast_error_h3,forecast_error_h4
1997 Q4,NA,NA,NA,NA,NA,NA,NA,0.7,NA,NA,NA,NA,NA
1998 Q1,NA,NA,NA,NA,NA,NA,NA,0.5,NA,NA,NA,NA,NA
1998 Q2,NA,NA,NA,NA,NA,NA,NA,0.5,NA,NA,NA,NA,NA
1998 Q3,NA,NA,NA,NA,NA,NA,NA,0.3,NA,NA,NA,NA,NA
1998 Q4,NA,NA,NA,NA,NA,NA,NA,0.4,NA,NA,NA,NA,NA
1999 Q1,NA,NA,NA,NA,NA,NA,NA,0.5,NA,NA,NA,NA,NA
1999 Q2,NA,NA,NA,NA,NA,NA,NA,0.5,NA,NA,NA,NA,NA
1999 Q3,0.7335108378408449,0.06973836414182649,-0.17056392350928667,0.004053856538692638,0,-0.009523111389693048,0.6272160236223843,0.8,0.17278397637761578,-0.02721602362238429,0.07278397637761569,-0.02721602362238429,-0.12721602362238427
1999 Q4,0.7603086397402024,0.044850736930446514,-0.12656321938765125,2.5044578841223564e-4,0,0.02273496703891963,0.7015815701103295,0.6,-0.10158157011032953,-0.0015815701103295554,-0.10158157011032953,-0.2015815701103295,-0.10158157011032953
2000 Q1,0.7506661118951935,0.026088029758362503,-0.10122658443241839,0.005131461716474713,0,0.02663299407013011,0.7072920130077425,0.7,-0.007292013007742515,-0.10729201300774249,-0.20729201300774247,-0.10729201300774249,0.29270798699225753
2000 Q2,0.7276597893912035,-0.04947667149091882,-0.056021139494870066,-3.725901499576221e-4,0,0.057359195865268366,0.6791485841207253,0.6,-0.07914858412072534,-0.17914858412072532,-0.07914858412072534,0.3208514158792747,0.12085141587927473
2000 Q3,0.7212821465810942,-0.0830282228984791,-0.003209006103142332,0.008256322406063178,0,0.033133405005182706,0.6764346449907187,0.5,-0.1764346449907187,-0.07643464499071873,0.3235653550092813,0.12356535500928134,0.023565355009281252
2000 Q4,0.7190470460733313,-0.06677204827057731,0.02390410261780595,0.007182178516203806,0,-0.044026715467754725,0.6393345634690091,0.6,-0.0393345634690091,0.3606654365309909,0.16066543653099097,0.06066543653099088,0.16066543653099097
2001 Q1,0.6881886165499225,-0.031558056876317096,0.04683256537376062,-0.0040657793812035985,0,-0.04183890577497791,0.6575584398911845,1,0.34244156010881555,0.1424415601088156,0.0424415601088155,0.1424415601088156,0.1424415601088156
2001 Q2,0.6925769028871536,0.00825451019653038,0.015448496930962664,-0.004010996623440061,0,-0.08588613984055832,0.6263827735506482,0.8,0.17361722644935185,0.07361722644935176,0.17361722644935185,0.17361722644935185,-0.02638277355064822
2001 Q3,0.7004407120034716,0.014396617818483642,-0.028472516424653895,-0.010401154974335894,0,-0.08244996289279893,0.5935136955301665,0.7,0.10648630446983343,0.20648630446983351,0.20648630446983351,0.006486304469833448,0.10648630446983343
2001 Q4,0.6949875348484058,0.03363340530621077,-0.07767409571950537,3.568598186481824e-5,0,-0.04450079659733393,0.606481733819642,0.8,0.19351826618035806,0.19351826618035806,-0.0064817338196420105,0.09351826618035797,0.09351826618035797
2002 Q1,0.7088779238678545,0.03640716375194156,-0.09088548359056908,-0.002392063703503481,0,0.008572263598501315,0.6605798039242248,0.8,0.13942019607577527,-0.060579803924224795,0.03942019607577518,0.03942019607577518,0.13942019607577527
2002 Q2,0.7179236447710001,0.0390315009898011,-0.0799527108428204,0.0077987126120755024,0,-0.007711317095427784,0.6770898304346286,0.6,-0.07708983043462858,0.022910169565371397,0.022910169565371397,0.12291016956537149,-0.17708983043462856
2002 Q3,0.7200417243097703,0.02838905801548209,-0.059196154928257215,0.0050357668002906425,0,8.362148813783318e-4,0.6951066090786641,0.7,0.004893390921335894,0.004893390921335894,0.10489339092133598,-0.19510660907866406,0.004893390921335894
2002 Q4,0.7292629766664052,0.04302792334018219,-0.028912412117744712,0.002863928534346694,0,-0.021898017992844278,0.724344398430345,0.7,-0.024344398430345082,0.075655601569655,-0.22434439843034504,-0.024344398430345082,-0.024344398430345082
2003 Q1,0.735628917379615,-0.004954951073954029,-0.012218732522237905,0.002874438195160234,0,-0.051981478797112755,0.6693481931814704,0.8,0.13065180681852961,-0.16934819318147043,0.030651806818529526,0.030651806818529526,0.030651806818529526
2003 Q2,0.721562996906677,-0.024858957216122975,-0.011685975955264888,0.0023813967043875197,0,-0.07442051480741092,0.6129789456322657,0.5,-0.11297894563226574,0.08702105436773422,0.08702105436773422,0.08702105436773422,-0.01297894563226576
2003 Q3,0.718461941228367,0.020641372139235444,-0.0052395897958860405,1.2192702230800001e-4,0,-0.07140892455946683,0.6625767260345576,0.7,0.037423273965442316,0.037423273965442316,0.037423273965442316,-0.06257672603455766,-0.06257672603455766
2003 Q4,0.7235523533795551,0.011804207180244344,0.001317205311681711,0.003580376876439333,0,-0.027849655903979108,0.7124044868439413,0.7,-0.012404486843941354,-0.012404486843941354,-0.11240448684394133,-0.11240448684394133,0.08759551315605874
2004 Q1,0.7268757488989515,0.037604502948504634,0.01266157091125123,0.005081281058118034,0,-0.06712820080546927,0.715094903011356,0.7,-0.015094903011356076,-0.11509490301135605,-0.11509490301135605,0.08490509698864401,-0.11509490301135605
2004 Q2,0.7382501870850544,0.031438128266946655,0.03289686082521702,0.004479843445309023,0,-0.07152316016426898,0.7355418594582582,0.6,-0.13554185945825825,-0.13554185945825825,0.06445814054174182,-0.13554185945825825,-0.13554185945825825
2004 Q3,0.7366469998098526,-0.021741143039009467,0.04134891973696914,0.002630727360523961,0,-0.0484812682188482,0.7104042356494881,0.6,-0.11040423564948809,0.08959576435051197,-0.11040423564948809,-0.11040423564948809,-0.11040423564948809
2004 Q4,0.7377586990152845,-0.09066441276932005,0.07101616088521198,-0.001212047558725048,0,-0.04363886474539815,0.6732595348270533,0.8,0.1267404651729468,-0.07325953482705327,-0.07325953482705327,-0.07325953482705327,0.026740465172946704
2005 Q1,0.7582256664921301,-0.06442663061354213,0.0773927107235522,0.010059909999922687,0,-0.06982328908891869,0.7114283675131441,0.6,-0.11142836751314411,-0.11142836751314411,-0.11142836751314411,-0.011428367513144133,0.08857163248685596
2005 Q2,0.7622745920192819,0.01584503492278642,0.09474345264261672,3.022342102238375e-4,0,-0.1273880656946169,0.745777248100292,0.6,-0.14577724810029202,-0.14577724810029202,-0.045777248100292045,0.054222751899708044,0.054222751899708044
2005 Q3,0.7571958819649932,0.018871918254570966,0.11743157083275713,0.0014193512766028128,0,-0.13550257684456918,0.7594161454843551,0.6,-0.15941614548435512,-0.05941614548435514,0.040583854515644946,0.040583854515644946,-0.05941614548435514
2005 Q4,0.7517193006161288,0.023825157217987038,0.11210658880526121,0.002794245969782459,0,-0.12410034243691151,0.7663449501722481,0.7,-0.06634495017224817,0.033655049827751915,0.033655049827751915,-0.06634495017224817,-0.16634495017224815
2006 Q1,0.7668969202944986,0.005573062790329363,0.10699098448609888,-0.0013885624517846159,0,-0.08886765886984775,0.7892047462492945,0.8,0.010795253750705558,0.010795253750705558,-0.08920474624929453,-0.1892047462492945,-0.1892047462492945
2006 Q2,0.7688394683797796,-0.04165778678525858,0.11589256848744556,-0.0010607257543480853,0,-0.11182923507342771,0.7301842892541908,0.8,0.06981571074580928,-0.03018428925419081,-0.1301842892541908,-0.1301842892541908,0.16981571074580926
2006 Q3,0.7709575479185498,-0.026882262662980126,0.1260853860038999,0.005669583497019158,0,-0.14315913094431792,0.7326711238121708,0.7,-0.032671123812170855,-0.13267112381217083,-0.13267112381217083,0.1673288761878292,0.1673288761878292
2006 Q4,0.7671777706200814,0.01588804425994473,0.1597159421588712,0.005626521495414142,0,-0.12123361495737704,0.8271746635769344,0.6,-0.2271746635769344,-0.2271746635769344,0.07282533642306566,0.07282533642306566,0.3728253364230656
2007 Q1,0.7659958588332539,0.038997533575390694,0.1871450651425925,0.005081746067585434,0,-0.13710606609615233,0.8601141375226702,0.6,-0.2601141375226702,0.039885862477329836,0.039885862477329836,0.33988586247732977,0.2398858624773299
2007 Q2,0.772162863899176,0.01579993698793985,0.23218251215033314,-0.0011077397611407617,0,-0.12197413650277603,0.8970634367735322,0.9,0.0029365632264678476,0.0029365632264678476,0.3029365632264678,0.20293656322646791,0.3029365632264678
2007 Q3,0.7850819788759841,0.004969694714021774,0.25824529001153523,0.007481063943118503,0,-0.098936862455314,0.9568411650893456,0.9,-0.05684116508934556,0.24315883491065438,0.1431588349106545,0.24315883491065438,0.24315883491065438
2007 Q4,0.7867904850232794,0.0151327684999995,0.2631987913139525,0.0022726539051489804,0,-0.159029221665978,0.9083654770764024,1.2,0.2916345229235976,0.19163452292359773,0.2916345229235976,0.2916345229235976,-0.2083654770764024
2008 Q1,0.7902426036085679,-5.060111705407588e-4,0.30661075553286565,-0.0034242342173993047,0,-0.11894924465067061,0.9739738691028228,1.1,0.1260261308971773,0.22602613089717716,0.22602613089717716,-0.27397386910282284,-0.07397386910282278
2008 Q2,0.7983287525659722,-0.015835280874671252,0.28580980429452163,0.008918500547390951,0,-0.06785816844004142,1.009363608093172,1.2,0.1906363919068279,0.1906363919068279,-0.3093636080931721,-0.10936360809317203,-0.3093636080931721
2008 Q3,0.793437276062072,-0.01790708149922242,0.28998160010706814,-0.0058448138842722005,0,-0.14181853944437783,0.9178484413412678,1.2,0.2821515586587322,-0.2178484413412678,-0.01784844134126773,-0.2178484413412678,-0.2178484413412678
2008 Q4,0.7460788899106746,-0.02332707467186363,0.255497983055879,0.0023510024548620335,0,-0.17578496060590215,0.8048158401436498,0.7,-0.10481584014364986,0.0951841598563502,-0.10481584014364986,-0.10481584014364986,-0.004815840143649774
2009 Q1,0.7306438241005205,-0.09804554548989294,0.14430592052423283,-0.006846892742980795,0,-0.15601189789650508,0.6140454084953746,0.9,0.28595459150462543,0.08595459150462537,0.08595459150462537,0.18595459150462545,0.18595459150462545
2009 Q2,0.734926791565658,-0.1756369272398706,0.0423016035871206,-0.021462262258271435,0,-0.07090376981868182,0.5092254358359548,0.7,0.19077456416404515,0.19077456416404515,0.29077456416404523,0.29077456416404523,-0.10922543583595479
2009 Q3,0.7573246050308854,-5.410329557813676e-4,-0.07460567418045014,-0.01053086818500787,0,-0.05968268583529323,0.6119643438743527,0.7,0.08803565612564723,0.18803565612564732,0.18803565612564732,-0.2119643438743527,-0.011964343874352745
2009 Q4,0.7716362695387082,0.1815543495517298,-0.15717198219636308,0.0011701208884964606,0,0.043592461269830615,0.840781219052402,0.8,-0.04078121905240195,-0.04078121905240195,-0.440781219052402,-0.24078121905240202,-0.440781219052402
2010 Q1,0.7881596303604955,0.18304822974193122,-0.15880725947240615,0.003339188850871712,0,0.09042732575790259,0.9061671152387949,0.8,-0.10616711523879485,-0.5061671152387949,-0.3061671152387949,-0.5061671152387949,-0.10616711523879485
2010 Q2,0.7982117315969794,0.1907508912485459,-0.14107252188927016,0.006138898202585626,0,-0.011988723150328492,0.8420402760085123,0.4,-0.44204027600851226,-0.2420402760085123,-0.44204027600851226,-0.042040276008512234,-0.042040276008512234
2010 Q3,0.7865096346976966,-0.02967595339056206,-0.10963154907617234,0.001053860172358977,0,-0.033391769462454604,0.6148642229408666,0.6,-0.014864222940866645,-0.2148642229408666,0.18513577705913342,0.18513577705913342,-0.2148642229408666
2010 Q4,0.7959532268954179,-0.21333943751146964,-0.08922834701372889,0.004629138002610162,0,-0.05276132712896075,0.4452532532438688,0.4,-0.04525325324386875,0.35474674675613127,0.35474674675613127,-0.04525325324386875,0.1547467467561312
2011 Q1,0.8129797778838743,-0.07233947059771216,-0.06984791488537237,9.883582908242511e-4,0,-0.12180051512497031,0.5499802355666437,0.8,0.2500197644333564,0.2500197644333564,-0.14998023556664364,0.05001976443335632,-0.14998023556664364
2011 Q2,0.800552150976836,0.0356960939732843,-0.058829875394478745,0.0035193565872383274,0,-0.10939970770891831,0.6715380184339617,0.8,0.12846198156603839,-0.27153801843396164,-0.07153801843396168,-0.27153801843396164,-0.17153801843396166
2011 Q3,0.7981181148217852,0.05660678252827377,-0.0689915276884905,1.1037043161784826e-4,0,-0.06590408945204523,0.7199396506411411,0.4,-0.31993965064114105,-0.1199396506411411,-0.31993965064114105,-0.21993965064114107,-0.019939650641141116
2011 Q4,0.8109436130233991,0.02535963104980331,-0.0756987837925171,-0.0063170557769234486,0,-0.021989333325173936,0.732298071178588,0.6,-0.13229807117858805,-0.332298071178588,-0.23229807117858803,-0.03229807117858807,-0.23229807117858803
2012 Q1,0.7821447525542641,-0.0383226078406016,-0.09290602545315912,-2.866855369520593e-4,0,-0.05499655561718564,0.5956328781063656,0.4,-0.19563287810636554,-0.09563287810636556,0.1043671218936344,-0.09563287810636556,-0.09563287810636556
2012 Q2,0.7810564575426309,-0.062274360372248656,-0.10521231965934691,0.0017837448192644374,0,-0.09474842670165604,0.5206050956286438,0.5,-0.020605095628643766,0.1793949043713562,-0.020605095628643766,-0.020605095628643766,0.07939490437135621
2012 Q3,0.7864628263100994,-0.0017453919311714323,-0.11306780300504646,5.83145298162944e-4,0,-0.09132565206340898,0.5809071246086355,0.7,0.11909287539136448,-0.08090712460863547,-0.08090712460863547,0.019092875391364506,0.11909287539136448
2012 Q4,0.7669320265851964,0.010460001840324234,-0.12286022776543426,-0.004142759169073116,0,-0.045433945777218585,0.6049550957137947,0.5,-0.10495509571379469,-0.10495509571379469,-0.0049550957137947105,0.09504490428620527,0.19504490428620536
2013 Q1,0.7636671415502966,0.0025266706915477817,-0.14559311523241059,-0.0023508823440473005,0,-0.003600745938828169,0.6146490687265582,0.5,-0.11464906872655822,-0.014649068726558245,0.08535093127344173,0.18535093127344182,-0.11464906872655822
2013 Q2,0.7590682174688785,0.03257975071140087,-0.17853139603409915,-0.0027265851561239863,0,0.00421108755587701,0.6146010745459332,0.6,-0.01460107454593318,0.0853989254540668,0.1853989254540669,-0.11460107454593316,0.0853989254540668
2013 Q3,0.7473076100850993,-0.02729051276807562,-0.20883712058491855,-0.003877394658220312,0,0.03357778190014636,0.5408803639740312,0.7,0.1591196360259688,0.2591196360259689,-0.040880363974031164,0.1591196360259688,-0.14088036397403114
2013 Q4,0.7465001653990487,-0.03305627266073123,-0.2419541640317297,-0.0023658395050669165,0,0.06294301683958026,0.5320669060411012,0.8,0.26793309395889886,-0.032066906041101184,0.16793309395889877,-0.13206690604110116,0.0679330939588988
2014 Q1,0.7466522926587394,-0.04140785472808606,-0.271949163383512,-0.0026816058411714373,0,0.08843121933437598,0.519044888040346,0.5,-0.019044888040345986,0.18095511195965397,-0.11904488804034596,0.08095511195965399,0.08095511195965399
2014 Q2,0.74680441991843,-0.024284206698872178,-0.29728749689714057,-0.0014243955765455244,0,0.04254117269531172,0.4663494934411835,0.7,0.23365050655881647,-0.06634949344118346,0.1336505065588165,0.1336505065588165,0.1336505065588165
2014 Q3,0.7450842116742356,0.02155254863365113,-0.3287517541532439,-6.46641703364846e-4,0,0.05976008281920682,0.49699844727048464,0.4,-0.09699844727048462,0.10300155272951533,0.10300155272951533,0.10300155272951533,-0.19699844727048466
2014 Q4,0.7450491053835377,0.04368663142278171,-0.35403384069319704,-0.005489398265755631,0,0.10232564258877296,0.5315381404361398,0.6,0.0684618595638602,0.0684618595638602,0.0684618595638602,-0.2315381404361398,0.0684618595638602
2015 Q1,0.7427554943912782,0.06007035435223961,-0.37962518966108316,-0.0019186942117694133,0,0.0924226795567846,0.5137046444274498,0.6,0.08629535557255019,0.08629535557255019,-0.2137046444274498,0.08629535557255019,-0.3137046444274498
2015 Q2,0.7482554799339411,-0.05802104726991354,-0.3940185485452058,0.0011930495930855922,0,0.10174848548064525,0.39915741919255265,0.6,0.20084258080744732,-0.09915741919255266,0.20084258080744732,-0.19915741919255264,0.10084258080744735
2015 Q3,0.7434225139145374,-0.058699193930410475,-0.40911884691343253,0.00426550269214851,0,0.11190115274686155,0.3917711285097045,0.3,-0.09177112850970454,0.20822887149029545,-0.1917711285097045,0.10822887149029548,-0.09177112850970454
2015 Q4,0.7384257185385437,-0.008178309789690651,-0.3978672247115074,-0.003924902948041294,0,0.12263865683067703,0.4510939379199813,0.6,0.14890606208001866,-0.2510939379199813,0.048906062080018686,-0.15109393791998132,-0.05109393791998129
2016 Q1,0.7224172499803247,-0.026983992597198934,-0.39760531954227396,0.008421784179461192,0,0.11974457246312331,0.42599429448343634,0.2,-0.22599429448343633,0.07400570551656366,-0.12599429448343635,-0.02599429448343632,0.07400570551656366
2016 Q2,0.7229438443407924,0.04186381931263307,-0.3912057541336078,9.517198633492759e-4,0,0.141934103467711,0.5164877328508779,0.5,-0.0164877328508779,-0.2164877328508779,-0.11648773285087788,-0.0164877328508779,-0.0164877328508779
2016 Q3,0.6885747857475989,0.08314868908244798,-0.3796062830465674,0.0027319777904331478,0,0.14389646812304252,0.5387456376969552,0.3,-0.23874563769695517,-0.13874563769695514,-0.03874563769695516,-0.03874563769695516,-0.13874563769695514
2016 Q4,0.6891949968832608,0.036842377354238655,-0.38429008622751515,7.398603407082199e-4,0,0.16132998699190632,0.5038171353425989,0.4,-0.10381713534259884,-0.0038171353425988652,-0.0038171353425988652,-0.10381713534259884,-0.10381713534259884
2017 Q1,0.6862460684646415,0.029336966375294135,-0.38787486826523687,-0.001852417918589261,0,0.1713358418468142,0.4971915905029237,0.5,0.0028084094970762807,0.0028084094970762807,-0.0971915905029237,-0.0971915905029237,0.0028084094970762807
2017 Q2,0.6828056519762523,0.01347655164684042,-0.3833568146965577,-0.0018845807387539418,0,0.14389564799440074,0.4549364561821819,0.5,0.045063543817818075,-0.0549364561821819,-0.0549364561821819,0.045063543817818075,-0.0549364561821819
2017 Q3,0.6905875464142754,-0.04458337984086386,-0.3819655905258678,0.005501965062059742,0,0.13568289743726597,0.40522343854686943,0.4,-0.005223438546869408,-0.005223438546869408,0.09477656145313057,-0.005223438546869408,-0.005223438546869408
2017 Q4,0.6826769289103604,-0.03640655833129503,-0.3707954789218537,0.001565668800220796,0,0.14934711099997744,0.42638767145740986,0.4,-0.026387671457409834,0.07361232854259014,-0.026387671457409834,-0.026387671457409834,0.07361232854259014
2018 Q1,0.6788035348366976,0.002425378984000401,-0.36466818854438826,0.0010545247241115006,0,0.13931259300193954,0.45692784300236083,0.5,0.043072156997639166,-0.05692784300236081,-0.05692784300236081,0.043072156997639166,-0.15692784300236085
2018 Q2,0.6703195145847176,0.004356645139369351,-0.3611740293468966,-0.0014076554304825865,0,0.13578449201765572,0.4478789669643636,0.4,-0.047878966964363556,-0.047878966964363556,0.05212103303563642,-0.1478789669643636,-0.047878966964363556
2018 Q3,0.6725897213831786,-0.009848822683823318,-0.34962042086767803,0.002850337656292562,0,0.12952906521701296,0.44549988070498275,0.4,-0.04549988070498273,0.054500119295017246,-0.14549988070498276,-0.04549988070498273,-0.04549988070498273
2018 Q4,0.6776450272436687,-0.017766906606764707,-0.3347799872372884,0.007204119740250578,0,0.09096616583895219,0.42326841897881834,0.5,0.07673158102118166,-0.12326841897881835,-0.023268418978818317,-0.023268418978818317,-0.023268418978818317
2019 Q1,0.6730929115498476,-0.03524099710244962,-0.3134521742626746,0.004011143430961523,0,0.0993840215584158,0.42779490517410074,0.3,-0.12779490517410075,-0.027794905174100715,-0.027794905174100715,-0.027794905174100715,0.07220509482589926
2019 Q2,0.6730929115498476,0.0027446919888835094,-0.30733413577880864,-2.625849938749058e-5,0,0.11366759460079309,0.4821448038613281,0.4,-0.08214480386132805,-0.08214480386132805,-0.08214480386132805,0.017855196138671925,-0.4821448038613281
2019 Q3,0.6730929115498476,0.024883067008725796,-0.3091061598856706,-0.004911978943464544,0,0.1081219455520479,0.49207978528148616,0.4,-0.09207978528148614,-0.09207978528148614,0.00792021471851384,-0.49207978528148616,-0.19207978528148617
2019 Q4,0.6730929115498476,0.007111165860972791,-0.31721769866067034,-7.478633253825287e-4,0,0.10508372598014223,0.46732224140490985,0.4,-0.06732224140490983,0.032677758595090145,-0.46732224140490985,-0.16732224140490987,0.032677758595090145
2020 Q1,0.6730929115498476,0.005647911635114208,-0.324274477215033,0.002227874832659996,0,0.12217617815283949,0.4788703989554284,0.5,0.021129601044571622,-0.4788703989554284,-0.1788703989554284,0.021129601044571622,-0.1788703989554284
2020 Q2,0.6730929115498476,-0.0013268336486791164,-0.39353500805193875,-3.200373821465224e-4,0,0.12428964256231811,0.4022006750294013,0,-0.4022006750294013,-0.10220067502940133,0.09779932497059868,-0.10220067502940133,0.09779932497059868
2020 Q3,0.6730929115498476,-0.013620401009691219,-0.4347674298161097,-0.03460128199483132,0,0.17455116682482852,0.3646549655540439,0.3,-0.06465496555404393,0.13534503444595608,-0.06465496555404393,0.13534503444595608,0.4353450344459561
2020 Q4,0.6730929115498476,0.006701632359306965,-0.4973861342015902,-0.0030288107269919404,0,0.2760419727661874,0.4554215717467599,0.5,0.0445784282532401,-0.1554215717467599,0.0445784282532401,0.34457842825324014,0.5445784282532401
2021 Q1,0.6730929115498476,0.05801685745315143,-0.5155781646871785,0.006631772024364354,0,0.2648169863975381,0.48698036273772294,0.3,-0.18698036273772295,0.013019637262277062,0.3130196372622771,0.5130196372622771,1.013019637262277
2021 Q2,0.6730929115498476,0.04216421138203434,-0.44570539889125255,0.022924771471644137,0,0.14948366980037125,0.44196016531264476,0.5,0.05803983468735524,0.3580398346873553,0.5580398346873552,1.0580398346873552,1.1580398346873553
2021 Q3,0.6730929115498476,0.005629697773948002,-0.33883292570028134,0.022279413681263613,0.3945559500134418,0.11636690938208774,0.8730919567003074,0.8,-0.07309195670030733,0.12690804329969263,0.6269080432996926,0.7269080432996927,0.9269080432996927
2021 Q4,0.6730929115498476,-0.01922516092599775,-0.24667896832695768,0.016211222851624213,0.3945559500134418,0.12632588231952516,0.9442818374814833,1,0.05571816251851669,0.5557181625185167,0.6557181625185168,0.8557181625185167,0.7557181625185166
2022 Q1,0.6730929115498476,-0.11569259800245324,-0.11593348927716468,-9.922808053767827e-4,1.0008943192635962,0.10701988256721696,1.5483887452956662,1.5,-0.04838874529566617,0.05161125470433392,0.2516112547043339,0.1516112547043338,-0.3483887452956662
2022 Q2,0.6730929115498476,-0.09153433672217495,-0.01758903062884247,0.02361153261873737,1.0008943192635962,0.07792073391488934,1.6663961299960532,1.6,-0.06639612999605315,0.1336038700039468,0.03360387000394671,-0.4663961299960533,-0.7663961299960532
2022 Q3,0.6730929115498476,0.007277778708965768,0.10552071666981637,0.010539061438544358,1.0008943192635962,0.05003334538381699,1.8473581330145872,1.8,-0.047358133014587134,-0.14735813301458722,-0.6473581330145872,-0.9473581330145872,-0.6473581330145872
2022 Q4,0.6730929115498476,0.028396919061288092,0.21994964686896534,0.011242473364712872,1.0008943192635962,-0.024103470765058727,1.9094727993433513,1.7,-0.2094727993433514,-0.7094727993433514,-1.0094727993433512,-0.7094727993433514,-1.0094727993433512
2023 Q1,0.6730929115498476,0.02082654280891446,0.2821390097679686,0.001168796192702461,0.3945559500134418,-0.06296380930974561,1.3088194010231293,1.2,-0.10881940102312937,-0.4088194010231293,-0.10881940102312937,-0.4088194010231293,-0.3088194010231293
2023 Q2,0.6730929115498476,0.014340450072535059,0.3210659979924857,-0.005128562111137959,0,-0.06224353253980923,0.9411272649639213,0.9,-0.04112726496392127,0.25887273503607866,-0.04112726496392127,0.058872735036078705,-0.04112726496392127
2023 Q3,0.6730929115498476,0.043146920992330424,0.3123262803180295,7.455748754387159e-4,0,-0.07588845290481748,0.9534232348308288,1.2,0.24657676516917115,-0.05342323483082878,0.0465767651691712,-0.05342323483082878,-0.15342323483082876
2023 Q4,0.6730929115498476,0.00898072866613996,0.2723493955367051,-0.0016334016913222193,0,-0.10892370709279932,0.8438659269685712,0.9,0.05613407303142881,0.1561340730314288,0.05613407303142881,-0.04386592696857117,-0.3438659269685712
2024 Q1,0.6730929115498476,0.025219433535660574,0.24878270539265832,-0.009084394540510599,0,-0.19672831221946727,0.7412823437181887,1,0.2587176562818113,0.15871765628181134,0.05871765628181136,-0.24128234371818869,-0.04128234371818873
2024 Q2,0.6730929115498476,0.026552740114085677,0.1994135121874449,-4.253392572005157e-4,0,-0.10715750203276322,0.7914763225614145,0.9,0.10852367743858549,0.008523677438585509,-0.29147632256141454,-0.09147632256141458,-0.19147632256141456
2024 Q3,0.6730929115498476,-0.03498705249280475,0.16059157891523906,-0.00444395130388009,0,-0.04669356932571274,0.7475599173426891,0.8,0.05244008265731093,-0.24755991734268912,-0.04755991734268916,-0.14755991734268914,0.2524400826573109
2024 Q4,0.6730929115498476,-0.005262936293961606,0.15410536982710468,-0.002475614878671227,0,-0.048568275434615955,0.7708914547697036,0.5,-0.27089145476970355,-0.0708914547697036,-0.17089145476970358,0.22910854523029645,0.12910854523029647
2025 Q1,0.6730929115498476,0.004244481862120961,0.138788769903188,0.0035110064345837996,0,-0.016346212717846198,0.8032909570318942,0.7,-0.10329095703189428,-0.20329095703189426,0.19670904296810576,0.09670904296810579,-0.0032909570318941928
2025 Q2,0.6730929115498476,-0.007457716428770678,0.14073858047478677,-0.0029340908659368906,0,-0.024531768389287743,0.7789079163406392,0.6,-0.17890791634063918,0.22109208365936084,0.12109208365936086,0.021092083659360883,0.021092083659360883
2025 Q3,0.6730929115498476,-0.025938699251158614,0.12833262844938684,-0.0020896809094995542,0,-0.06173509609219739,0.7116620637463789,1,0.28833793625362114,0.18833793625362116,0.08833793625362119,0.08833793625362119,0.08833793625362119
2025 Q4,0.6730929115498476,-0.0021770334885813144,0.11834469129454409,-0.00493647518488282,0,-0.022984412354266088,0.7613396818166615,0.9,0.13866031818333857,0.03866031818333859,0.03866031818333859,0.03866031818333859,0.03866031818333859
2026 Q1,0.6730929115498476,0.031655755227095454,0.11122704847671286,0.0016371707113409047,0,-0.017722825653785267,0.7998900603112116,0.8,1.0993968878847404e-4,1.0993968878847404e-4,1.0993968878847404e-4,1.0993968878847404e-4,1.0993968878847404e-4
2026 Q2,0.6730929115498476,0.025349868406743102,0.09184241374540095,0.001072872258103432,0,-0.011533595845886431,0.7798244701142087,0.8,0.0201755298857913,0.0201755298857913,0.0201755298857913,0.0201755298857913,0.0201755298857913
2026 Q3,0.6730929115498476,0.040260498465676316,0.09089960718025132,-0.006688662936650337,0,-0.0018522874000189028,0.7957120668591061,0.8,0.004287933140893929,0.004287933140893929,0.004287933140893929,0.004287933140893929,NA
2026 Q4,0.6730929115498476,0.015426564158092584,0.07628580228180873,-8.826236047440568e-4,0,-0.015424090950876403,0.7484985634341286,0.8,0.05150143656587147,0.05150143656587147,0.05150143656587147,NA,NA
2027 Q1,0.6730929115498476,-0.021002111192518012,0.060047232952090836,-0,0,-0.015284068099689442,0.696853965209731,0.8,0.10314603479026907,0.10314603479026907,NA,NA,NA
2027 Q2,0.6730929115498476,-0.008802998491845904,0.060711342701486315,-0,0,-0.01801803044229337,0.7069832253171947,0.8,0.09301677468280534,NA,NA,NA,NA
