variable,mean,median,lowera,uppera,lowerb,upperb,date,LUR,DLWPI_EST
NAIRU[1],5.673937631012344,5.681636401736627,5.374035979922567,5.98762387112711,5.475643344843228,5.853102754009912,1997 Q4,7.977187499999999,0.8968669982760247
NAIRU[2],5.6957676241723005,5.709240691651033,5.3551221253277665,6.053029803896862,5.46977979501351,5.911294934680831,1998 Q1,7.840956133333333,0.8888947417245774
NAIRU[3],5.7216725332849645,5.708445530022409,5.362960526845152,6.054000329669514,5.4928869115367895,5.9621031223339065,1998 Q2,7.733828733333333,0.7347571630394789
NAIRU[4],5.764406599891387,5.745466310975305,5.393395694050339,6.1269620472148025,5.5287064451675025,5.98444470695156,1998 Q3,7.7882881,0.729397836255341
NAIRU[5],5.782826039596119,5.776832737856652,5.4130326747316575,6.139586739031453,5.552621297563366,6.019060484559164,1998 Q4,7.3748021,0.7241161256559714
NAIRU[6],5.807928419234897,5.799691638754919,5.406010481613326,6.188540033704413,5.568288672914552,6.03035415373098,1999 Q1,7.082459,0.862074304390692
NAIRU[7],5.831397216430503,5.845870913360986,5.381537255942176,6.2676426463443,5.567240338857947,6.113508232634551,1999 Q2,6.886110866666667,0.712761392423289
NAIRU[8],5.852111682917103,5.835304421008476,5.427676922964168,6.309739948845477,5.5806750477850935,6.122215468790497,1999 Q3,6.874404833333333,0.7077170374084396
NAIRU[9],5.89865189731984,5.87366667767914,5.496015732573196,6.359633376271518,5.637108288864764,6.184259559794754,1999 Q4,6.6339581333333335,0.7027435807457572
NAIRU[10],5.91017039014163,5.897278512160914,5.452666370450941,6.439374247460588,5.594638112199393,6.198780227227436,2000 Q1,6.650502033333333,0.5586606708638975
NAIRU[11],5.964060635822806,5.966924375076008,5.491522915376204,6.571804453177171,5.6461882554505864,6.240941492922481,2000 Q2,6.3020701,0.9702085806450711
NAIRU[12],5.9916371874054555,5.985274279141121,5.536978348746881,6.585743123975747,5.655742131151478,6.325840007938378,2000 Q3,5.989740533333333,0.82418048951034
NAIRU[13],6.008915198968732,5.993791978040274,5.52645090574008,6.632414447266395,5.656915089707509,6.327783268518468,2000 Q4,6.172109266666666,0.9530364850694362
NAIRU[14],6.004755685349816,5.988038408872801,5.521188380459648,6.6354611694073435,5.659847606339734,6.339956227108904,2001 Q1,6.366243933333333,0.944039377908723
NAIRU[15],6.007852682969226,5.975177541520737,5.550415473765746,6.654287916980926,5.687737178348138,6.313861689244824,2001 Q2,6.869537533333333,0.9352105570280322
NAIRU[16],5.995031354075233,5.972421376573761,5.511906228107693,6.632107998529257,5.678543895006458,6.318864397006653,2001 Q3,6.867782666666667,0.6626929487609345
NAIRU[17],5.980581640765963,5.92541751501015,5.478944866826325,6.562000163521757,5.670688923174387,6.30111548822463,2001 Q4,6.979481766666667,0.7894777847007539
NAIRU[18],5.968626287611598,5.954287178419825,5.521791480635911,6.562486324363519,5.662566252311608,6.293583688393049,2002 Q1,6.6275595,0.7832938221187469
NAIRU[19],5.942125161114648,5.918645356155281,5.453008699883918,6.4532246603248415,5.628970187292543,6.256215226085899,2002 Q2,6.404725666666667,0.7772059847702906
NAIRU[20],5.92262465477063,5.860344970592007,5.446459801632095,6.530586283880318,5.615937070712882,6.233548606789017,2002 Q3,6.280471133333333,0.8991711191963958
NAIRU[21],5.88492528309333,5.8475965620540755,5.412515496680716,6.532028087528407,5.607297946328471,6.175088373371846,2002 Q4,6.157816866666667,0.8911580300563493
NAIRU[22],5.852341669925108,5.821506264947505,5.385388235598591,6.549785917013042,5.561905985494271,6.145388846753379,2003 Q1,6.056286166666666,1.0088357944340487
NAIRU[23],5.797795789271251,5.7759501379851885,5.310633277504078,6.41388036901857,5.514483866988262,6.1203157482087605,2003 Q2,6.051211533333333,0.7500035156546403
NAIRU[24],5.745006614511756,5.699012416816163,5.292454340700189,6.305058444254211,5.467683894606257,6.018387904953173,2003 Q3,5.9071963,0.8679533719723409
NAIRU[25],5.701744163672642,5.685406522837926,5.223703597905974,6.277796779597263,5.401462000593586,5.963255661037291,2003 Q4,5.708952,0.9828088936262525
NAIRU[26],5.660493813334396,5.637879319782151,5.244854336434808,6.234438122363299,5.360699811266691,5.932397290380831,2004 Q1,5.5373783,0.8521049731933239
NAIRU[27],5.626010785734378,5.5941453614771,5.207734030536436,6.206906711683993,5.339310136449944,5.919120145676938,2004 Q2,5.435813933333333,0.8449054486527885
NAIRU[28],5.574094802889625,5.5356789661852925,5.159587081770605,6.164348433242066,5.282181790759221,5.892497716633336,2004 Q3,5.479516333333334,0.8378265645998084
NAIRU[29],5.5250719404797115,5.475284486999978,5.105703964446089,6.115384281930206,5.228828365150041,5.850456662593656,2004 Q4,5.117552766666667,1.0669929324696348
NAIRU[30],5.461796814884447,5.44581312803593,5.02453715381446,6.059873621443006,5.15425579705295,5.778803561962081,2005 Q1,5.106783733333334,1.0557282805876866
NAIRU[31],5.408761534767228,5.376295739603082,4.969503457395786,6.028500957967735,5.120125098709896,5.740651579166553,2005 Q2,5.0571962,1.0446989964655096
NAIRU[32],5.355321760226944,5.341236412309204,4.928312118812855,5.918502723288999,5.071129687030014,5.643184567133331,2005 Q3,4.958602733333334,0.9195467093100262
NAIRU[33],5.296048664071229,5.263237892507081,4.892772062382503,5.862989643348283,4.979636016386659,5.637623355247658,2005 Q4,5.007952566666667,0.9111680351256091
NAIRU[34],5.23749708504111,5.214092517902917,4.84145250453592,5.747449208276403,4.93172427829832,5.552904259338699,2006 Q1,5.044254333333333,1.1274076573218217
NAIRU[35],5.1659619913794534,5.129317026317734,4.775220662319541,5.7570461372532975,4.888794212402221,5.476070391248664,2006 Q2,4.857371833333333,1.0039125028328044
NAIRU[36],5.085146178943946,5.036183501873277,4.689442939676857,5.647581875295057,4.799100658153522,5.377467932055058,2006 Q3,4.678365866666667,0.9939341902557963
NAIRU[37],5.0255285428154,4.987654110406041,4.593774872890448,5.599934283757718,4.733207561696626,5.319117498493206,2006 Q4,4.515483166666667,1.0929070532190721
NAIRU[38],4.953019057892339,4.930588430350348,4.541899524759298,5.482002039055761,4.657429302413837,5.25609529511718,2007 Q1,4.549238466666667,0.8658062743114314
NAIRU[39],4.890709571804059,4.855484952689249,4.482529284232307,5.390159795763688,4.60164762651974,5.203786653865031,2007 Q2,4.3249484,1.071821622002389
NAIRU[40],4.8700656129318425,4.843382418614583,4.46534895116423,5.364402232299931,4.5732726160828685,5.1816165303127955,2007 Q3,4.2552332999999996,1.1658849603703558
NAIRU[41],4.81098251432355,4.7965648631689195,4.383401566424002,5.304804850986577,4.500891248582862,5.115131376859901,2007 Q4,4.353817833333333,0.7349114441473681
NAIRU[42],4.787537434707118,4.7595212191872776,4.390804683593907,5.316415831091572,4.4858521026849925,5.116250743187516,2008 Q1,4.086222633333334,1.0405921161116716
NAIRU[43],4.755065675914409,4.720491956752501,4.347607454748844,5.277467136830794,4.435501503130537,5.050149262373102,2008 Q2,4.258564,1.1322817830264675
NAIRU[44],4.745842189138116,4.720240455012841,4.322643068569586,5.232466715146366,4.43050719102624,5.043023190292507,2008 Q3,4.1850008333333335,1.2207679579929298
NAIRU[45],4.715846497734368,4.688496548120131,4.310856762474255,5.230965119348327,4.394005902955279,5.008618784369558,2008 Q4,4.441033366666667,0.8056438339125727
NAIRU[46],4.702272966296366,4.670422634346801,4.303419155203891,5.251910768595013,4.40503456507555,5.016554844994416,2009 Q1,5.3073573666666665,0.8986580697846414
NAIRU[47],4.710745989021322,4.681397803013261,4.299313922397405,5.270365705740497,4.408050324423764,4.984763209732887,2009 Q2,5.729036,0.7920833491444235
NAIRU[48],4.704956199253304,4.677021992291499,4.279974714555162,5.195718067137758,4.398889986792294,4.999962980652837,2009 Q3,5.683215466666667,0.39370129593390146
NAIRU[49],4.70577887436585,4.687547479487403,4.276768044468213,5.179475714355197,4.408540186466214,5.015230368296954,2009 Q4,5.5578409,0.782782862024689
NAIRU[50],4.717071428255991,4.694654917582979,4.292654899713219,5.211865926462097,4.397150069706427,5.044409095468988,2010 Q1,5.3289932,0.9699397088713368
NAIRU[51],4.699868032884161,4.668276139268937,4.263090307380901,5.196049422815693,4.387237515681042,5.014676594463441,2010 Q2,5.290939833333333,0.7692345623156349
NAIRU[52],4.68402362555532,4.660375806649872,4.27058939390908,5.188018899283197,4.365290102521051,4.999387154923116,2010 Q3,5.124916533333333,1.048127746758265
NAIRU[53],4.653946574811078,4.650937262529739,4.245473686309886,5.142470373769855,4.345771223746368,4.96287299314845,2010 Q4,5.090326233333333,1.037255881562249
NAIRU[54],4.637322588491056,4.619328604486514,4.234205699246135,5.182335617891977,4.34373225443502,4.913599145475353,2011 Q1,4.9672569,0.9337135995940216
NAIRU[55],4.616366854317858,4.5870230124905085,4.231248159572477,5.147746008949648,4.331217500042198,4.93753535769224,2011 Q2,4.9632171666666665,0.740744127786197
NAIRU[56],4.58600827801093,4.528973562920028,4.168242483413463,5.1147998586319945,4.292018485217686,4.884070848374362,2011 Q3,5.194893633333333,0.8268306176947071
NAIRU[57],4.549659233110454,4.511141740722611,4.127881853732755,5.037810768997301,4.2756448683885875,4.847180458008283,2011 Q4,5.2052778,1.001373866050237
NAIRU[58],4.512468792681016,4.5005622695182925,4.090826865210433,4.988820172514122,4.210413775178342,4.8264151874221755,2012 Q1,5.1409404,0.9914457057178083
NAIRU[59],4.469092928726366,4.445763763914956,4.016250083333071,4.963734065960346,4.162959726719077,4.803315722309403,2012 Q2,5.1192635,0.892863074430128
NAIRU[60],4.41283891194321,4.387990412307076,3.984618585987326,4.933466798732187,4.099499139059927,4.7609994332315235,2012 Q3,5.2759066,0.7085946389485898
NAIRU[61],4.359629313782985,4.324981381697448,3.9128033370280995,4.926139846518799,4.0500929468907785,4.670347029138046,2012 Q4,5.366588366666667,0.7912129187949368
NAIRU[62],4.317671232573072,4.295754776035472,3.866966928511607,4.832658548210352,3.9923520662216267,4.643997569513114,2013 Q1,5.474768766666667,0.6980831141340182
NAIRU[63],4.280569068504826,4.2619231634239,3.834561842420831,4.828179563508106,4.003997980800786,4.598695633747752,2013 Q2,5.6312682999999994,0.6932436775644923
NAIRU[64],4.243691705903894,4.228878931300729,3.756725708786809,4.761331127198467,3.94921984859674,4.5465875488307494,2013 Q3,5.7286164,0.5167970158442614
NAIRU[65],4.195440221952738,4.185833786931076,3.754606125580902,4.713495630746574,3.900218659971979,4.508663801145674,2013 Q4,5.840081433333333,0.6849341845574841
NAIRU[66],4.161078778054371,4.142666977505177,3.6816944800552225,4.688982555237514,3.8410700238061484,4.488220696381113,2014 Q1,5.8995707,0.7649846060403753
NAIRU[67],4.117018622481179,4.101826496399967,3.6227726503880877,4.6584568581140475,3.7653424551616297,4.441132161313874,2014 Q2,5.927679333333333,0.5067578412305984
NAIRU[68],4.087848784612382,4.080970353254177,3.6013565042583235,4.604997087515652,3.765834738908243,4.39820862213765,2014 Q3,6.169539133333333,0.5879899342879469
NAIRU[69],4.051340761239165,4.042889561674189,3.532627277395098,4.60484144285654,3.7397616369774633,4.383830339291454,2014 Q4,6.253391966666666,0.5845528127435884
NAIRU[70],4.012719394836106,4.002710304009682,3.5844145037976616,4.5463093951312326,3.705752896662826,4.342935152102837,2015 Q1,6.202812866666666,0.581155641477693
NAIRU[71],3.97418672404036,3.9524697246592337,3.5031257152871316,4.500094651583957,3.6726922925686907,4.28712027092941,2015 Q2,6.017128733333333,0.4954593124683271
NAIRU[72],3.9438230507559138,3.9239513391774414,3.481785059150439,4.473928607051312,3.66330094216721,4.289986339748315,2015 Q3,6.178474766666667,0.5749502491260827
NAIRU[73],3.908230051268419,3.890713564906118,3.4343803841234193,4.404490717956214,3.593640887637655,4.254226089462436,2015 Q4,5.834532633333334,0.49019706002066954
NAIRU[74],3.887869729673202,3.8629351469523345,3.3936538490417916,4.33546298652863,3.608557490343301,4.213668083104271,2016 Q1,5.796395033333333,0.4878058453432921
NAIRU[75],3.8868600422509765,3.8559295133681655,3.416285793280965,4.357096557744762,3.599828555943709,4.193729922371238,2016 Q2,5.6874937,0.48543784647980814
NAIRU[76],3.884904371415786,3.883997171396097,3.4179732371760094,4.355916086936557,3.616062900528388,4.186739471970292,2016 Q3,5.6576064666666666,0.40273916699824497
NAIRU[77],3.882282686278474,3.883977119400021,3.431991534313526,4.34109135931885,3.595344189879231,4.178984559832719,2016 Q4,5.733405633333334,0.4811556997222688
NAIRU[78],3.8894344434817594,3.8848884148290717,3.467073337976159,4.366226537934937,3.6129443758595388,4.162291554281292,2017 Q1,5.807673066666666,0.5584378293900016
NAIRU[79],3.9009927531463346,3.9166099662401566,3.4442298544790537,4.375386299955701,3.6137178844162112,4.181569238195331,2017 Q2,5.593200266666667,0.4761913760243708
NAIRU[80],3.8985643756257744,3.908842551901831,3.444627104252808,4.352393231469116,3.612788516207246,4.181878107667035,2017 Q3,5.532623233333333,0.4739345363896419
NAIRU[81],3.9055103924979293,3.910444996859475,3.4490792520814173,4.328694881399027,3.622440835194074,4.186160580356373,2017 Q4,5.491421833333333,0.5500996190347607
NAIRU[82],3.9119122916800353,3.9349043211326116,3.4807863325955695,4.3410093760569115,3.6301653172917456,4.213067458738006,2018 Q1,5.545387633333333,0.46911735758801143
NAIRU[83],3.911164259857846,3.918019918891778,3.524527524056254,4.343514999930116,3.6120725719824374,4.191562944701104,2018 Q2,5.441253533333334,0.6220859875102569
NAIRU[84],3.915607447058733,3.942935284893685,3.4882235230598897,4.350462081849248,3.6381397748137063,4.200776706692164,2018 Q3,5.1852937,0.6182399908317926
NAIRU[85],3.9271995666666153,3.9338940520734385,3.5178797674135227,4.328400574078287,3.648960688322039,4.202943374393868,2018 Q4,5.042751866666666,0.5378422492758439
NAIRU[86],3.91483783040854,3.904010767233605,3.5217704331159396,4.322355048680326,3.617630594088029,4.203228070165182,2019 Q1,5.0437186333333335,0.5349649747239837
NAIRU[87],3.9099151292753622,3.8922208229396507,3.520038595038212,4.3184958983209825,3.6241077720680144,4.200691171864003,2019 Q2,5.2255074,0.6079046076382433
NAIRU[88],3.917560002085636,3.8882812308951413,3.498442213513322,4.3580656924583225,3.63880272325206,4.2274958262275035,2019 Q3,5.252756266666666,0.5289018751791552
NAIRU[89],3.9357938485033697,3.8947034625381365,3.5393116811766014,4.332904665616766,3.6738194634296795,4.243656079405072,2019 Q4,5.171337833333333,0.5261192143361626
NAIRU[90],3.95247514754568,3.947995278394581,3.5490734116163103,4.37435710256504,3.6780783778033417,4.258300970347743,2020 Q1,5.186909333333333,0.5233656806108655
NAIRU[91],3.9714420585512773,3.956253082628269,3.598254726407238,4.396533883190146,3.6946201706638164,4.257600611140999,2020 Q2,6.9056799,0.2234637801416639
NAIRU[92],3.9761276885698544,3.9552767077429882,3.561969295332051,4.435435255829559,3.720585790124174,4.278830096944811,2020 Q3,7.050215966666666,0.07437709528446135
NAIRU[93],3.9775840416505215,3.965853607113269,3.6134086788780517,4.446264950144228,3.7072785118586333,4.236937872444756,2020 Q4,6.7729957,0.5190964566970102
NAIRU[94],3.9837653806984643,3.979673004433642,3.6153116513760875,4.408769325629457,3.739741328780707,4.243963443978178,2021 Q1,5.932969166666667,0.6634746048556295
NAIRU[95],3.9873492745713457,3.969213256600207,3.637457830329368,4.427966458770178,3.7497461416670497,4.227054639622964,2021 Q2,5.2007346,0.5130095531030499
NAIRU[96],3.9824045289411476,3.9686700804570503,3.639246948851648,4.429480570023822,3.7273758386984133,4.198116491791309,2021 Q3,4.664694133333334,0.5103911918175719
NAIRU[97],4.00456275657416,3.9835258109913023,3.63882275567457,4.450336923582412,3.768166453902094,4.23827921412487,2021 Q4,4.6930859,0.6524126076943304
NAIRU[98],4.031836712336079,4.021952714684572,3.6317389391921813,4.416858466685111,3.7897103096324276,4.282642663226859,2022 Q1,4.0610144,0.6481837602190232
NAIRU[99],4.051886973986635,4.029688498446579,3.6681795654606577,4.486354152854022,3.8018879319279737,4.310469329865609,2022 Q2,3.7994325,0.7865610805951384
NAIRU[100],4.100801109831818,4.074084489131006,3.7526309598819925,4.530511355643757,3.8771459531366235,4.336982651158881,2022 Q3,3.5227551333333333,0.9922122506315745
NAIRU[101],4.1179315814908835,4.099878519931677,3.7615093714480934,4.555683822896456,3.8876932933961936,4.350908325320528,2022 Q4,3.4929186333333333,0.8427016161880019
NAIRU[102],4.178944332817432,4.1690290152569185,3.826654908451226,4.599966923049695,3.965941087652241,4.39095389490691,2023 Q1,3.6231456333333334,0.9742596198819342
NAIRU[103],4.189793940242681,4.170064043919216,3.797676397936465,4.616900333857862,3.9636737320488105,4.387983498400762,2023 Q2,3.6039779,0.827590930385913
NAIRU[104],4.200366078139044,4.217532905257103,3.843832146054252,4.603183541230109,3.961347029819434,4.410457390734933,2023 Q3,3.6488515666666665,1.2965040017289375
NAIRU[105],4.218420923345987,4.203956180256441,3.844885725563676,4.619796272646658,3.9975717121120367,4.444448695222201,2023 Q4,3.899197733333333,1.0789045990818202
NAIRU[106],4.204913635880881,4.1771444145957295,3.846762771925791,4.605134188857096,3.953094447055247,4.445112579343287,2024 Q1,3.9113048,0.7350517559340908
NAIRU[107],4.202181987070694,4.201759818553091,3.854530025954058,4.585215044496532,3.971958026535949,4.447371587147687,2024 Q2,4.039988866666667,0.8617885619389476
NAIRU[108],4.235028438553854,4.220967881796172,3.880595237870239,4.614772505135914,3.9966196529480533,4.491797812857407,2024 Q3,4.109908833333333,0.8544251782996781
NAIRU[109],4.2287888066471275,4.225829376329842,3.838760810117869,4.624741365666266,4.00627406912773,4.44787098585168,2024 Q4,4.008619466666667,0.717316411241331
NAIRU[110],4.241086603823178,4.218642888616479,3.898737099294843,4.644176885241979,4.027788845041433,4.4726994207672774,2025 Q1,4.094575966666667,0.9699397088713368
NAIRU[111],4.24207092886908,4.22711716584453,3.883334334034272,4.66808239761757,3.996303844288295,4.452650007208129,2025 Q2,4.157974933333334,0.8330711428428117
NAIRU[112],4.2468068615607955,4.234938862296529,3.879526546015713,4.680300882625894,4.009868381186928,4.490783209477881,2025 Q3,4.3060484,0.7628771899621078
NAIRU[113],4.270579845288018,4.251648994457948,3.9202342460990747,4.740206394650793,4.032940671557921,4.525446397078048,2025 Q4,4.2573268,0.8199352148686501
NAIRU[114],4.286025061044763,4.264979550731738,3.905652125947846,4.723015647353924,4.018603724944619,4.554460015524133,2026 Q1,4.223809066666667,0.7509422022131673
NAIRU[115],4.299837334683535,4.28991628597844,3.9094075882993025,4.7421810844786885,4.06618896338701,4.530384123906828,2026 Q2,4.434078,0.8072071150646565
NAIRU[116],4.301465178681786,4.288227806515725,3.878046649732016,4.760664327187099,4.054129038813585,4.547394594588695,2026 Q3,4.4618247,0.8072071150646565
NAIRU[117],4.299155667214408,4.307066399939935,3.820923404188584,4.826567171195572,4.056351299884113,4.561742756475571,2026 Q4,4.4618247,0.8072071150646565
NAIRU[118],4.300548926751226,4.293512926569735,3.8291919044583995,4.855052874093635,4.041857272412731,4.594079184459649,2027 Q1,4.4618247,0.8072071150646565
NAIRU[119],4.306464339265075,4.292838426466736,3.8326903675710025,4.884388251444943,4.004368220791751,4.61460265272612,2027 Q2,4.4618247,0.7707861152197198
