variable,mean,median,lowera,uppera,lowerb,upperb,date,LUR,dl4pmcg,DLAENA_EST,DLWPI_EST
NAIRU[1],5.7878416298666835,5.78278837625882,5.478419452274876,6.104782279855148,5.583498110889985,6.0068631723933645,1997 Q4,7.977187499999999,6.3871470386661855,0.5,0.8968669982760247
NAIRU[2],5.840939030813164,5.844136317084903,5.507205823189546,6.136339280819753,5.648981124693927,6.063671829545162,1998 Q1,7.840956133333333,8.205906323515144,0,0.8888947417245774
NAIRU[3],5.886587626269582,5.8835649881851575,5.555910840655051,6.229715504587404,5.685892354436377,6.0880112469643315,1998 Q2,7.733828733333333,10.244080555449209,0.4,0.7347571630394789
NAIRU[4],5.940261257252872,5.927635969379207,5.540989528451926,6.279682459269932,5.741142988510946,6.152645897969212,1998 Q3,7.7882881,11.102625319350423,3.1,0.729397836255341
NAIRU[5],5.978626508431227,5.971887898158808,5.603712608880229,6.369686175562235,5.7699270445869075,6.202205329273767,1998 Q4,7.3748021,6.51638942498538,0.2,0.7241161256559714
NAIRU[6],6.015581898566139,5.990613236962959,5.647123341928698,6.438238786185845,5.784830067697517,6.249048792032507,1999 Q1,7.082459,3.2587647998844282,0.3,0.862074304390692
NAIRU[7],6.042378750769782,6.028505058954864,5.700112053127117,6.446429329619558,5.808649295259522,6.294031884626212,1999 Q2,6.886110866666667,-1.1469027348764982,1.5,0.712761392423289
NAIRU[8],6.072383104695519,6.053884942091689,5.704796672401041,6.428363664437663,5.869196192300501,6.297362278953848,1999 Q3,6.874404833333333,-5.666003356549165,0,0.7077170374084396
NAIRU[9],6.128648392063117,6.106732248733094,5.776481876569367,6.513039681780069,5.9127069987797904,6.371055283375184,1999 Q4,6.6339581333333335,-3.9118416595471217,0.9,0.7027435807457572
NAIRU[10],6.170495076731996,6.168015579606829,5.835788675148116,6.586504431537729,5.940584432824064,6.398647439285748,2000 Q1,6.650502033333333,-2.0131970951924316,1.4,0.5586606708638975
NAIRU[11],6.20906448605221,6.174562209796756,5.861872342868592,6.62345304471641,5.96796619226198,6.472335211744494,2000 Q2,6.3020701,4.170891253848286,-0.6,0.9702085806450711
NAIRU[12],6.238271584550198,6.228128713022919,5.830786605290206,6.686646943316028,5.973507810584167,6.522257999252005,2000 Q3,5.989740533333333,5.919918008416758,1.6,0.82418048951034
NAIRU[13],6.255083635981784,6.243003987217488,5.76873600207962,6.716433194855506,6.010764652194152,6.4996744410779606,2000 Q4,6.172109266666666,8.981477240732882,3.1,0.9530364850694362
NAIRU[14],6.255295829223932,6.245137611768708,5.801476483934862,6.666385352799571,5.990536688194512,6.541922765953446,2001 Q1,6.366243933333333,8.228463259096674,1.9,0.944039377908723
NAIRU[15],6.2312909651664254,6.226878473399652,5.77518963193685,6.621322334162162,5.96721841085227,6.523970849846736,2001 Q2,6.869537533333333,8.246203732647572,0.5,0.9352105570280322
NAIRU[16],6.199118552380116,6.188922429660137,5.7226279985207835,6.634700684214942,5.952677898297125,6.477184564234758,2001 Q3,6.867782666666667,5.66886876816568,1.3,0.6626929487609345
NAIRU[17],6.175967583035935,6.177774024544464,5.711081286194796,6.619020562528808,5.89919490547386,6.440432799995814,2001 Q4,6.979481766666667,2.8755974987303645,1.4,0.7894777847007539
NAIRU[18],6.1446214758489,6.135549581407981,5.665039420865,6.58503643046203,5.887147336073449,6.390177050737138,2002 Q1,6.6275595,1.9355442952956103,0.6,0.7832938221187469
NAIRU[19],6.088897899989807,6.076173828853132,5.671490632463609,6.4953571396219685,5.821316088798264,6.341246040586236,2002 Q2,6.404725666666667,-4.324132417319415,1.7,0.7772059847702906
NAIRU[20],6.032544426121986,6.032486131683433,5.646956954305163,6.453230968575074,5.77304547023742,6.305584103437814,2002 Q3,6.280471133333333,-2.753210339020118,0.9,0.8991711191963958
NAIRU[21],5.973004310642597,5.962712550124723,5.570314544611046,6.413030940582403,5.706902926999268,6.23097060087095,2002 Q4,6.157816866666667,-4.345011692652445,0.1,0.8911580300563493
NAIRU[22],5.927127245445041,5.929001217252054,5.503959211419488,6.2948674039827806,5.674480850138121,6.203797303545159,2003 Q1,6.056286166666666,-4.659608729443221,0.5,1.0088357944340487
NAIRU[23],5.862852165896062,5.8402950640501725,5.479251615138034,6.239362793316721,5.597383647500476,6.119096397875031,2003 Q2,6.051211533333333,-5.552309049921789,1.4,0.7500035156546403
NAIRU[24],5.792001256761002,5.781120377441438,5.44099315601652,6.185838417776982,5.553083897580818,6.029697266264975,2003 Q3,5.9071963,-8.031641781620547,1.3,0.8679533719723409
NAIRU[25],5.73545178449814,5.713283878907719,5.3788742537841125,6.109813170679375,5.506463049928427,5.986798673128912,2003 Q4,5.708952,-10.389959501815138,1.9,0.9828088936262525
NAIRU[26],5.6649167393238455,5.6595324580321424,5.306731138669566,6.065711819828293,5.420426844893409,5.919004859809766,2004 Q1,5.5373783,-11.98772772594987,0.9,0.8521049731933239
NAIRU[27],5.6030797159678976,5.582153592327542,5.224659660060384,6.026385157902865,5.373901716188498,5.85751220648717,2004 Q2,5.435813933333333,-6.52308022313326,1.1,0.8449054486527885
NAIRU[28],5.534137241444495,5.519020225882185,5.191396037360199,5.914929490484864,5.319336791688469,5.775863730274273,2004 Q3,5.479516333333334,-2.613938820303563,1.8,0.8378265645998084
NAIRU[29],5.48663611880255,5.488426848637632,5.12509867069538,5.8545774282299385,5.241450800173519,5.731999498135405,2004 Q4,5.117552766666667,-2.0277192439150937,0.6,1.0669929324696348
NAIRU[30],5.438295684887409,5.4345659839512255,5.1031297897297225,5.822992183896869,5.1967272742573645,5.704789501186271,2005 Q1,5.106783733333334,-0.5676458004804985,0.1,1.0557282805876866
NAIRU[31],5.395281241404295,5.398037037916528,5.042734643379811,5.794715190748503,5.142163709259514,5.655246802536744,2005 Q2,5.0571962,-2.6194201090823377,-0.1,1.0446989964655096
NAIRU[32],5.346355438663979,5.346630243168889,4.96167839025743,5.756310436070804,5.112046332970758,5.61314122995479,2005 Q3,4.958602733333334,-2.6841037524811817,2.5,0.9195467093100262
NAIRU[33],5.290531393046919,5.292210966051876,4.870655241932991,5.714602820322366,5.032856821346739,5.55922160831885,2005 Q4,5.007952566666667,-1.0294896726862568,1.4,0.9111680351256091
NAIRU[34],5.241269785108669,5.218601170618673,4.892588647175688,5.70243023455093,4.993785285065518,5.488330274276929,2006 Q1,5.044254333333333,1.1320875624481808,1.2,1.1274076573218217
NAIRU[35],5.2102617825382715,5.187907764814002,4.847697223119293,5.637417147118146,4.993961925049868,5.457052362021196,2006 Q2,4.857371833333333,1.2246973609973288,0,1.0039125028328044
NAIRU[36],5.172096090299302,5.173007018154213,4.819313587154136,5.624502536164642,4.940799334502226,5.418555025899597,2006 Q3,4.678365866666667,-0.7532992307544895,1.2,0.9939341902557963
NAIRU[37],5.16776125153339,5.167320472332294,4.7973631994889665,5.557978917074209,4.937544596822427,5.396923156938001,2006 Q4,4.515483166666667,-1.5166167471410752,3.1,1.0929070532190721
NAIRU[38],5.1186028191862745,5.090373873137558,4.739604203725921,5.5476080878322485,4.891349890020665,5.369619842097363,2007 Q1,4.549238466666667,-2.2771382412477337,1.1,0.8658062743114314
NAIRU[39],5.079108828817624,5.050687472857817,4.737184949567769,5.4531861747723704,4.8467591004802895,5.346858924591155,2007 Q2,4.3249484,-4.011999378942566,2.1,1.071821622002389
NAIRU[40],5.0496038915173145,5.049181152581458,4.696855449375966,5.432453379707957,4.797611975808422,5.317500429575986,2007 Q3,4.2552332999999996,-4.050698427981736,1.1,1.1658849603703558
NAIRU[41],4.997522631774724,4.988065554062654,4.576977321233492,5.413082243010517,4.7476901899410935,5.256439538114172,2007 Q4,4.353817833333333,-4.293342290860114,0.3,0.7349114441473681
NAIRU[42],4.965922935259826,4.9507136577595485,4.525678625895435,5.3601418328822215,4.707805764097189,5.238172263881834,2008 Q1,4.086222633333334,-2.8225718064629035,0.7,1.0405921161116716
NAIRU[43],4.9128721236489055,4.90324992124274,4.451631207832012,5.331280844294143,4.662693625454864,5.1934172128165885,2008 Q2,4.258564,-2.366974408590483,1.8,1.1322817830264675
NAIRU[44],4.87692776155335,4.864281182537637,4.443351330415832,5.290093082011136,4.642061228891283,5.143423919621069,2008 Q3,4.1850008333333335,0.5888142625222414,0.5,1.2207679579929298
NAIRU[45],4.815371628179375,4.789440557275562,4.389456339515811,5.260172024046324,4.549713802843471,5.088908980841673,2008 Q4,4.441033366666667,15.997331929834147,0.8,0.8056438339125727
NAIRU[46],4.783823694037786,4.802173465987057,4.376234856716226,5.217220518495521,4.535866158192063,5.042089752872503,2009 Q1,5.3073573666666665,17.60498742460772,-0.5,0.8986580697846414
NAIRU[47],4.770604568776288,4.774386023304203,4.337283696258814,5.179884926828522,4.50141777852118,5.046262959937312,2009 Q2,5.729036,12.903025974373161,0.5,0.7920833491444235
NAIRU[48],4.754189286422865,4.7781644624751305,4.320099886513642,5.187432634995542,4.485551530133846,5.0084026187699395,2009 Q3,5.683215466666667,6.166011635755986,2.2,0.39370129593390146
NAIRU[49],4.73838952117149,4.744393268050942,4.283457144890129,5.18283388580059,4.457885463707699,5.018145664394363,2009 Q4,5.5578409,-12.760168444084918,0.5,0.782782862024689
NAIRU[50],4.755235446619613,4.755605438852248,4.299077414980137,5.2106533728676885,4.472739064318693,5.005419404959531,2010 Q1,5.3289932,-14.112877009846336,0.5,0.9699397088713368
NAIRU[51],4.733945658779218,4.749238202722641,4.248693577016563,5.180637951562189,4.4590189759337715,5.017431083127622,2010 Q2,5.290939833333333,-7.654007712233479,2.1,0.7692345623156349
NAIRU[52],4.707253153289403,4.697953648596791,4.197338596625812,5.19425966203708,4.399559034239687,4.986050953666044,2010 Q3,5.124916533333333,-3.0829158019901826,2.2,1.048127746758265
NAIRU[53],4.675592620936525,4.688372551917266,4.156935697322576,5.121773020909367,4.364221959969241,4.988317302103473,2010 Q4,5.090326233333333,-2.3438572972017013,1.4,1.037255881562249
NAIRU[54],4.659578822166122,4.670848613011675,4.169438541202448,5.103101094367272,4.375286979270056,4.930130072119935,2011 Q1,4.9672569,-4.185525773661247,-0.1,0.9337135995940216
NAIRU[55],4.6434788742706425,4.662367318342213,4.162557145370703,5.0590285419426335,4.352775678461196,4.8910324591972,2011 Q2,4.9632171666666665,-5.84962066816086,2.4,0.740744127786197
NAIRU[56],4.6262355625690565,4.644931704700539,4.147179817538586,5.045657266020187,4.3724879243056565,4.88690659904996,2011 Q3,5.194893633333333,-5.760499194271507,1.4,0.8268306176947071
NAIRU[57],4.593745116816878,4.605409998577484,4.141717539539183,5.028705729164809,4.338057368882197,4.865523667971199,2011 Q4,5.2052778,0,0.2,1.001373866050237
NAIRU[58],4.5708437626661285,4.591622608119769,4.1040540540531385,5.0139180430317065,4.281898784903007,4.852468810121036,2012 Q1,5.1409404,-2.2111453607431386,1.2,0.9914457057178083
NAIRU[59],4.55558092154277,4.57075412846464,4.109241983763949,4.994590387998215,4.267570346279674,4.82018827698713,2012 Q2,5.1192635,1.197619104671599,1,0.892863074430128
NAIRU[60],4.538911908817652,4.585851975412368,4.0361731532486615,4.974229910348398,4.220792195285031,4.794075172465369,2012 Q3,5.2759066,0,-0.3,0.7085946389485898
NAIRU[61],4.520243711419018,4.55364057703086,4.035016427639937,4.981909153613065,4.221055702764676,4.781060193848556,2012 Q4,5.366588366666667,-1.996074256253788,0.8,0.7912129187949368
NAIRU[62],4.5029632620056885,4.525174144610286,4.024510930704071,4.9607991676331125,4.187281104589718,4.78832819345755,2013 Q1,5.474768766666667,0.708863727773501,0,0.6980831141340182
NAIRU[63],4.487319743758929,4.50357638787707,4.004846831856714,4.974124609451102,4.184863214117671,4.779386183269814,2013 Q2,5.6312682999999994,-0.5970166986504211,0.7,0.6932436775644923
NAIRU[64],4.456889823800512,4.483254260132821,3.991641355853586,4.907452025148371,4.1440532221877735,4.753343658837292,2013 Q3,5.7286164,5.475463371835865,0.7,0.5167970158442614
NAIRU[65],4.425282464430274,4.436474093312617,3.949864647046279,4.869609374031374,4.13483232684742,4.698252042372717,2013 Q4,5.840081433333333,4.629088381435409,1.9,0.6849341845574841
NAIRU[66],4.389024500204315,4.399351507881343,3.936835334410934,4.884960045364366,4.071025201488696,4.708510719138298,2014 Q1,5.8995707,7.669939312596341,0.1,0.7649846060403753
NAIRU[67],4.349748848242499,4.369988639460979,3.8813596057413697,4.8492437133372235,4.058691138328094,4.625197395704212,2014 Q2,5.927679333333333,4.964523048916547,0.6,0.5067578412305984
NAIRU[68],4.2990887890991525,4.319892803208624,3.7955985511439487,4.7858764144627886,4.005216462885365,4.582269900067737,2014 Q3,6.169539133333333,-0.19047624806542984,0.8,0.5879899342879469
NAIRU[69],4.252936043193151,4.253436430889275,3.744647964973261,4.731836801270693,3.958661643209756,4.564165960918307,2014 Q4,6.253391966666666,3.8702329019038473,0.8,0.5845528127435884
NAIRU[70],4.212406566651901,4.228691478564826,3.7535239609161932,4.660629428983069,3.9036537635229434,4.522441367990944,2015 Q1,6.202812866666666,4.923510299768541,-1.2,0.581155641477693
NAIRU[71],4.169446163246813,4.192950975117587,3.7274479706943926,4.6365038992464225,3.8573284702025044,4.457334407031137,2015 Q2,6.017128733333333,6.346957394866681,1.1,0.4954593124683271
NAIRU[72],4.128105355520269,4.155012147460127,3.6804923712548088,4.577107662388662,3.800539920855909,4.42188131138559,2015 Q3,6.178474766666667,9.97202349434545,0.5,0.5749502491260827
NAIRU[73],4.0918143680592625,4.141871366858017,3.638707410007347,4.50618195050607,3.779554622295602,4.393370326995962,2015 Q4,5.834532633333334,8.430710645999362,0.5,0.49019706002066954
NAIRU[74],4.056934064117731,4.069195934240755,3.628632310176759,4.462874861294518,3.7729411983450523,4.353373683199174,2016 Q1,5.796395033333333,3.9254931018431805,-0.1,0.4878058453432921
NAIRU[75],4.056062701548386,4.080090335170446,3.5543548059462875,4.471942227763931,3.7570580610644515,4.34609512891153,2016 Q2,5.6874937,2.2037031046728828,0.5,0.48543784647980814
NAIRU[76],4.0528535608636265,4.079122539788898,3.5744656324117954,4.4494119548140185,3.7415649468023777,4.341536494573362,2016 Q3,5.6576064666666666,-2.092491342424818,0.3,0.40273916699824497
NAIRU[77],4.035103674419019,4.075597244211128,3.5789266313724335,4.432547035876939,3.7676051469937644,4.2973482069357285,2016 Q4,5.733405633333334,-4.082199452025481,-0.6,0.4811556997222688
NAIRU[78],4.038813402400735,4.08062807783023,3.5368093995710974,4.434509283262084,3.75420131448827,4.312363014608253,2017 Q1,5.807673066666666,-3.3046485355948008,-0.6,0.5584378293900016
NAIRU[79],4.0381474504712065,4.074392033644381,3.5869371855609926,4.489473911066067,3.768863535670472,4.2884029360004865,2017 Q2,5.593200266666667,-0.9636517848274018,0.9,0.4761913760243708
NAIRU[80],4.029161184892487,4.049892693950603,3.5960063753368687,4.4022807439205955,3.7787360195828565,4.28184366134599,2017 Q3,5.532623233333333,-1.5986130846302515,1,0.4739345363896419
NAIRU[81],4.041276950081151,4.074541351937842,3.5773459896180224,4.442217691909901,3.7872340127353694,4.293080951855499,2017 Q4,5.491421833333333,-0.44424773195608225,0.8,0.5500996190347607
NAIRU[82],4.029406377335379,4.056757626609137,3.5540044274642324,4.4074474972239,3.7935139295194515,4.28364252076629,2018 Q1,5.545387633333333,-0.5319161477600254,0.7,0.46911735758801143
NAIRU[83],4.024353286681505,4.049146683703629,3.547427403985322,4.456375487624808,3.7884261931696726,4.268696367785184,2018 Q2,5.441253533333334,0.4391750580978737,0,0.6220859875102569
NAIRU[84],4.019637289305348,4.030768584602022,3.5398694051653896,4.435960023900336,3.783050492857571,4.289694707441253,2018 Q3,5.1852937,3.5183928124475905,0.9,0.6182399908317926
NAIRU[85],4.018489531472258,4.048210610854726,3.554228630812364,4.452748804703523,3.749824716034907,4.2820641213629695,2018 Q4,5.042751866666666,3.4999197780220648,1.3,0.5378422492758439
NAIRU[86],4.023570596440914,4.049018950406859,3.5671970132454054,4.456806387467199,3.7651653045121978,4.288642736721609,2019 Q1,5.0437186333333335,3.2359622773336483,-0.1,0.5349649747239837
NAIRU[87],4.030294379166872,4.053323440358344,3.557281456269424,4.439833366203084,3.80106774910176,4.276047178818561,2019 Q2,5.2255074,2.851165052596638,1.9,0.6079046076382433
NAIRU[88],4.0360073659263644,4.060891569350093,3.6124925736022018,4.4654231647882,3.783623116590581,4.298741963449839,2019 Q3,5.252756266666666,2.3068088250274066,0.6,0.5289018751791552
NAIRU[89],4.0564409909638375,4.075978199022195,3.597382507924149,4.476766903737737,3.8253257435123533,4.317834637571085,2019 Q4,5.171337833333333,2.1268347403926136,1.5,0.5261192143361626
NAIRU[90],4.088147372449519,4.102942136725007,3.658393225643264,4.488325793800771,3.8570080152233017,4.3306160305420764,2020 Q1,5.186909333333333,2.4650631943442747,1.3,0.5233656806108655
NAIRU[91],4.1194430423258375,4.146739269203378,3.6951091954744815,4.4982118417037125,3.8828952401501926,4.355998545656234,2020 Q2,6.9056799,3.843413733926049,5.8,0.2234637801416639
NAIRU[92],4.140885023356983,4.168679437901894,3.7026829133747285,4.558421972690368,3.9219034328715376,4.347970536287381,2020 Q3,7.050215966666666,-0.9333966790475046,-1.8,0.07437709528446135
NAIRU[93],4.1470849985923826,4.172619120195423,3.711487686744135,4.493999009027434,3.907862353073836,4.36410096582756,2020 Q4,6.7729957,-2.2989518224698635,-0.2,0.5190964566970102
NAIRU[94],4.159789512393626,4.180749817273185,3.77890831808412,4.5284956356576025,3.9453650340777915,4.383932378729162,2021 Q1,5.932969166666667,-4.464260590811708,1.1,0.6634746048556295
NAIRU[95],4.1625003059700685,4.181479101007255,3.7843531461823146,4.502334276930943,3.9391312698580547,4.37699542035893,2021 Q2,5.2007346,-6.782259633876109,0.1,0.5130095531030499
NAIRU[96],4.172869170705915,4.177860013155053,3.789380346659804,4.516266729348007,3.9741800980026483,4.397156591057155,2021 Q3,4.664694133333334,1.1864545956192352,2.8,0.5103911918175719
NAIRU[97],4.1884414201458045,4.203154730597405,3.797807332077231,4.510956156618137,3.9782714083698933,4.4013300482382,2021 Q4,4.6930859,5.202515398928043,0.6,0.6524126076943304
NAIRU[98],4.196265210707678,4.185057706940512,3.874543432741219,4.523752670881095,3.992833177979647,4.3845197302121734,2022 Q1,4.0610144,9.299286684916463,1.5,0.6481837602190232
NAIRU[99],4.2235304026049825,4.22316130428451,3.9008807693347505,4.555490419092983,4.032138822713776,4.400519101830992,2022 Q2,3.7994325,8.08520966290951,-0.6,0.7865610805951384
NAIRU[100],4.27703033717178,4.2839540547868955,3.9301022678079294,4.645413910248348,4.0629494594008735,4.467311234778529,2022 Q3,3.5227551333333333,8.939550265436758,0.8,0.9922122506315745
NAIRU[101],4.304176337991806,4.298127295068539,3.9688901132374754,4.663474419937014,4.083447177738512,4.501481001873557,2022 Q4,3.4929186333333333,8.687509078839728,0.2,0.8427016161880019
NAIRU[102],4.355109976028832,4.349870533320568,4.009112563420695,4.734458822385611,4.165367385982027,4.539169805564156,2023 Q1,3.6231456333333334,4.382547954002902,0.8,0.9742596198819342
NAIRU[103],4.349940217714854,4.338985468817755,4.031106847545646,4.718271479672512,4.153152442118229,4.577952018576549,2023 Q2,3.6039779,6.271647386762602,0.4,0.827590930385913
NAIRU[104],4.376411811934583,4.37498456122948,4.074505377793313,4.702691396474243,4.14701689383976,4.596410016817832,2023 Q3,3.6488515666666665,1.3772214621226908,2.9,1.2965040017289375
NAIRU[105],4.387671369657997,4.398959442476034,4.087276884770587,4.754344677049618,4.159267372137465,4.613688220381853,2023 Q4,3.899197733333333,0.5979091056057761,2.3,1.0789045990818202
NAIRU[106],4.38084779742006,4.383384399896982,4.1059715841093976,4.717535468286216,4.161295408368746,4.585778005149373,2024 Q1,3.9113048,1.0662705744040046,0.8,0.7350517559340908
NAIRU[107],4.386838059469895,4.383926214386491,4.113064268349819,4.700530726128948,4.1882605505949,4.601919362913242,2024 Q2,4.039988866666667,0.9077218151117172,0.7,0.8617885619389476
NAIRU[108],4.433487574883147,4.414553618270247,4.1377972669958645,4.7625786268865165,4.220969968115029,4.627147343660619,2024 Q3,4.109908833333333,1.1333706509849328,0,0.8544251782996781
NAIRU[109],4.448265635414584,4.451925295932659,4.1396526207695645,4.7755936566529,4.262654000163496,4.64662842407338,2024 Q4,4.008619466666667,0.4460973940624946,1.9,0.717316411241331
NAIRU[110],4.476479138967479,4.4637655942634185,4.169229022712123,4.785561291434197,4.284250060804348,4.685146925882226,2025 Q1,4.094575966666667,3.2056416116116537,1.2,0.9699397088713368
NAIRU[111],4.49040343933841,4.493836417621338,4.1940523934918374,4.790898391045237,4.277657582297862,4.6864011191734924,2025 Q2,4.157974933333334,2.967576814611661,1.4,0.8330711428428117
NAIRU[112],4.506598586895086,4.517917999642812,4.14630410284255,4.790541990083096,4.300118708618072,4.715417541613691,2025 Q3,4.3060484,2.0818595756032288,1.3,0.7628771899621078
NAIRU[113],4.534621108815164,4.544306759077254,4.219389955734365,4.872837371070663,4.314615153640907,4.748189092339935,2025 Q4,4.2573268,1.326474865848315,0.4,0.8199352148686501
NAIRU[114],4.547951608108002,4.546011346641057,4.193434642528823,4.863086930834819,4.314952506551213,4.769473038732032,2026 Q1,4.223809066666667,-2.2256111517823918,0.2,0.7509422022131673
NAIRU[115],4.557117179798131,4.536973670810045,4.234048977244684,4.916321486099307,4.354580764299039,4.793913413254833,2026 Q2,4.434078,-3.571808260207998,1.3,0.8072071150646565
NAIRU[116],4.564548147451588,4.56148086573182,4.21697114399067,4.92572834050448,4.3357086116327395,4.802904220454517,2026 Q3,4.4618247,-3.571808260207998,1.3,0.8072071150646565
NAIRU[117],4.569719058441911,4.5503866387509895,4.207943615075322,4.9927106285383696,4.326806751446555,4.804894909949772,2026 Q4,4.4618247,-3.571808260207998,1.3,0.8072071150646565
NAIRU[118],4.5798865636625905,4.55924599883368,4.183515396106035,5.0480111781542245,4.338972058663384,4.86150424458147,2027 Q1,4.4618247,-3.571808260207998,1.3,0.8072071150646565
NAIRU[119],4.581361461723481,4.566494989411925,4.167888468150786,5.039854423492481,4.317490518565219,4.872559282229317,2027 Q2,4.4618247,-3.571808260207998,0.8054782011303485,0.7735805808984206
