variable,mean,median,lowera,uppera,lowerb,upperb,date,LUR,dl4pmcg,DLNULC_EST,DLAENA_EST,DLWPI_EST
NAIRU[1],5.750686249769854,5.798127848421235,5.2118846455869665,6.11133512662449,5.466736521878152,6.012461729334118,1997 Q4,7.977187499999999,6.3871470386661855,-0.32936986563028015,0.5,0.8968669982760247
NAIRU[2],5.800009430220649,5.8595857762966,5.107757961438329,6.202389874174042,5.466362240442247,6.101773162085753,1998 Q1,7.840956133333333,8.205906323515144,0.39627248451481467,0,0.8888947417245774
NAIRU[3],5.838752069396827,5.91786088291633,5.13822587246494,6.242743007993006,5.397687986188923,6.138982094495346,1998 Q2,7.733828733333333,10.244080555449209,0.4713425082337741,0.4,0.7347571630394789
NAIRU[4],5.888136688682458,5.979388427161677,5.135823957216785,6.305475773798653,5.4560790852002965,6.186770179365574,1998 Q3,7.7882881,11.102625319350423,1.1498984420212688,3.1,0.729397836255341
NAIRU[5],5.9211063919878,6.031621175867494,5.104655890019964,6.381459032532798,5.548164193884122,6.229144293974354,1998 Q4,7.3748021,6.51638942498538,-0.9077055783360155,0.2,0.7241161256559714
NAIRU[6],5.956528898054165,6.06806782970426,5.129153052951112,6.422570297874397,5.560366186743131,6.2803272342259895,1999 Q1,7.082459,3.2587647998844282,0.09455380317711093,0.3,0.862074304390692
NAIRU[7],5.987899032182758,6.077218870313555,5.140256483499398,6.448662181483197,5.488358137826963,6.328770259627598,1999 Q2,6.886110866666667,-1.1469027348764982,1.2125120189788507,1.5,0.712761392423289
NAIRU[8],6.019994492184599,6.130032515018219,5.166542418438037,6.552735514326706,5.489199835194725,6.3586725152184584,1999 Q3,6.874404833333333,-5.666003356549165,-0.7518715056077152,0,0.7077170374084396
NAIRU[9],6.069801271239665,6.1740005101289235,5.196742904824555,6.594599298855699,5.538655728172027,6.453107057096033,1999 Q4,6.6339581333333335,-3.9118416595471217,1.082920328052439,0.9,0.7027435807457572
NAIRU[10],6.075971957845682,6.229994504538018,5.005830831670996,6.67304058029094,5.473221689633228,6.51983577126777,2000 Q1,6.650502033333333,-2.0131970951924316,1.2756539266030043,1.4,0.5586606708638975
NAIRU[11],6.079339870607917,6.294985529831071,4.8018922836096385,6.716112629820845,5.195097464941835,6.582454479065407,2000 Q2,6.3020701,4.170891253848286,0.20956498186845973,-0.6,0.9702085806450711
NAIRU[12],6.067049113606658,6.33521542827417,4.670403767311121,6.749197567182595,5.07168533510583,6.637254593955255,2000 Q3,5.989740533333333,5.919918008416758,1.6099331190101207,1.6,0.82418048951034
NAIRU[13],6.052260820860331,6.37436930790291,4.539074292017319,6.779475642510647,5.007343723054892,6.669055487261145,2000 Q4,6.172109266666666,8.981477240732882,1.7067092556067198,3.1,0.9530364850694362
NAIRU[14],6.030575175653602,6.380016917043857,4.491608793393169,6.779302793955516,4.8330410685706084,6.62675878350323,2001 Q1,6.366243933333333,8.228463259096674,0.8748952221238282,1.9,0.944039377908723
NAIRU[15],6.00987943397373,6.333990227628496,4.453148526652673,6.7512533052244015,4.803559173917855,6.637848933362312,2001 Q2,6.869537533333333,8.246203732647572,0.4943078310464255,0.5,0.9352105570280322
NAIRU[16],5.991086454390156,6.3191556962668205,4.448309696306628,6.712501125778195,4.872227690473343,6.575845115689867,2001 Q3,6.867782666666667,5.66886876816568,-0.05041463721384698,1.3,0.6626929487609345
NAIRU[17],5.951303553658825,6.2807256282291295,4.435520892419563,6.658814981067133,4.797983582339629,6.535979743198039,2001 Q4,6.979481766666667,2.8755974987303645,-0.048602266831676566,1.4,0.7894777847007539
NAIRU[18],5.915117660188363,6.22753338224646,4.414833747431114,6.622743129926747,4.835085649107097,6.47269488082617,2002 Q1,6.6275595,1.9355442952956103,0.4681272685548965,0.6,0.7832938221187469
NAIRU[19],5.852609926706135,6.166147143139826,4.319951805786978,6.58338158746193,4.736542079172405,6.428788185927954,2002 Q2,6.404725666666667,-4.324132417319415,-0.1536349308730145,1.7,0.7772059847702906
NAIRU[20],5.784625188090798,6.106032725789866,4.274467337549327,6.510799696676969,4.626480928159034,6.343169989574997,2002 Q3,6.280471133333333,-2.753210339020118,1.5304735988773022,0.9,0.8991711191963958
NAIRU[21],5.689836965915452,6.040198544341834,4.097708492003715,6.480478158534264,4.598206961169079,6.248097775334143,2002 Q4,6.157816866666667,-4.345011692652445,-0.0031097987960748696,0.1,0.8911580300563493
NAIRU[22],5.64394063327007,5.979488570219894,4.088277355468896,6.387949100541991,4.494204332764335,6.229719916606155,2003 Q1,6.056286166666666,-4.659608729443221,1.5375356028862308,0.5,1.0088357944340487
NAIRU[23],5.571177694592094,5.895096191234927,3.975036695411102,6.283639815120974,4.419321439638549,6.154741811405387,2003 Q2,6.051211533333333,-5.552309049921789,1.5366661127980796,1.4,0.7500035156546403
NAIRU[24],5.474688993621654,5.823321623648644,3.8262596510966573,6.202624740018063,4.221184608709731,6.046999186365794,2003 Q3,5.9071963,-8.031641781620547,-0.5734931659679754,1.3,0.8679533719723409
NAIRU[25],5.404710813225524,5.761832667842744,3.736144884537404,6.0862072323200085,4.226685599702636,5.999288083011898,2003 Q4,5.708952,-10.389959501815138,0.09831130400757004,1.9,0.9828088936262525
NAIRU[26],5.353546177048081,5.716036360353057,3.752993948806592,6.083955938177642,4.202166517240027,5.926188822009605,2004 Q1,5.5373783,-11.98772772594987,1.3651186454151087,0.9,0.8521049731933239
NAIRU[27],5.306532707982926,5.653695184524182,3.733823764184394,6.00706533447596,4.104498929356928,5.884671137845077,2004 Q2,5.435813933333333,-6.52308022313326,0.7353415695427357,1.1,0.8449054486527885
NAIRU[28],5.225119478048084,5.596301525542993,3.5916668248316683,5.9560323184790605,3.9521878395381065,5.833106351520772,2004 Q3,5.479516333333334,-2.613938820303563,1.4924280506167564,1.8,0.8378265645998084
NAIRU[29],5.141907642116113,5.542187737629958,3.4829072076997183,5.931701082344592,3.800135282793357,5.762404668567109,2004 Q4,5.117552766666667,-2.0277192439150937,1.3543191794279874,0.6,1.0669929324696348
NAIRU[30],5.0748134349336,5.487836092440379,3.4241739493318786,5.821685325505629,3.743728667109387,5.696183400215386,2005 Q1,5.106783733333334,-0.5676458004804985,0.8760945391007802,0.1,1.0557282805876866
NAIRU[31],5.022432141968335,5.413221340857316,3.22371170593568,5.856693033620453,3.652651038904172,5.669794114229695,2005 Q2,5.0571962,-2.6194201090823377,0.7337813341348864,-0.1,1.0446989964655096
NAIRU[32],4.975130388559773,5.404492863560922,3.2081912990640906,5.7635823947890605,3.574773817298176,5.634660882968532,2005 Q3,4.958602733333334,-2.6841037524811817,1.1570869815165752,2.5,0.9195467093100262
NAIRU[33],4.874251671677729,5.339306120046739,3.0417571258948954,5.67551104880807,3.3730265989341337,5.568780770312603,2005 Q4,5.007952566666667,-1.0294896726862568,0.5731498987183947,1.4,0.9111680351256091
NAIRU[34],4.827264639949582,5.312418301975303,2.890893019577956,5.632267467137937,3.318807572801688,5.540438264527483,2006 Q1,5.044254333333333,1.1320875624481808,1.8606576038000977,1.2,1.1274076573218217
NAIRU[35],4.780578784267886,5.28003894962745,2.8267882549082373,5.646744709526434,3.1961143905337366,5.484083510088518,2006 Q2,4.857371833333333,1.2246973609973288,1.2092527480498605,0,1.0039125028328044
NAIRU[36],4.72051462637358,5.2313140880753926,2.7267878563061614,5.603409858118676,3.041558918902004,5.444379176500516,2006 Q3,4.678365866666667,-0.7532992307544895,0.3393529137975415,1.2,0.9939341902557963
NAIRU[37],4.703185539431767,5.238623511004619,2.7450298756070657,5.5689035267631075,3.029467311878962,5.437677924390387,2006 Q4,4.515483166666667,-1.5166167471410752,2.2110607132087123,3.1,1.0929070532190721
NAIRU[38],4.638357592973432,5.184766221849952,2.6202811937498205,5.511913956119868,2.9221137781705075,5.397640650572531,2007 Q1,4.549238466666667,-2.2771382412477337,1.0317689078977121,1.1,0.8658062743114314
NAIRU[39],4.558249444867745,5.121197877000941,2.473033397345248,5.460996492465621,2.7226235070601064,5.349408740886978,2007 Q2,4.3249484,-4.011999378942566,1.89274835299027,2.1,1.071821622002389
NAIRU[40],4.549494181089463,5.088715053516804,2.4952225890282853,5.426880995589077,2.791420501044821,5.314502590857619,2007 Q3,4.2552332999999996,-4.050698427981736,0.619670524145266,1.1,1.1658849603703558
NAIRU[41],4.492614583443052,5.034742125537511,2.4127189084391345,5.357489931381577,2.7810384587323504,5.2555033845817185,2007 Q4,4.353817833333333,-4.293342290860114,1.1772099500571453,0.3,0.7349114441473681
NAIRU[42],4.446102816015507,4.993565753258782,2.40007193321768,5.299875878012461,2.6680392486124465,5.211759665816141,2008 Q1,4.086222633333334,-2.8225718064629035,0.8962772184476275,0.7,1.0405921161116716
NAIRU[43],4.383566559536327,4.904113977681126,2.3369587511530825,5.266821090623342,2.660844611396845,5.166830069523176,2008 Q2,4.258564,-2.366974408590483,2.224377920453935,1.8,1.1322817830264675
NAIRU[44],4.396304099035348,4.9014711725892806,2.43280914885574,5.205357917397154,2.760055443900778,5.101121630318825,2008 Q3,4.1850008333333335,0.5888142625222414,-0.07883360114251392,0.5,1.2207679579929298
NAIRU[45],4.395244622822925,4.839746688197577,2.6076417825453198,5.1696263405033465,2.9419300532852963,5.032702026914178,2008 Q4,4.441033366666667,15.997331929834147,0.7281508208120568,0.8,0.8056438339125727
NAIRU[46],4.435937625562439,4.800711564480724,2.789837322947557,5.125289324603271,3.1794710817181024,5.040260321172326,2009 Q1,5.3073573666666665,17.60498742460772,-1.395508260385414,-0.5,0.8986580697846414
NAIRU[47],4.544753865581523,4.842862264350833,3.0746337814348097,5.169876137200198,3.5467452942916706,5.076833275415022,2009 Q2,5.729036,12.903025974373161,-0.8785116776917512,0.5,0.7920833491444235
NAIRU[48],4.629164790221879,4.878238291380695,3.444611111937085,5.201140723377155,3.807212495968086,5.061909486560845,2009 Q3,5.683215466666667,6.166011635755986,0.9872848862003014,2.2,0.39370129593390146
NAIRU[49],4.648701112582043,4.8503595938258375,3.556171838852084,5.21598226364919,3.954302055084561,5.087560876758053,2009 Q4,5.5578409,-12.760168444084918,0.824607861511284,0.5,0.782782862024689
NAIRU[50],4.712898127340453,4.864149913096249,3.732575868116615,5.259483783886667,4.100840531774196,5.12578734223806,2010 Q1,5.3289932,-14.112877009846336,1.3461693814744935,0.5,0.9699397088713368
NAIRU[51],4.71185645697035,4.862981103166291,3.7755446426344395,5.265552504775866,4.09146370888744,5.109074572516171,2010 Q2,5.290939833333333,-7.654007712233479,2.0535648396790673,2.1,0.7692345623156349
NAIRU[52],4.683009173820951,4.81949486310865,3.7125173374713842,5.214290329386125,4.064708609347,5.070966136580881,2010 Q3,5.124916533333333,-3.0829158019901826,1.5066098398969219,2.2,1.048127746758265
NAIRU[53],4.65422102973506,4.774774119932374,3.7345864223635017,5.169386126940697,4.10876861528108,5.043771220403752,2010 Q4,5.090326233333333,-2.3438572972017013,1.3170247147473058,1.4,1.037255881562249
NAIRU[54],4.677053459663702,4.781806133609157,3.8965283108078297,5.152653109984448,4.253250289902541,4.9995667088380555,2011 Q1,4.9672569,-4.185525773661247,2.2021026602847327,-0.1,0.9337135995940216
NAIRU[55],4.695644503608903,4.775514690431535,4.037153409884941,5.113514881406888,4.366185471955317,4.981186174135545,2011 Q2,4.9632171666666665,-5.84962066816086,0.51669155834837,2.4,0.740744127786197
NAIRU[56],4.6759424326509125,4.733543500367973,4.032236777327841,5.06947239957028,4.391191995019169,4.950918027347547,2011 Q3,5.194893633333333,-5.760499194271507,0.3341312115294759,1.4,0.8268306176947071
NAIRU[57],4.659294970268232,4.706121721525738,4.062975186294698,5.024390809223987,4.4136052204059375,4.91824013141861,2011 Q4,5.2052778,0,-0.09984349031431083,0.2,1.001373866050237
NAIRU[58],4.64407643545529,4.695552231351618,4.096568369097415,4.998178561141724,4.342566532952383,4.905178753870005,2012 Q1,5.1409404,-2.2111453607431386,1.204666304513613,1.2,0.9914457057178083
NAIRU[59],4.675747198686259,4.701537509758504,4.242722174378231,5.061108375009247,4.427921747168526,4.939452467819429,2012 Q2,5.1192635,1.197619104671599,0.02762798969178082,1,0.892863074430128
NAIRU[60],4.694080848571927,4.711768767384589,4.256170239429034,5.127089318164095,4.4216546238559475,4.951574054050598,2012 Q3,5.2759066,0,-0.7813681038325138,-0.3,0.7085946389485898
NAIRU[61],4.738065584225107,4.7010316870493565,4.3183467130077915,5.293186057298265,4.444302459182628,4.988741065615908,2012 Q4,5.366588366666667,-1.996074256253788,0.8921989802700869,0.8,0.7912129187949368
NAIRU[62],4.753538758272605,4.71696908439008,4.272995561530405,5.4085411285067,4.450157660145449,5.025382561313101,2013 Q1,5.474768766666667,0.708863727773501,-0.06299672614697993,0,0.6980831141340182
NAIRU[63],4.79511359250842,4.744445644083129,4.293160439286797,5.609740186145351,4.43442749663175,5.152207839248291,2013 Q2,5.6312682999999994,-0.5970166986504211,0.57094725735507,0.7,0.6932436775644923
NAIRU[64],4.826336746531393,4.750609556399402,4.245577194435384,5.772452558160635,4.393028888933093,5.365544374875945,2013 Q3,5.7286164,5.475463371835865,-0.12501707232566162,0.7,0.5167970158442614
NAIRU[65],4.82210887969274,4.729755541630913,4.190245843963158,5.812637751015077,4.366809685327573,5.397249424227623,2013 Q4,5.840081433333333,4.629088381435409,0.5724652268577657,1.9,0.6849341845574841
NAIRU[66],4.843620979646523,4.709330545196154,4.165659527976351,5.933371819825751,4.347893929548059,5.642254158783587,2014 Q1,5.8995707,7.669939312596341,-0.0951952738460271,0.1,0.7649846060403753
NAIRU[67],4.868899745034447,4.675678572646357,4.083871187666338,6.146218342402784,4.309666556582941,5.767213510547748,2014 Q2,5.927679333333333,4.964523048916547,0.3792000145289576,0.6,0.5067578412305984
NAIRU[68],4.877835360029742,4.634147322532725,4.060981009622313,6.2600083716785715,4.225971960454439,5.948685137048221,2014 Q3,6.169539133333333,-0.19047624806542984,0.3449481918176289,0.8,0.5879899342879469
NAIRU[69],4.8639289890509145,4.557162707610875,4.001677104907944,6.387631200089912,4.216692397684087,6.113976492942234,2014 Q4,6.253391966666666,3.8702329019038473,0.09435676816980099,0.8,0.5845528127435884
NAIRU[70],4.867840673756253,4.512169685991427,3.925859182579951,6.6464485752947935,4.1648444627530825,6.186415944530804,2015 Q1,6.202812866666666,4.923510299768541,-0.6054727796827697,-1.2,0.581155641477693
NAIRU[71],4.85519732300786,4.505431180903621,3.8909860330507913,6.726966938909951,4.116349135257844,6.314664675538409,2015 Q2,6.017128733333333,6.346957394866681,0.921017063522811,1.1,0.4954593124683271
NAIRU[72],4.841652225459848,4.437829459855464,3.8144957530707626,6.816460381159592,4.069264698524386,6.460334836266972,2015 Q3,6.178474766666667,9.97202349434545,-0.0474247808211814,0.5,0.5749502491260827
NAIRU[73],4.84569063249729,4.4066449324658254,3.8378711750328134,6.920821361262595,4.067174560396781,6.48998043666386,2015 Q4,5.834532633333334,8.430710645999362,0.16932170111643163,0.5,0.49019706002066954
NAIRU[74],4.8211425192790225,4.388772673464029,3.759312544405319,6.919553896096682,3.974220898486267,6.480521969258255,2016 Q1,5.796395033333333,3.9254931018431805,0.08576164119036278,-0.1,0.4878058453432921
NAIRU[75],4.826533735093365,4.3668975135609625,3.7535776731989636,6.899319682619716,4.047008155617115,6.478423506481682,2016 Q2,5.6874937,2.2037031046728828,-0.41473420799336136,0.5,0.48543784647980814
NAIRU[76],4.819134520055242,4.336621435519207,3.803356408149063,6.908355243639783,4.045280812318414,6.4861240496631964,2016 Q3,5.6576064666666666,-2.092491342424818,1.032987357647741,0.3,0.40273916699824497
NAIRU[77],4.794721416171646,4.338868760839156,3.7413078772244748,6.752429900427874,4.053243196006217,6.357756961810213,2016 Q4,5.733405633333334,-4.082199452025481,-1.4358968261291682,-0.6,0.4811556997222688
NAIRU[78],4.7969665139951605,4.363705143440082,3.788106380124361,6.716942213249595,4.062662749640163,6.3170917153010615,2017 Q1,5.807673066666666,-3.3046485355948008,0.65505194109019,-0.6,0.5584378293900016
NAIRU[79],4.80193840850446,4.400063708075054,3.8596356296602745,6.720662779211173,4.069067776511416,6.257148953520192,2017 Q2,5.593200266666667,-0.9636517848274018,0.7715482733078094,0.9,0.4761913760243708
NAIRU[80],4.7834844335707345,4.38969237386057,3.8734198796859394,6.572199984553883,4.055127312798641,6.177936772843572,2017 Q3,5.532623233333333,-1.5986130846302515,0.22415972107063808,1,0.4739345363896419
NAIRU[81],4.78554623526876,4.424632816867655,3.889061555393999,6.626784678320409,4.071891189258695,6.155183808228242,2017 Q4,5.491421833333333,-0.44424773195608225,1.2529799446320822,0.8,0.5500996190347607
NAIRU[82],4.759727071757604,4.4112931009819345,3.8941838785693452,6.539587649678925,4.050832041543269,5.993789609315677,2018 Q1,5.545387633333333,-0.5319161477600254,0.10562149374226948,0.7,0.46911735758801143
NAIRU[83],4.7240817292103845,4.4148072330601735,3.8431649129828895,6.308801543005807,4.069530681523304,5.9334054741168805,2018 Q2,5.441253533333334,0.4391750580978737,0.20151971088024911,0,0.6220859875102569
NAIRU[84],4.691937594415968,4.384484799879941,3.86772871875613,6.224514611577854,4.05115098083478,5.769973532402088,2018 Q3,5.1852937,3.5183928124475905,0.876674490265994,0.9,0.6182399908317926
NAIRU[85],4.673862228139928,4.387896303289738,3.8466118280846127,6.222920184490339,4.037922977103222,5.784389273161824,2018 Q4,5.042751866666666,3.4999197780220648,1.1043132949061452,1.3,0.5378422492758439
NAIRU[86],4.647086770805921,4.373469199289526,3.8344733585400377,6.13021206138907,4.052282359348616,5.724316466091434,2019 Q1,5.0437186333333335,3.2359622773336483,0.7031411161410817,-0.1,0.5349649747239837
NAIRU[87],4.636821862423913,4.378595686531095,3.7456982691293934,6.045760540894539,4.059590374151323,5.657206000342249,2019 Q2,5.2255074,2.851165052596638,1.1218512220970478,1.9,0.6079046076382433
NAIRU[88],4.647008895187874,4.358367858056509,3.7931856471493144,6.0977588050533855,4.075205074032727,5.677612759117137,2019 Q3,5.252756266666666,2.3068088250274066,0.411179528036143,0.6,0.5289018751791552
NAIRU[89],4.668799221860166,4.374588399378151,3.8831772939263733,6.140499701520106,4.088892181801609,5.720711086610913,2019 Q4,5.171337833333333,2.1268347403926136,0.7773673554610228,1.5,0.5261192143361626
NAIRU[90],4.687491535687523,4.400183410144374,3.8937005131246507,6.080992544325163,4.1074005293107865,5.7781513655222865,2020 Q1,5.186909333333333,2.4650631943442747,0.9265624467023725,1.3,0.5233656806108655
NAIRU[91],4.680292207753243,4.428960772328453,3.932112678321193,6.126763093866446,4.108607411950736,5.705721372051085,2020 Q2,6.9056799,3.843413733926049,5.0727669920073275,5.8,0.2234637801416639
NAIRU[92],4.675965444293933,4.44087136955268,3.918496023330083,6.119122353506466,4.101701918056601,5.651486742830874,2020 Q3,7.050215966666666,-0.9333966790475046,-1.1839551972131268,-1.8,0.07437709528446135
NAIRU[93],4.6268184005698405,4.397512249995719,3.9119492782455727,5.975442771518236,4.101106011123109,5.5249486468331765,2020 Q4,6.7729957,-2.2989518224698635,-1.5044403848114563,-0.2,0.5190964566970102
NAIRU[94],4.580341139516966,4.378935598691793,3.8944219651011673,5.752322217668111,4.088267673573309,5.354056701913217,2021 Q1,5.932969166666667,-4.464260590811708,-0.10369113217154613,1.1,0.6634746048556295
NAIRU[95],4.542230052005845,4.380453140859777,3.9499535377073096,5.685061255091988,4.1105879644917005,5.190769491649823,2021 Q2,5.2007346,-6.782259633876109,1.016853518783456,0.1,0.5130095531030499
NAIRU[96],4.459935325114177,4.37652634642841,3.970516048903237,5.3408919288567205,4.085124122628623,4.961981437419814,2021 Q3,4.664694133333334,1.1864545956192352,2.4737112804426364,2.8,0.5103911918175719
NAIRU[97],4.381043995757074,4.328131489715532,3.9354095276958962,4.9623388734078695,4.103240632940413,4.667755719588267,2021 Q4,4.6930859,5.202515398928043,-1.0198407556646805,0.6,0.6524126076943304
NAIRU[98],4.296916852735234,4.305116949377091,3.913320157259697,4.642961732856257,4.049830477276446,4.51689423648502,2022 Q1,4.0610144,9.299286684916463,1.1015860105033526,1.5,0.6481837602190232
NAIRU[99],4.190472647310583,4.267890685071174,3.512137327356003,4.642372834372804,3.8429410329475955,4.502188748162836,2022 Q2,3.7994325,8.08520966290951,1.664494873796063,-0.6,0.7865610805951384
NAIRU[100],4.135821179793444,4.295881476329145,3.138861094060616,4.625679243255127,3.463473264647299,4.56389802560008,2022 Q3,3.5227551333333333,8.939550265436758,2.2890383109042123,0.8,0.9922122506315745
NAIRU[101],4.077115805749028,4.349048358119429,2.82371764482417,4.678017543243248,3.0663746342447795,4.576840997790567,2022 Q4,3.4929186333333333,8.687509078839728,0.8659683527837192,0.2,0.8427016161880019
NAIRU[102],4.083248447641482,4.408052748383184,2.6525995936163937,4.728523542997372,2.8873278064264207,4.648905103190946,2023 Q1,3.6231456333333334,4.382547954002902,1.403161803111086,0.8,0.9742596198819342
NAIRU[103],3.985697348909095,4.408235669718119,2.272037134492094,4.712942171874842,2.4783607742462896,4.634151252535626,2023 Q2,3.6039779,6.271647386762602,1.1881353600079914,0.4,0.827590930385913
NAIRU[104],3.9577397659416236,4.456086812266298,2.0073714058543812,4.747013352050152,2.3172947943914832,4.66344157986272,2023 Q3,3.6488515666666665,1.3772214621226908,1.9178419331609464,2.9,1.2965040017289375
NAIRU[105],3.9769579039349914,4.48223961923625,2.080621875770229,4.785709263715,2.365584610352592,4.679142506992901,2023 Q4,3.899197733333333,0.5979091056057761,1.71765841244369,2.3,1.0789045990818202
NAIRU[106],3.981507509196744,4.452775723775222,2.1569971029271757,4.749955504646312,2.4100090919504793,4.6593980837921425,2024 Q1,3.9113048,1.0662705744040046,0.8384343365973823,0.8,0.7350517559340908
NAIRU[107],3.993778486134043,4.46280735105994,2.2511915093187023,4.737212735342348,2.4482981736230793,4.650224870877879,2024 Q2,4.039988866666667,0.9077218151117172,0.9399721796034766,0.7,0.8617885619389476
NAIRU[108],4.064069145368248,4.50628108252697,2.3557139920181895,4.803932997798568,2.539622611902192,4.714540983956232,2024 Q3,4.109908833333333,1.1333706509849328,1.1392950344753183,0,0.8544251782996781
NAIRU[109],4.073773954453228,4.539112362638971,2.316116969154279,4.797049303898623,2.5523607439437033,4.713807416462387,2024 Q4,4.008619466666667,0.4460973940624946,1.6971057276952473,1.9,0.717316411241331
NAIRU[110],4.093885322066546,4.555680496564081,2.300581180213865,4.848315789403069,2.5760709836862565,4.74571932457197,2025 Q1,4.094575966666667,3.2056416116116537,1.2430773801046624,1.2,0.9699397088713368
NAIRU[111],4.1222269150995565,4.576621210410886,2.338443933238094,4.88915071297247,2.6438721087972734,4.769297391109765,2025 Q2,4.157974933333334,2.967576814611661,0.6363379164154859,1.4,0.8330711428428117
NAIRU[112],4.137438071544788,4.586283287533717,2.3626726443384003,4.909431326857086,2.646581781428504,4.803444748255198,2025 Q3,4.3060484,2.0818595756032288,1.2068786462299586,1.3,0.7628771899621078
NAIRU[113],4.163551700009669,4.611187067939889,2.3799045747934815,4.8988365089792545,2.7046720421352357,4.800121864495975,2025 Q4,4.2573268,1.326474865848315,0.5519293141781789,0.4,0.8199352148686501
NAIRU[114],4.200317242670045,4.620558427055005,2.5261158768256853,4.959182489493919,2.7705608298194093,4.839655280262192,2026 Q1,4.223809066666667,-2.2256111517823918,0.9852231720965277,0.2,0.7509422022131673
NAIRU[115],4.224713050152587,4.655244748132315,2.512186804926847,4.97488602119016,2.7440818876392163,4.873440405565406,2026 Q2,4.434078,-3.571808260207998,1.1265584160728648,1.3,0.8072071150646565
NAIRU[116],4.248661449321215,4.685825803701324,2.4985335775461244,5.018148098973197,2.7642357612514004,4.8982835929408415,2026 Q3,4.4618247,-3.571808260207998,1.1265584160728648,1.3,0.8072071150646565
NAIRU[117],4.269117329213415,4.710083198155362,2.4773077293993704,5.045952076159323,2.8282690105649957,4.935611559329472,2026 Q4,4.4618247,-3.571808260207998,1.1265584160728648,1.3,0.8072071150646565
NAIRU[118],4.2730992461449295,4.698205862410136,2.4424891538152917,5.06639270313565,2.8361236801679475,4.9715486856166535,2027 Q1,4.4618247,-3.571808260207998,1.1265584160728648,1.3,0.8072071150646565
NAIRU[119],4.276235508234158,4.679078815555309,2.477245017992321,5.113461567016049,2.9373299688432457,4.986903462743896,2027 Q2,4.4618247,-3.571808260207998,0.7177095562187589,0.8455612260809257,0.8293395807778249
