variable,mean,median,lowera,uppera,lowerb,upperb,date,LUR,dl4pmcg,DLNULC_EST,DLWPI_EST
NAIRU[1],5.825241515551416,5.809706922409223,5.529357059508463,6.094795913485698,5.674953879732724,6.0184998995948,1997 Q4,7.977187499999999,6.3871470386661855,-0.32936986563028015,0.8968669982760247
NAIRU[2],5.878650762348993,5.859293878078423,5.583951001897557,6.194857482593536,5.705106935863489,6.078349870208267,1998 Q1,7.840956133333333,8.205906323515144,0.39627248451481467,0.8888947417245774
NAIRU[3],5.946166973139727,5.925334466545943,5.682441575507698,6.247550593798608,5.771494591814616,6.127141313274674,1998 Q2,7.733828733333333,10.244080555449209,0.4713425082337741,0.7347571630394789
NAIRU[4],6.004958893550583,5.98843113677567,5.710630804164272,6.327469458298404,5.8201164997290125,6.221000772465864,1998 Q3,7.7882881,11.102625319350423,1.1498984420212688,0.729397836255341
NAIRU[5],6.043795623396693,6.040587713174528,5.715046328711451,6.348570534137206,5.860186032986396,6.250168718566823,1998 Q4,7.3748021,6.51638942498538,-0.9077055783360155,0.7241161256559714
NAIRU[6],6.0874785489478,6.072236451046533,5.733847229174418,6.436230568880075,5.893133906701042,6.312531788509046,1999 Q1,7.082459,3.2587647998844282,0.09455380317711093,0.862074304390692
NAIRU[7],6.119305164959093,6.109907241130884,5.802417162963717,6.445749298379989,5.935061380458738,6.3348236415210595,1999 Q2,6.886110866666667,-1.1469027348764982,1.2125120189788507,0.712761392423289
NAIRU[8],6.162901164775701,6.150946566351308,5.870304146797163,6.478869788987278,5.9843486640730505,6.373692786642647,1999 Q3,6.874404833333333,-5.666003356549165,-0.7518715056077152,0.7077170374084396
NAIRU[9],6.232657493180849,6.242375104128937,5.923454810233587,6.555304350250993,6.036949686497845,6.417433878847133,1999 Q4,6.6339581333333335,-3.9118416595471217,1.082920328052439,0.7027435807457572
NAIRU[10],6.276594964703581,6.2867852868989065,5.958437659583912,6.603390225007499,6.070138495840012,6.477216898077147,2000 Q1,6.650502033333333,-2.0131970951924316,1.2756539266030043,0.5586606708638975
NAIRU[11],6.322916808015602,6.3460788884168515,5.970517245823425,6.62822894472197,6.130933282081191,6.530571837879504,2000 Q2,6.3020701,4.170891253848286,0.20956498186845973,0.9702085806450711
NAIRU[12],6.365233094920388,6.368565156131431,6.00152264407125,6.711114703482756,6.148374625769355,6.579358864079832,2000 Q3,5.989740533333333,5.919918008416758,1.6099331190101207,0.82418048951034
NAIRU[13],6.3716900801947505,6.365936234016253,6.002032469781769,6.729370894373126,6.1436963785614545,6.601200056568606,2000 Q4,6.172109266666666,8.981477240732882,1.7067092556067198,0.9530364850694362
NAIRU[14],6.36294416153222,6.362015889065766,6.012577766485311,6.717470053295681,6.142557666843709,6.578099056687488,2001 Q1,6.366243933333333,8.228463259096674,0.8748952221238282,0.944039377908723
NAIRU[15],6.350845712358415,6.35486731040223,5.971289717571639,6.726483805917425,6.103637100340039,6.574658542712331,2001 Q2,6.869537533333333,8.246203732647572,0.4943078310464255,0.9352105570280322
NAIRU[16],6.310062665128739,6.318630426155392,5.909843000308709,6.683640490379384,6.052823675222014,6.529115877887898,2001 Q3,6.867782666666667,5.66886876816568,-0.05041463721384698,0.6626929487609345
NAIRU[17],6.271048955881226,6.266133906197879,5.931263761764692,6.659643992910738,6.054136825009105,6.483011140368833,2001 Q4,6.979481766666667,2.8755974987303645,-0.048602266831676566,0.7894777847007539
NAIRU[18],6.230233280720016,6.23013306866952,5.866697577577004,6.623110061515739,6.010018643815866,6.445110371108553,2002 Q1,6.6275595,1.9355442952956103,0.4681272685548965,0.7832938221187469
NAIRU[19],6.176411562200238,6.156173761211409,5.819442121950243,6.562254826529258,5.950644290188368,6.398101509594481,2002 Q2,6.404725666666667,-4.324132417319415,-0.1536349308730145,0.7772059847702906
NAIRU[20],6.124791046532655,6.112628419084199,5.781672705268032,6.516736784554869,5.908878902506986,6.334655490198654,2002 Q3,6.280471133333333,-2.753210339020118,1.5304735988773022,0.8991711191963958
NAIRU[21],6.06384842233104,6.0446595233584715,5.736370165994798,6.459426704779228,5.824736993466962,6.273707721841123,2002 Q4,6.157816866666667,-4.345011692652445,-0.0031097987960748696,0.8911580300563493
NAIRU[22],6.02889887489027,6.018921977460204,5.656125755382633,6.455829187918637,5.787837591087653,6.257299420359153,2003 Q1,6.056286166666666,-4.659608729443221,1.5375356028862308,1.0088357944340487
NAIRU[23],5.951788978706527,5.935444898895621,5.552564923722092,6.377604089598335,5.7037749217361755,6.1822860187743585,2003 Q2,6.051211533333333,-5.552309049921789,1.5366661127980796,0.7500035156546403
NAIRU[24],5.868400951171758,5.8595694218,5.472764833147294,6.270222685434731,5.598386560390679,6.113035869392657,2003 Q3,5.9071963,-8.031641781620547,-0.5734931659679754,0.8679533719723409
NAIRU[25],5.803270107018996,5.781931051037347,5.396076957428969,6.196256809606915,5.588915204966059,6.050589579034429,2003 Q4,5.708952,-10.389959501815138,0.09831130400757004,0.9828088936262525
NAIRU[26],5.738389372022566,5.726854504428035,5.373099053475446,6.134707789798243,5.512215710978634,6.000291086370296,2004 Q1,5.5373783,-11.98772772594987,1.3651186454151087,0.8521049731933239
NAIRU[27],5.685496842448541,5.687543889952968,5.340252647745888,6.037176900965834,5.444404681192388,5.905842140455105,2004 Q2,5.435813933333333,-6.52308022313326,0.7353415695427357,0.8449054486527885
NAIRU[28],5.624702579424404,5.612078687044519,5.294764380927182,5.967355090770034,5.393062468999445,5.846486165816249,2004 Q3,5.479516333333334,-2.613938820303563,1.4924280506167564,0.8378265645998084
NAIRU[29],5.57321285531927,5.557471452177838,5.212625545922563,5.9631147535917455,5.350439415494456,5.802736045536338,2004 Q4,5.117552766666667,-2.0277192439150937,1.3543191794279874,1.0669929324696348
NAIRU[30],5.5128634789086695,5.502635571893178,5.146942394041211,5.930917206316112,5.284705593876581,5.720057718975367,2005 Q1,5.106783733333334,-0.5676458004804985,0.8760945391007802,1.0557282805876866
NAIRU[31],5.475605883118726,5.4744612069339045,5.08378147307212,5.9225857395353545,5.277590589360509,5.670428723128094,2005 Q2,5.0571962,-2.6194201090823377,0.7337813341348864,1.0446989964655096
NAIRU[32],5.433176809013744,5.4275335073057995,5.050627548674389,5.829038530689621,5.236497414799444,5.636102880982231,2005 Q3,4.958602733333334,-2.6841037524811817,1.1570869815165752,0.9195467093100262
NAIRU[33],5.381956757322568,5.3675528983957115,4.9966896604653215,5.767211120183161,5.171233366693425,5.626188640171141,2005 Q4,5.007952566666667,-1.0294896726862568,0.5731498987183947,0.9111680351256091
NAIRU[34],5.339266609934963,5.329676567349359,4.953282029254686,5.692880993887384,5.14511640675836,5.557538739540472,2006 Q1,5.044254333333333,1.1320875624481808,1.8606576038000977,1.1274076573218217
NAIRU[35],5.295126678174764,5.29252696354442,4.968091301204194,5.659318429681538,5.064897704782285,5.514193485096473,2006 Q2,4.857371833333333,1.2246973609973288,1.2092527480498605,1.0039125028328044
NAIRU[36],5.254859141671111,5.26048876910045,4.90777283962825,5.588106157965287,5.055026414652963,5.477950838475385,2006 Q3,4.678365866666667,-0.7532992307544895,0.3393529137975415,0.9939341902557963
NAIRU[37],5.243310291470369,5.23912443697898,4.872268802712804,5.596472522722961,5.033790938683318,5.466701355114515,2006 Q4,4.515483166666667,-1.5166167471410752,2.2110607132087123,1.0929070532190721
NAIRU[38],5.198310563460621,5.1731073736457684,4.845299924103711,5.564336929224132,4.995394319702996,5.42364270043546,2007 Q1,4.549238466666667,-2.2771382412477337,1.0317689078977121,0.8658062743114314
NAIRU[39],5.142254563586545,5.122597037886588,4.819391771967223,5.4987230742609805,4.922310688077718,5.380864302580235,2007 Q2,4.3249484,-4.011999378942566,1.89274835299027,1.071821622002389
NAIRU[40],5.128783714806277,5.125789703302276,4.801736087465714,5.504142180900134,4.924293458833244,5.356596509076925,2007 Q3,4.2552332999999996,-4.050698427981736,0.619670524145266,1.1658849603703558
NAIRU[41],5.085217730491932,5.077500125102686,4.7225881008247885,5.466371515888604,4.882716577679408,5.291786006787068,2007 Q4,4.353817833333333,-4.293342290860114,1.1772099500571453,0.7349114441473681
NAIRU[42],5.04257231255825,5.051312267639624,4.695167224432887,5.374610520377939,4.838144358197569,5.245302469995078,2008 Q1,4.086222633333334,-2.8225718064629035,0.8962772184476275,1.0405921161116716
NAIRU[43],4.97796642667803,4.989473195308342,4.6331892233398095,5.280758254716786,4.754825253903443,5.183453206202543,2008 Q2,4.258564,-2.366974408590483,2.224377920453935,1.1322817830264675
NAIRU[44],4.9528690110139895,4.970286155884104,4.651901466613188,5.276757199831101,4.724491711108001,5.16310816411356,2008 Q3,4.1850008333333335,0.5888142625222414,-0.07883360114251392,1.2207679579929298
NAIRU[45],4.893377326594255,4.90680128662144,4.527979897276073,5.212270048469782,4.671489460541946,5.114080332772848,2008 Q4,4.441033366666667,15.997331929834147,0.7281508208120568,0.8056438339125727
NAIRU[46],4.871328721357484,4.880980872458387,4.501149775517811,5.2029073845229306,4.655132148162945,5.085177749851914,2009 Q1,5.3073573666666665,17.60498742460772,-1.395508260385414,0.8986580697846414
NAIRU[47],4.871366104063023,4.894125726372739,4.514770444404105,5.194396505852899,4.639732854549289,5.0834301947850795,2009 Q2,5.729036,12.903025974373161,-0.8785116776917512,0.7920833491444235
NAIRU[48],4.869479916636162,4.895697638989163,4.510717815911767,5.150236379635661,4.644144468457261,5.08854280394645,2009 Q3,5.683215466666667,6.166011635755986,0.9872848862003014,0.39370129593390146
NAIRU[49],4.871786744699665,4.878841650774618,4.514632166689747,5.192751339196753,4.6510335330874994,5.083604035938841,2009 Q4,5.5578409,-12.760168444084918,0.824607861511284,0.782782862024689
NAIRU[50],4.901784737765319,4.911670073194028,4.506894256293566,5.249670404191574,4.661705663096409,5.117970341138877,2010 Q1,5.3289932,-14.112877009846336,1.3461693814744935,0.9699397088713368
NAIRU[51],4.880981013504334,4.877950331643687,4.508650539877424,5.239378491514004,4.641244672379316,5.104253185350127,2010 Q2,5.290939833333333,-7.654007712233479,2.0535648396790673,0.7692345623156349
NAIRU[52],4.851595515673031,4.864210256796413,4.479690193464708,5.184095538183632,4.609974736204026,5.078662751487437,2010 Q3,5.124916533333333,-3.0829158019901826,1.5066098398969219,1.048127746758265
NAIRU[53],4.812704394134118,4.812743166981514,4.472885002152047,5.1533654343579975,4.582124574337564,5.033531476207456,2010 Q4,5.090326233333333,-2.3438572972017013,1.3170247147473058,1.037255881562249
NAIRU[54],4.779155248893337,4.783047905484644,4.466249064868043,5.111131389441415,4.554300319353876,4.984199478383641,2011 Q1,4.9672569,-4.185525773661247,2.2021026602847327,0.9337135995940216
NAIRU[55],4.7567377829901885,4.74861675446218,4.440517821499037,5.096093460256292,4.541966366972619,4.964264752985542,2011 Q2,4.9632171666666665,-5.84962066816086,0.51669155834837,0.740744127786197
NAIRU[56],4.7287008492785905,4.738443218810332,4.388654083377775,5.058594369232163,4.516585295746625,4.917787004771031,2011 Q3,5.194893633333333,-5.760499194271507,0.3341312115294759,0.8268306176947071
NAIRU[57],4.70202309669264,4.705180138876756,4.392824183114714,5.023998816514863,4.495870483315935,4.90951470678818,2011 Q4,5.2052778,0,-0.09984349031431083,1.001373866050237
NAIRU[58],4.666964288553016,4.66877952680426,4.3311337572547055,4.988629848379396,4.445341259767728,4.879177628977054,2012 Q1,5.1409404,-2.2111453607431386,1.204666304513613,0.9914457057178083
NAIRU[59],4.637088221536432,4.637216390659742,4.313407431301823,4.9499091048293025,4.432957830925763,4.848821509643271,2012 Q2,5.1192635,1.197619104671599,0.02762798969178082,0.892863074430128
NAIRU[60],4.63385718853031,4.638631302339535,4.297531891596689,4.979906224378629,4.41351585409209,4.848063289530904,2012 Q3,5.2759066,0,-0.7813681038325138,0.7085946389485898
NAIRU[61],4.626617533272805,4.6296179314233505,4.293084020078059,4.9715998704798,4.405454498414749,4.855499932533029,2012 Q4,5.366588366666667,-1.996074256253788,0.8921989802700869,0.7912129187949368
NAIRU[62],4.608091201071724,4.614086455840843,4.257970491738554,4.946728552475787,4.374919318635664,4.8400813880943,2013 Q1,5.474768766666667,0.708863727773501,-0.06299672614697993,0.6980831141340182
NAIRU[63],4.592166757424629,4.590398296953888,4.194883242784852,4.969628781999414,4.357455162889406,4.811801571097203,2013 Q2,5.6312682999999994,-0.5970166986504211,0.57094725735507,0.6932436775644923
NAIRU[64],4.572694832391403,4.590041149713796,4.1511966144646495,4.929681050526812,4.331847241195039,4.814619279284486,2013 Q3,5.7286164,5.475463371835865,-0.12501707232566162,0.5167970158442614
NAIRU[65],4.543240660352222,4.538518366382116,4.152616563318758,4.919190419093667,4.294634688019179,4.804943966277752,2013 Q4,5.840081433333333,4.629088381435409,0.5724652268577657,0.6849341845574841
NAIRU[66],4.522547933404004,4.530548824074336,4.082762498130998,4.874155839592524,4.2879982761246005,4.762456366893742,2014 Q1,5.8995707,7.669939312596341,-0.0951952738460271,0.7649846060403753
NAIRU[67],4.4916107879177165,4.506546205442569,4.0350102308547795,4.8729408678672534,4.252419022879071,4.736239931771188,2014 Q2,5.927679333333333,4.964523048916547,0.3792000145289576,0.5067578412305984
NAIRU[68],4.445777865343266,4.476516984260524,3.950104963685972,4.822611082219749,4.201431866398653,4.687550225727569,2014 Q3,6.169539133333333,-0.19047624806542984,0.3449481918176289,0.5879899342879469
NAIRU[69],4.398186487682574,4.447834469213868,3.8807708843496167,4.773053960865409,4.130053901443703,4.6430651441935025,2014 Q4,6.253391966666666,3.8702329019038473,0.09435676816980099,0.5845528127435884
NAIRU[70],4.3491743166812595,4.401523867910864,3.925009826216827,4.684351204256693,4.06529714414836,4.586898149623025,2015 Q1,6.202812866666666,4.923510299768541,-0.6054727796827697,0.581155641477693
NAIRU[71],4.308670913611765,4.3483669171887405,3.874610510931581,4.638466022193555,4.014705998362615,4.5459149526267355,2015 Q2,6.017128733333333,6.346957394866681,0.921017063522811,0.4954593124683271
NAIRU[72],4.2721662554260895,4.297424370165296,3.8362314069163634,4.603930339359496,3.9918659538821246,4.512968309980405,2015 Q3,6.178474766666667,9.97202349434545,-0.0474247808211814,0.5749502491260827
NAIRU[73],4.237984526319978,4.260178976596053,3.8097614211400037,4.5779917955072005,3.9526869834039324,4.477687201159632,2015 Q4,5.834532633333334,8.430710645999362,0.16932170111643163,0.49019706002066954
NAIRU[74],4.221673155774359,4.242320515911907,3.7855735873778205,4.601140333441181,3.9497011782843794,4.4837624490533035,2016 Q1,5.796395033333333,3.9254931018431805,0.08576164119036278,0.4878058453432921
NAIRU[75],4.209418881463011,4.217882063900575,3.84055325537845,4.563250682154186,3.9814597614010876,4.461814716520221,2016 Q2,5.6874937,2.2037031046728828,-0.41473420799336136,0.48543784647980814
NAIRU[76],4.2009261243016205,4.214666064055471,3.828939104769154,4.5483763894645515,3.9606974445208984,4.451428415685946,2016 Q3,5.6576064666666666,-2.092491342424818,1.032987357647741,0.40273916699824497
NAIRU[77],4.192003335548962,4.216981344765006,3.7804461681831647,4.554801142122722,3.960965256956782,4.423808205458914,2016 Q4,5.733405633333334,-4.082199452025481,-1.4358968261291682,0.4811556997222688
NAIRU[78],4.219774453572477,4.238403163316563,3.8435343174731273,4.542670686236898,3.9787851033674992,4.451964880525987,2017 Q1,5.807673066666666,-3.3046485355948008,0.65505194109019,0.5584378293900016
NAIRU[79],4.215958539262801,4.233540365137761,3.832698629780748,4.521949305333342,3.9923873642925747,4.427934062318471,2017 Q2,5.593200266666667,-0.9636517848274018,0.7715482733078094,0.4761913760243708
NAIRU[80],4.220726634773729,4.255110818656402,3.800631432787448,4.518461359433048,3.9747896545548054,4.45086647015955,2017 Q3,5.532623233333333,-1.5986130846302515,0.22415972107063808,0.4739345363896419
NAIRU[81],4.227275421678828,4.243158542562156,3.838099013836582,4.544159793287169,3.9827428406354723,4.44150135872261,2017 Q4,5.491421833333333,-0.44424773195608225,1.2529799446320822,0.5500996190347607
NAIRU[82],4.203341119820947,4.214789754536137,3.8102025173080696,4.529474341968756,3.943358971895333,4.425145035177305,2018 Q1,5.545387633333333,-0.5319161477600254,0.10562149374226948,0.46911735758801143
NAIRU[83],4.199013793308629,4.2093723715135205,3.8440232808005685,4.524640461914043,3.969566893889219,4.428950887123168,2018 Q2,5.441253533333334,0.4391750580978737,0.20151971088024911,0.6220859875102569
NAIRU[84],4.202868978798373,4.213549899488198,3.8618207762415855,4.5610831197150965,3.986915267785938,4.430751437828739,2018 Q3,5.1852937,3.5183928124475905,0.876674490265994,0.6182399908317926
NAIRU[85],4.2038251291289175,4.1952659060256154,3.871880625558592,4.5297271388132145,3.996111209193479,4.406302555190106,2018 Q4,5.042751866666666,3.4999197780220648,1.1043132949061452,0.5378422492758439
NAIRU[86],4.195360994888511,4.1930612835355525,3.8671426902905557,4.532601114093529,3.9755159109723,4.424335400420472,2019 Q1,5.0437186333333335,3.2359622773336483,0.7031411161410817,0.5349649747239837
NAIRU[87],4.200924116386281,4.1911608229599455,3.871170160287139,4.570369099270408,3.975268395866134,4.423890499660208,2019 Q2,5.2255074,2.851165052596638,1.1218512220970478,0.6079046076382433
NAIRU[88],4.2033974812665305,4.211649754372688,3.840086017885054,4.5774594902927035,3.986440236239122,4.414362571683271,2019 Q3,5.252756266666666,2.3068088250274066,0.411179528036143,0.5289018751791552
NAIRU[89],4.2132815166231605,4.24000541333192,3.8405850604240985,4.51185597334942,3.98659913974149,4.422730729423416,2019 Q4,5.171337833333333,2.1268347403926136,0.7773673554610228,0.5261192143361626
NAIRU[90],4.241369419723642,4.252378982117847,3.8703848321262497,4.569408137785874,4.014433417271475,4.465464143179504,2020 Q1,5.186909333333333,2.4650631943442747,0.9265624467023725,0.5233656806108655
NAIRU[91],4.249869525406639,4.2504682616832685,3.887746959358581,4.595760019919353,4.010526109988035,4.492138287713767,2020 Q2,6.9056799,3.843413733926049,5.0727669920073275,0.2234637801416639
NAIRU[92],4.2514952686556375,4.245976700323223,3.896975776927341,4.594185860149396,4.01331865253833,4.4909982789674805,2020 Q3,7.050215966666666,-0.9333966790475046,-1.1839551972131268,0.07437709528446135
NAIRU[93],4.244349068161091,4.23942671442659,3.8725691471294237,4.574487907777718,4.0127626674664185,4.465896897463306,2020 Q4,6.7729957,-2.2989518224698635,-1.5044403848114563,0.5190964566970102
NAIRU[94],4.2529321056030644,4.2733471866890955,3.8945183951547784,4.586773987026197,4.017277461471296,4.462025497651748,2021 Q1,5.932969166666667,-4.464260590811708,-0.10369113217154613,0.6634746048556295
NAIRU[95],4.266190421417171,4.2913544579719645,3.9351999614047144,4.566438560725344,4.046746689182765,4.460236278332699,2021 Q2,5.2007346,-6.782259633876109,1.016853518783456,0.5130095531030499
NAIRU[96],4.261192567585631,4.2810123937849145,3.929742435625317,4.588584594082244,4.059347962461322,4.464070979053593,2021 Q3,4.664694133333334,1.1864545956192352,2.4737112804426364,0.5103911918175719
NAIRU[97],4.276272712966621,4.280366933200524,3.969428320686645,4.608409174150013,4.063801751910376,4.487798364986098,2021 Q4,4.6930859,5.202515398928043,-1.0198407556646805,0.6524126076943304
NAIRU[98],4.299696339075868,4.2985346744004325,3.9956537416692894,4.607517110206564,4.099462811101478,4.493550748835711,2022 Q1,4.0610144,9.299286684916463,1.1015860105033526,0.6481837602190232
NAIRU[99],4.328133502133736,4.309263001010539,4.000279307542007,4.662661914635809,4.114617086051332,4.532245529006562,2022 Q2,3.7994325,8.08520966290951,1.664494873796063,0.7865610805951384
NAIRU[100],4.379651570097826,4.36577864037849,4.103772219333388,4.683365872247836,4.172474597488645,4.584936572785046,2022 Q3,3.5227551333333333,8.939550265436758,2.2890383109042123,0.9922122506315745
NAIRU[101],4.405284708312343,4.4106357109074015,4.0995725724746785,4.722725946077126,4.204049285406441,4.58812629011955,2022 Q4,3.4929186333333333,8.687509078839728,0.8659683527837192,0.8427016161880019
NAIRU[102],4.474243610412114,4.470095368707453,4.175960617686713,4.81530363552266,4.269536037068458,4.654434098591746,2023 Q1,3.6231456333333334,4.382547954002902,1.403161803111086,0.9742596198819342
NAIRU[103],4.476817808710644,4.467748469387388,4.190257750307287,4.790632380636784,4.2955350546518,4.669247653847284,2023 Q2,3.6039779,6.271647386762602,1.1881353600079914,0.827590930385913
NAIRU[104],4.4827174619691705,4.482464888190357,4.180927458385574,4.804402916774597,4.300250177481839,4.648405058447946,2023 Q3,3.6488515666666665,1.3772214621226908,1.9178419331609464,1.2965040017289375
NAIRU[105],4.502509417792942,4.495512700674878,4.214279648166542,4.835611857734758,4.336578662942242,4.676807824310686,2023 Q4,3.899197733333333,0.5979091056057761,1.71765841244369,1.0789045990818202
NAIRU[106],4.482744306500058,4.475097994022721,4.199355019710058,4.7996222815127805,4.277331846073666,4.6765156764741755,2024 Q1,3.9113048,1.0662705744040046,0.8384343365973823,0.7350517559340908
NAIRU[107],4.49431439096496,4.486106250408658,4.191702771133194,4.809522904327972,4.298126287941182,4.6976812493203015,2024 Q2,4.039988866666667,0.9077218151117172,0.9399721796034766,0.8617885619389476
NAIRU[108],4.5477733687907635,4.542166162823536,4.201495290487122,4.890867960210497,4.368957209817686,4.7452725296178535,2024 Q3,4.109908833333333,1.1333706509849328,1.1392950344753183,0.8544251782996781
NAIRU[109],4.5604653234399155,4.544928953430777,4.264364002216774,4.901489243998618,4.378547308888747,4.754673806897011,2024 Q4,4.008619466666667,0.4460973940624946,1.6971057276952473,0.717316411241331
NAIRU[110],4.593405246224,4.583115619083191,4.293664323983598,4.893541885411537,4.41021283045102,4.778319546792896,2025 Q1,4.094575966666667,3.2056416116116537,1.2430773801046624,0.9699397088713368
NAIRU[111],4.613026507294499,4.597954380139786,4.323256743753928,4.909468688008566,4.442345538180589,4.7940579631672255,2025 Q2,4.157974933333334,2.967576814611661,0.6363379164154859,0.8330711428428117
NAIRU[112],4.6335041924409825,4.625787510432472,4.304397186815119,4.954124677628551,4.443338464591309,4.845170875194131,2025 Q3,4.3060484,2.0818595756032288,1.2068786462299586,0.7628771899621078
NAIRU[113],4.654161135335429,4.639065329081232,4.358673493568787,4.97975051793033,4.448598739354755,4.87335780698785,2025 Q4,4.2573268,1.326474865848315,0.5519293141781789,0.8199352148686501
NAIRU[114],4.672821490305751,4.667155742376984,4.377586083968957,4.998059268828603,4.462470499469026,4.885845434783264,2026 Q1,4.223809066666667,-2.2256111517823918,0.9852231720965277,0.7509422022131673
NAIRU[115],4.706217569670225,4.693942536946976,4.375720042315864,5.055258501437629,4.484165565612559,4.9389186650255,2026 Q2,4.434078,-3.571808260207998,1.1265584160728648,0.8072071150646565
NAIRU[116],4.723546221288142,4.707693914476966,4.345222239142092,5.077685360628499,4.5167768560375725,4.945966660301257,2026 Q3,4.4618247,-3.571808260207998,1.1265584160728648,0.8072071150646565
NAIRU[117],4.729822840453342,4.720607889014783,4.38132219194594,5.1045876952504825,4.49526487728174,4.959736923785503,2026 Q4,4.4618247,-3.571808260207998,1.1265584160728648,0.8072071150646565
NAIRU[118],4.739188198446015,4.7420891977397694,4.370510517632611,5.116104891782655,4.465779721404467,4.9639101385818165,2027 Q1,4.4618247,-3.571808260207998,1.1265584160728648,0.8072071150646565
NAIRU[119],4.74335614649964,4.744134328129464,4.316534540158869,5.175053682271241,4.467661029350893,5.014685757120472,2027 Q2,4.4618247,-3.571808260207998,0.8421562507289333,0.8182407005766751
