variable,mean,median,lowera,uppera,lowerb,upperb,date,LUR,dl4pmcg,DLNULC_EST,DLAENA_EST
NAIRU[1],5.741206651675605,5.748486383902378,5.41836163183441,6.068069835111321,5.5264923806648065,5.971353222718348,1997 Q4,7.977187499999999,6.3871470386661855,-0.32936986563028015,0.5
NAIRU[2],5.785909125714359,5.784289895330401,5.378124511385001,6.15628904222882,5.590184341098396,6.028917606327517,1998 Q1,7.840956133333333,8.205906323515144,0.39627248451481467,0
NAIRU[3],5.822249340700345,5.830630289191038,5.465425995938593,6.205212983325173,5.555453354909953,6.073956320033274,1998 Q2,7.733828733333333,10.244080555449209,0.4713425082337741,0.4
NAIRU[4],5.8764834818316904,5.895194381566352,5.518576550046128,6.271626009444459,5.619357335829069,6.118206039945359,1998 Q3,7.7882881,11.102625319350423,1.1498984420212688,3.1
NAIRU[5],5.912531349385943,5.916183283480979,5.539577369787474,6.326411590332887,5.671972940669577,6.1417532347395145,1998 Q4,7.3748021,6.51638942498538,-0.9077055783360155,0.2
NAIRU[6],5.949042420191811,5.958392738103099,5.561672349006481,6.324027975082098,5.713244398026747,6.1740473883900915,1999 Q1,7.082459,3.2587647998844282,0.09455380317711093,0.3
NAIRU[7],5.970755297482665,5.979288504383206,5.544567061129977,6.366480166180184,5.6963094122171904,6.230450131777852,1999 Q2,6.886110866666667,-1.1469027348764982,1.2125120189788507,1.5
NAIRU[8],6.004870332300364,6.028135652591965,5.551908303722106,6.40900651141108,5.753049131835276,6.237744130109939,1999 Q3,6.874404833333333,-5.666003356549165,-0.7518715056077152,0
NAIRU[9],6.046732157467214,6.0826201118994,5.586073926607673,6.468244504979225,5.746360888357467,6.323876405746953,1999 Q4,6.6339581333333335,-3.9118416595471217,1.082920328052439,0.9
NAIRU[10],6.086632259554017,6.113727612736762,5.629790684614204,6.508313892548227,5.810275002096261,6.348629461596774,2000 Q1,6.650502033333333,-2.0131970951924316,1.2756539266030043,1.4
NAIRU[11],6.116119732877736,6.124199523845668,5.670881706081578,6.518748382406297,5.837987612848817,6.393713122184699,2000 Q2,6.3020701,4.170891253848286,0.20956498186845973,-0.6
NAIRU[12],6.129470758146744,6.130555378508706,5.711964246887277,6.5524094289381525,5.829639262843048,6.416649511179592,2000 Q3,5.989740533333333,5.919918008416758,1.6099331190101207,1.6
NAIRU[13],6.135207088446009,6.141244179751466,5.723324852022442,6.567581959377553,5.855340356783754,6.4080883881472,2000 Q4,6.172109266666666,8.981477240732882,1.7067092556067198,3.1
NAIRU[14],6.133072084360688,6.1450261804616915,5.734239831116507,6.549531141939152,5.832869154024851,6.393452774860822,2001 Q1,6.366243933333333,8.228463259096674,0.8748952221238282,1.9
NAIRU[15],6.103605786575089,6.103958275992839,5.6844506971436,6.4986127133588445,5.817536260386615,6.389350011054696,2001 Q2,6.869537533333333,8.246203732647572,0.4943078310464255,0.5
NAIRU[16],6.059873545493486,6.086436675610013,5.642838601667179,6.437893060896868,5.779891670691425,6.320275454579029,2001 Q3,6.867782666666667,5.66886876816568,-0.05041463721384698,1.3
NAIRU[17],6.007800779594653,6.024733990079868,5.59381372106239,6.398469527109499,5.749493934608298,6.257168606651529,2001 Q4,6.979481766666667,2.8755974987303645,-0.048602266831676566,1.4
NAIRU[18],5.962793767956382,5.97779565318074,5.534867972240836,6.332839481453609,5.7115382068787515,6.203629431046217,2002 Q1,6.6275595,1.9355442952956103,0.4681272685548965,0.6
NAIRU[19],5.915460371231755,5.940129476883927,5.506011503662128,6.272796160282387,5.6502346206378355,6.182109076373366,2002 Q2,6.404725666666667,-4.324132417319415,-0.1536349308730145,1.7
NAIRU[20],5.866419781222388,5.869918232846107,5.458097550010483,6.244772500750901,5.610310246136567,6.120970581534015,2002 Q3,6.280471133333333,-2.753210339020118,1.5304735988773022,0.9
NAIRU[21],5.815059302941882,5.805391641275259,5.450399899229297,6.16725179069547,5.571110927760217,6.0744951236880596,2002 Q4,6.157816866666667,-4.345011692652445,-0.0031097987960748696,0.1
NAIRU[22],5.762800105180656,5.765057615551744,5.388182506312221,6.124792202188648,5.522991240409255,5.993910042455696,2003 Q1,6.056286166666666,-4.659608729443221,1.5375356028862308,0.5
NAIRU[23],5.692122005987705,5.700677028151418,5.319875209076827,6.096829948141742,5.449355873426595,5.897460135927478,2003 Q2,6.051211533333333,-5.552309049921789,1.5366661127980796,1.4
NAIRU[24],5.623704541518266,5.643439411816523,5.257958611105028,5.9492055801563,5.379897701015514,5.84846616407293,2003 Q3,5.9071963,-8.031641781620547,-0.5734931659679754,1.3
NAIRU[25],5.5698178036180686,5.5983742059288275,5.191246737903401,5.934323787880982,5.3379872213524,5.772591221235782,2003 Q4,5.708952,-10.389959501815138,0.09831130400757004,1.9
NAIRU[26],5.527104449318884,5.539433188745398,5.120693211587852,5.889844508473172,5.310376738306278,5.71252729928302,2004 Q1,5.5373783,-11.98772772594987,1.3651186454151087,0.9
NAIRU[27],5.472429724543388,5.478236959544359,5.063699997222113,5.836096102886395,5.239813405609057,5.688888224039069,2004 Q2,5.435813933333333,-6.52308022313326,0.7353415695427357,1.1
NAIRU[28],5.4196004381753315,5.4289259620542865,5.026363606014957,5.748398133379697,5.213142793523181,5.632126320981476,2004 Q3,5.479516333333334,-2.613938820303563,1.4924280506167564,1.8
NAIRU[29],5.373788390393582,5.38224440356187,5.0035324215608,5.693801792033321,5.168492067283211,5.6192155252935105,2004 Q4,5.117552766666667,-2.0277192439150937,1.3543191794279874,0.6
NAIRU[30],5.328898272914774,5.331806313863911,4.961485514372416,5.683074111265291,5.0916979438444026,5.5716961228754895,2005 Q1,5.106783733333334,-0.5676458004804985,0.8760945391007802,0.1
NAIRU[31],5.289263673429766,5.30127394680021,4.931598740844455,5.63260101394394,5.059179596806951,5.525115501063417,2005 Q2,5.0571962,-2.6194201090823377,0.7337813341348864,-0.1
NAIRU[32],5.258435315503149,5.249268418674389,4.870055403745672,5.646693998060162,5.037953076438949,5.500897838682517,2005 Q3,4.958602733333334,-2.6841037524811817,1.1570869815165752,2.5
NAIRU[33],5.230249303146082,5.217538498766237,4.837879137793443,5.603983044189149,4.984062176697075,5.474312894075162,2005 Q4,5.007952566666667,-1.0294896726862568,0.5731498987183947,1.4
NAIRU[34],5.22879850008255,5.202132102735998,4.870118991863469,5.587844216295367,4.998349538547538,5.470584280763914,2006 Q1,5.044254333333333,1.1320875624481808,1.8606576038000977,1.2
NAIRU[35],5.2224356766541815,5.216107208222919,4.866354021480199,5.605405324611602,4.992105941809421,5.470523062066238,2006 Q2,4.857371833333333,1.2246973609973288,1.2092527480498605,0
NAIRU[36],5.2210565500623725,5.223001009576339,4.880298350890878,5.593182829960058,4.97056801482094,5.455436725299154,2006 Q3,4.678365866666667,-0.7532992307544895,0.3393529137975415,1.2
NAIRU[37],5.231024434718727,5.235483419336007,4.875709345867886,5.6379407797118954,4.9847278916528,5.477752222371558,2006 Q4,4.515483166666667,-1.5166167471410752,2.2110607132087123,3.1
NAIRU[38],5.220857927385184,5.221737289312021,4.870821612756321,5.61592245073881,4.9796128676269955,5.485340118906835,2007 Q1,4.549238466666667,-2.2771382412477337,1.0317689078977121,1.1
NAIRU[39],5.205998353207197,5.218594552810478,4.826909346149637,5.5985475081214915,4.962847350793092,5.458624004151005,2007 Q2,4.3249484,-4.011999378942566,1.89274835299027,2.1
NAIRU[40],5.172161845550533,5.161069314360005,4.816781688329439,5.550111417894634,4.955374690339537,5.412588991969222,2007 Q3,4.2552332999999996,-4.050698427981736,0.619670524145266,1.1
NAIRU[41],5.1324329848323895,5.131952237613659,4.733953362149839,5.513378957409387,4.9032083270036635,5.3588964919867,2007 Q4,4.353817833333333,-4.293342290860114,1.1772099500571453,0.3
NAIRU[42],5.085459794923207,5.074066116158843,4.720294362494128,5.42745717234261,4.860496118085557,5.3422510612981275,2008 Q1,4.086222633333334,-2.8225718064629035,0.8962772184476275,0.7
NAIRU[43],5.033912103983634,5.029011271907897,4.684426532972955,5.384519086557361,4.793848481857843,5.277362549483341,2008 Q2,4.258564,-2.366974408590483,2.224377920453935,1.8
NAIRU[44],4.984766464786277,4.964077009183512,4.644953877694395,5.388814473119548,4.739410394150687,5.236934967487984,2008 Q3,4.1850008333333335,0.5888142625222414,-0.07883360114251392,0.5
NAIRU[45],4.922149863538968,4.901018263228014,4.53110778218014,5.29269928306249,4.705919500186219,5.152713319325251,2008 Q4,4.441033366666667,15.997331929834147,0.7281508208120568,0.8
NAIRU[46],4.889459179988692,4.882852241027265,4.534743717727376,5.258513090667101,4.69214032488552,5.120231952298326,2009 Q1,5.3073573666666665,17.60498742460772,-1.395508260385414,-0.5
NAIRU[47],4.863009943791912,4.862424031947818,4.498002320443172,5.270966420200325,4.649013047048155,5.0636861273215485,2009 Q2,5.729036,12.903025974373161,-0.8785116776917512,0.5
NAIRU[48],4.845419620118401,4.837298120181673,4.464237953235724,5.258290265725798,4.6474069983068285,5.041384211007031,2009 Q3,5.683215466666667,6.166011635755986,0.9872848862003014,2.2
NAIRU[49],4.82965186699822,4.829188326876638,4.432896746060364,5.231766826954819,4.608403423010807,5.052234634579727,2009 Q4,5.5578409,-12.760168444084918,0.824607861511284,0.5
NAIRU[50],4.813232056343617,4.813289237124565,4.441095797247831,5.215626829018886,4.58474350187426,5.021668820237823,2010 Q1,5.3289932,-14.112877009846336,1.3461693814744935,0.5
NAIRU[51],4.791530639108002,4.782591864057114,4.418603034663657,5.194352278979589,4.562956186373159,5.034917620679585,2010 Q2,5.290939833333333,-7.654007712233479,2.0535648396790673,2.1
NAIRU[52],4.76557552062647,4.760090748404138,4.368773391588401,5.104885638246238,4.535490846897326,5.001150439544044,2010 Q3,5.124916533333333,-3.0829158019901826,1.5066098398969219,2.2
NAIRU[53],4.727195848332642,4.744559911630664,4.334404215160963,5.1065195134693635,4.503505358282694,4.954677970559037,2010 Q4,5.090326233333333,-2.3438572972017013,1.3170247147473058,1.4
NAIRU[54],4.690784628281703,4.70548314897993,4.3043965863753515,5.076879417425451,4.45601787883754,4.931601165300132,2011 Q1,4.9672569,-4.185525773661247,2.2021026602847327,-0.1
NAIRU[55],4.663041332990478,4.6672771211522,4.278808710798099,5.03134638798998,4.458460686066652,4.864234991508951,2011 Q2,4.9632171666666665,-5.84962066816086,0.51669155834837,2.4
NAIRU[56],4.632751803244124,4.629299090188263,4.2485684857300035,4.994913485801167,4.4081320179153085,4.859369433840164,2011 Q3,5.194893633333333,-5.760499194271507,0.3341312115294759,1.4
NAIRU[57],4.624551242705022,4.637207804355888,4.202846693839649,5.000840428847315,4.396127464873208,4.860932957840807,2011 Q4,5.2052778,0,-0.09984349031431083,0.2
NAIRU[58],4.612159119298377,4.6037588787753405,4.230346094280867,4.993761227329141,4.377309613623865,4.835898470354836,2012 Q1,5.1409404,-2.2111453607431386,1.204666304513613,1.2
NAIRU[59],4.597429718138825,4.591203038266215,4.203388225661244,4.966876431151492,4.330827642093767,4.870420357553718,2012 Q2,5.1192635,1.197619104671599,0.02762798969178082,1
NAIRU[60],4.61139737585179,4.600178573976685,4.219968480476855,5.036817527446399,4.341330117568405,4.858077418715567,2012 Q3,5.2759066,0,-0.7813681038325138,-0.3
NAIRU[61],4.612615845288379,4.6061399471241185,4.236443166337507,5.024729398418657,4.3592046155341375,4.859787942362894,2012 Q4,5.366588366666667,-1.996074256253788,0.8921989802700869,0.8
NAIRU[62],4.614851148611396,4.63332300106718,4.225197134314725,4.994395573070877,4.354226032239897,4.851539416416829,2013 Q1,5.474768766666667,0.708863727773501,-0.06299672614697993,0
NAIRU[63],4.618038395968327,4.62821938373955,4.221055483490025,5.009718854320199,4.346027069699684,4.864758956467199,2013 Q2,5.6312682999999994,-0.5970166986504211,0.57094725735507,0.7
NAIRU[64],4.623219131368494,4.625281093567796,4.226873126180849,5.019306146406814,4.370681266256108,4.861752697826184,2013 Q3,5.7286164,5.475463371835865,-0.12501707232566162,0.7
NAIRU[65],4.618446291324705,4.62983870444479,4.2053998092034,5.011762875088038,4.36568479731965,4.863629883239646,2013 Q4,5.840081433333333,4.629088381435409,0.5724652268577657,1.9
NAIRU[66],4.603340939229746,4.604013779333886,4.203193382054424,4.99169412908139,4.355997342074258,4.8632866189164465,2014 Q1,5.8995707,7.669939312596341,-0.0951952738460271,0.1
NAIRU[67],4.5951731453912465,4.593108485825016,4.190550780279773,4.997856094653907,4.3537233073818555,4.848509402034313,2014 Q2,5.927679333333333,4.964523048916547,0.3792000145289576,0.6
NAIRU[68],4.566113712853577,4.55756071835278,4.125004301098388,4.991002026692481,4.303387381338529,4.822732252335722,2014 Q3,6.169539133333333,-0.19047624806542984,0.3449481918176289,0.8
NAIRU[69],4.542834457753956,4.526442810424463,4.124422545409887,4.95820943759682,4.275528713810498,4.809197334072748,2014 Q4,6.253391966666666,3.8702329019038473,0.09435676816980099,0.8
NAIRU[70],4.510622628873087,4.517368504178528,4.10967960163515,4.929849228536178,4.247408446939097,4.740879165017541,2015 Q1,6.202812866666666,4.923510299768541,-0.6054727796827697,-1.2
NAIRU[71],4.48512074119481,4.5097328259452425,4.0414731662148515,4.8211255398823045,4.235050462818789,4.735103899277563,2015 Q2,6.017128733333333,6.346957394866681,0.921017063522811,1.1
NAIRU[72],4.461078153547312,4.462744693380576,4.0076661462685275,4.84623868912914,4.204256056954541,4.7116465870765465,2015 Q3,6.178474766666667,9.97202349434545,-0.0474247808211814,0.5
NAIRU[73],4.4403336506009055,4.433823270472777,4.033458817560507,4.855916820375905,4.173982962334499,4.724357019768382,2015 Q4,5.834532633333334,8.430710645999362,0.16932170111643163,0.5
NAIRU[74],4.427296284299026,4.450077233292115,4.003500550159995,4.8151539634441995,4.176474772800278,4.657135584752921,2016 Q1,5.796395033333333,3.9254931018431805,0.08576164119036278,-0.1
NAIRU[75],4.412980277619014,4.422124435893901,3.9694017912003745,4.785520669231689,4.151616564012233,4.667043206542745,2016 Q2,5.6874937,2.2037031046728828,-0.41473420799336136,0.5
NAIRU[76],4.4014392057865175,4.413608552678049,3.9487838526022028,4.793546183738559,4.135141540666733,4.646834365557462,2016 Q3,5.6576064666666666,-2.092491342424818,1.032987357647741,0.3
NAIRU[77],4.392323309775982,4.414585845343891,3.9647193930735094,4.776105213090113,4.1138096492335166,4.654092533114642,2016 Q4,5.733405633333334,-4.082199452025481,-1.4358968261291682,-0.6
NAIRU[78],4.402587684956692,4.40071203899048,3.9985257383015784,4.78911287427007,4.141439053847344,4.664737068701649,2017 Q1,5.807673066666666,-3.3046485355948008,0.65505194109019,-0.6
NAIRU[79],4.405610448816021,4.401388252743933,3.975480049021455,4.781179940409344,4.153272777640554,4.669014260135174,2017 Q2,5.593200266666667,-0.9636517848274018,0.7715482733078094,0.9
NAIRU[80],4.4021922492449646,4.4091691178310946,3.945868548608766,4.792477943368727,4.129652946643302,4.6501013916987635,2017 Q3,5.532623233333333,-1.5986130846302515,0.22415972107063808,1
NAIRU[81],4.39619041188688,4.412571984245596,3.966528430995622,4.750601748861334,4.156034625242707,4.6413326669865915,2017 Q4,5.491421833333333,-0.44424773195608225,1.2529799446320822,0.8
NAIRU[82],4.381392010730197,4.4061755076240265,3.9459833165498934,4.734341247349532,4.130302226127549,4.614383048455689,2018 Q1,5.545387633333333,-0.5319161477600254,0.10562149374226948,0.7
NAIRU[83],4.378891017434528,4.383570215230039,3.981780215646744,4.744578145770763,4.135982155569985,4.60257561128551,2018 Q2,5.441253533333334,0.4391750580978737,0.20151971088024911,0
NAIRU[84],4.382658592922948,4.386853944387933,3.9882527111417145,4.7621457246906305,4.1256318184357035,4.634492973101786,2018 Q3,5.1852937,3.5183928124475905,0.876674490265994,0.9
NAIRU[85],4.3875031094431245,4.387561597065356,3.979180164649219,4.750596836718253,4.157820597100673,4.6252082856891725,2018 Q4,5.042751866666666,3.4999197780220648,1.1043132949061452,1.3
NAIRU[86],4.394972108911724,4.386704804340556,3.9900051294553274,4.7658305280559645,4.175015062252168,4.639179826513857,2019 Q1,5.0437186333333335,3.2359622773336483,0.7031411161410817,-0.1
NAIRU[87],4.409412288750961,4.399860233924413,3.9984532438937133,4.804502489003271,4.176005229371919,4.6945572847366375,2019 Q2,5.2255074,2.851165052596638,1.1218512220970478,1.9
NAIRU[88],4.417753281474569,4.405289217590381,4.026544652830032,4.796810081381977,4.164364774107853,4.671880105146755,2019 Q3,5.252756266666666,2.3068088250274066,0.411179528036143,0.6
NAIRU[89],4.429324541900178,4.421873826011068,4.041309984006105,4.814533198798628,4.179244185842963,4.677626446780234,2019 Q4,5.171337833333333,2.1268347403926136,0.7773673554610228,1.5
NAIRU[90],4.450185862338752,4.450677669161929,4.070727233608643,4.819403754345299,4.20128482122355,4.7020124982027705,2020 Q1,5.186909333333333,2.4650631943442747,0.9265624467023725,1.3
NAIRU[91],4.462928078411986,4.461935763528109,4.068671929810203,4.822077053943387,4.223805675565826,4.741155627828465,2020 Q2,6.9056799,3.843413733926049,5.0727669920073275,5.8
NAIRU[92],4.477733642987323,4.476882564238395,4.095604564901566,4.844481042905556,4.239046755835471,4.731176385736157,2020 Q3,7.050215966666666,-0.9333966790475046,-1.1839551972131268,-1.8
NAIRU[93],4.495360089061564,4.506952021507873,4.126058743288008,4.882116145288438,4.2567298010878245,4.729578799512027,2020 Q4,6.7729957,-2.2989518224698635,-1.5044403848114563,-0.2
NAIRU[94],4.500309870461039,4.510759641172349,4.149230268460817,4.870010795991306,4.2670112838192384,4.718704675328761,2021 Q1,5.932969166666667,-4.464260590811708,-0.10369113217154613,1.1
NAIRU[95],4.518274620186072,4.536621570643277,4.166508509032121,4.856388338047734,4.304749335266953,4.753958713194795,2021 Q2,5.2007346,-6.782259633876109,1.016853518783456,0.1
NAIRU[96],4.520434882322343,4.512167766949547,4.169497674821657,4.885779654352464,4.3076349475183555,4.762996484200504,2021 Q3,4.664694133333334,1.1864545956192352,2.4737112804426364,2.8
NAIRU[97],4.508627399707987,4.5039861718804834,4.165658148837793,4.8853228369904675,4.2686726816503455,4.743837195346782,2021 Q4,4.6930859,5.202515398928043,-1.0198407556646805,0.6
NAIRU[98],4.515600846204868,4.5102494792795955,4.180492837539778,4.887332801754136,4.300345024036164,4.755110325452116,2022 Q1,4.0610144,9.299286684916463,1.1015860105033526,1.5
NAIRU[99],4.54687739115085,4.5450122464977625,4.1932318209809525,4.941997632757038,4.330114311818068,4.7566861781640375,2022 Q2,3.7994325,8.08520966290951,1.664494873796063,-0.6
NAIRU[100],4.569471745770856,4.5583733690331325,4.223819854882142,4.992031209512838,4.363259533721778,4.780258701941179,2022 Q3,3.5227551333333333,8.939550265436758,2.2890383109042123,0.8
NAIRU[101],4.5890445863204485,4.572518990951359,4.243278706842967,4.988483128991447,4.360012978719981,4.799125778228432,2022 Q4,3.4929186333333333,8.687509078839728,0.8659683527837192,0.2
NAIRU[102],4.617078985554083,4.608830395525398,4.3123592811326725,4.967297866294676,4.397088531772041,4.841695378786239,2023 Q1,3.6231456333333334,4.382547954002902,1.403161803111086,0.8
NAIRU[103],4.631154081972751,4.617150724222055,4.2909916057906266,4.993879943352106,4.3804964066391765,4.864442315738944,2023 Q2,3.6039779,6.271647386762602,1.1881353600079914,0.4
NAIRU[104],4.6607078975267555,4.655805538950318,4.332490438108431,5.083246348979513,4.431930154829024,4.897645711422097,2023 Q3,3.6488515666666665,1.3772214621226908,1.9178419331609464,2.9
NAIRU[105],4.670284172751516,4.646839378379539,4.315357676189138,5.0734309723604625,4.401453265333951,4.932592635963823,2023 Q4,3.899197733333333,0.5979091056057761,1.71765841244369,2.3
NAIRU[106],4.674274085808786,4.666386874941821,4.317886761768187,5.0330906979236,4.416695474464737,4.912390972400607,2024 Q1,3.9113048,1.0662705744040046,0.8384343365973823,0.8
NAIRU[107],4.680192752357784,4.655212554398747,4.3398626840181915,5.044626868670145,4.481449098913005,4.928521365298184,2024 Q2,4.039988866666667,0.9077218151117172,0.9399721796034766,0.7
NAIRU[108],4.71346733097527,4.68059879852397,4.388977170846263,5.07119362861778,4.5252415986047,4.932620290085961,2024 Q3,4.109908833333333,1.1333706509849328,1.1392950344753183,0
NAIRU[109],4.74672142096686,4.72611643256235,4.407061193281016,5.11992190565681,4.529443910656447,4.983883242146597,2024 Q4,4.008619466666667,0.4460973940624946,1.6971057276952473,1.9
NAIRU[110],4.7782983737314915,4.758443481366411,4.428395496865626,5.127019811853463,4.563023345744653,5.009741230333073,2025 Q1,4.094575966666667,3.2056416116116537,1.2430773801046624,1.2
NAIRU[111],4.806247595891758,4.784776631614786,4.43251221117974,5.171765963789633,4.590674513990073,5.059926074722655,2025 Q2,4.157974933333334,2.967576814611661,0.6363379164154859,1.4
NAIRU[112],4.840374434707012,4.819125953050827,4.482399955737074,5.22513684563497,4.599374101627044,5.0840789092954,2025 Q3,4.3060484,2.0818595756032288,1.2068786462299586,1.3
NAIRU[113],4.847319191157546,4.828184974600719,4.4986705691310735,5.25440174374711,4.606396018715812,5.130035524206076,2025 Q4,4.2573268,1.326474865848315,0.5519293141781789,0.4
NAIRU[114],4.873409998309365,4.873577666373711,4.5008618187776275,5.284597539238861,4.611879299321585,5.1021735522550316,2026 Q1,4.223809066666667,-2.2256111517823918,0.9852231720965277,0.2
NAIRU[115],4.900688140720972,4.902608678489035,4.522429641799569,5.347069346513782,4.631639147198019,5.119940812721191,2026 Q2,4.434078,-3.571808260207998,1.1265584160728648,1.3
NAIRU[116],4.916433512158937,4.940531960435435,4.5296860911347245,5.424237191628583,4.628361166628625,5.17186225800086,2026 Q3,4.4618247,-3.571808260207998,1.1265584160728648,1.3
NAIRU[117],4.919186075491223,4.920714107092849,4.483732872573281,5.343767522771661,4.637337536546134,5.199236764954027,2026 Q4,4.4618247,-3.571808260207998,1.1265584160728648,1.3
NAIRU[118],4.918076413292043,4.915322577792779,4.491316634641148,5.396633898104908,4.6264771851446636,5.182090366237796,2027 Q1,4.4618247,-3.571808260207998,1.1265584160728648,1.3
NAIRU[119],4.919487040221081,4.895792812502821,4.453555232814326,5.396793570622404,4.63466206877514,5.232566991817061,2027 Q2,4.4618247,-3.571808260207998,0.7595574372320958,0.9012270200969176
