variable,mean,median,lowera,uppera,lowerb,upperb,date,LUR,dl4pmcg,DLWPI_EST
NAIRU[1],5.833632968783728,5.829142432831504,5.565982243746012,6.124012599815137,5.652911921145897,6.005392587431771,1997 Q4,7.977187499999999,6.3871470386661855,0.8968669982760247
NAIRU[2],5.904450296903677,5.905135925318427,5.608181832543269,6.222769988675048,5.697130341165662,6.1190640903880835,1998 Q1,7.840956133333333,8.205906323515144,0.8888947417245774
NAIRU[3],5.978853196559288,5.9705652095204655,5.677030235642735,6.3318852809223065,5.756278400756854,6.1886212060870704,1998 Q2,7.733828733333333,10.244080555449209,0.7347571630394789
NAIRU[4],6.051330545900687,6.039362623712785,5.731276587736837,6.419593223226769,5.83200222925668,6.265062748437064,1998 Q3,7.7882881,11.102625319350423,0.729397836255341
NAIRU[5],6.105718462501061,6.112664548310213,5.7601827401917305,6.443247116734717,5.880438549272953,6.32334284694372,1998 Q4,7.3748021,6.51638942498538,0.7241161256559714
NAIRU[6],6.144041017363393,6.120889831566552,5.79941625995296,6.528451238907394,5.918433399896863,6.36569100766298,1999 Q1,7.082459,3.2587647998844282,0.862074304390692
NAIRU[7],6.186934399000377,6.200271858493962,5.804031858276805,6.592156168064433,5.947626708445412,6.3942315275784765,1999 Q2,6.886110866666667,-1.1469027348764982,0.712761392423289
NAIRU[8],6.224844811324625,6.240419263634635,5.803389656599483,6.595090146582953,5.977154189842161,6.473574096793179,1999 Q3,6.874404833333333,-5.666003356549165,0.7077170374084396
NAIRU[9],6.290102762758518,6.289522686109014,5.899987703934085,6.71339445717076,6.074805295980507,6.511915631395826,1999 Q4,6.6339581333333335,-3.9118416595471217,0.7027435807457572
NAIRU[10],6.328372221509285,6.324047034510572,5.970769746350903,6.738396121325417,6.087361893619501,6.572898157469353,2000 Q1,6.650502033333333,-2.0131970951924316,0.5586606708638975
NAIRU[11],6.387110260114179,6.398338424781106,5.997580595918842,6.7953012718289685,6.136497732573515,6.6288293745708415,2000 Q2,6.3020701,4.170891253848286,0.9702085806450711
NAIRU[12],6.41870803220939,6.426895993882049,6.005896059820283,6.789388699835052,6.1765250899520145,6.6820100843552535,2000 Q3,5.989740533333333,5.919918008416758,0.82418048951034
NAIRU[13],6.431209112140815,6.426731864722302,6.022711344376636,6.838078339104872,6.183362992199101,6.68435275667091,2000 Q4,6.172109266666666,8.981477240732882,0.9530364850694362
NAIRU[14],6.438736094496589,6.41652918356334,6.06127539485936,6.836422276056542,6.190837105300216,6.704041732354566,2001 Q1,6.366243933333333,8.228463259096674,0.944039377908723
NAIRU[15],6.42390409620522,6.4195403244622185,6.022856213505025,6.831374505045308,6.170644348933492,6.671033862773574,2001 Q2,6.869537533333333,8.246203732647572,0.9352105570280322
NAIRU[16],6.385395686286357,6.365279754919752,5.971606741842642,6.812646597619594,6.153702276803145,6.648762282514413,2001 Q3,6.867782666666667,5.66886876816568,0.6626929487609345
NAIRU[17],6.348212096286812,6.3419035929479755,5.905115251567173,6.766091739409881,6.094670439865892,6.599393660103469,2001 Q4,6.979481766666667,2.8755974987303645,0.7894777847007539
NAIRU[18],6.31441662108157,6.316828800253338,5.891444363631242,6.751036938362202,6.029527992270726,6.540856395846191,2002 Q1,6.6275595,1.9355442952956103,0.7832938221187469
NAIRU[19],6.2500086378003905,6.265664423169696,5.857303906476089,6.661575711443952,6.000528028021794,6.483447503530096,2002 Q2,6.404725666666667,-4.324132417319415,0.7772059847702906
NAIRU[20],6.1962793712135635,6.192725470683689,5.834385443082585,6.6102847520178445,5.952232099134469,6.481533518291631,2002 Q3,6.280471133333333,-2.753210339020118,0.8991711191963958
NAIRU[21],6.124842413672127,6.131849933176828,5.763379264265264,6.523900705020878,5.88053564186312,6.370279067729407,2002 Q4,6.157816866666667,-4.345011692652445,0.8911580300563493
NAIRU[22],6.073701829176172,6.077213227566551,5.689610362377016,6.453286582614231,5.8548190162734075,6.310230439968935,2003 Q1,6.056286166666666,-4.659608729443221,1.0088357944340487
NAIRU[23],5.978180811113786,5.957917239765058,5.649991523707208,6.360118277034726,5.762598962262866,6.228606655123621,2003 Q2,6.051211533333333,-5.552309049921789,0.7500035156546403
NAIRU[24],5.891048533967416,5.883649609795137,5.506663149172901,6.269004527619641,5.6661494824496526,6.103971578334237,2003 Q3,5.9071963,-8.031641781620547,0.8679533719723409
NAIRU[25],5.824432741633949,5.8107571464977985,5.469606837062479,6.219403078450622,5.613236255903055,6.042622505698449,2003 Q4,5.708952,-10.389959501815138,0.9828088936262525
NAIRU[26],5.757904201886812,5.7432010970739675,5.459577137624659,6.161421996235555,5.55417703524117,5.976280509094878,2004 Q1,5.5373783,-11.98772772594987,0.8521049731933239
NAIRU[27],5.694495555604617,5.68216434428162,5.365365048004831,6.075128848130409,5.482392155182034,5.931367419054108,2004 Q2,5.435813933333333,-6.52308022313326,0.8449054486527885
NAIRU[28],5.630340043940268,5.6164478080562095,5.285371759560492,5.963453339551667,5.4014370872548385,5.85374500994566,2004 Q3,5.479516333333334,-2.613938820303563,0.8378265645998084
NAIRU[29],5.576401883084094,5.559037964946785,5.227361168212588,5.926264917695718,5.364264150328065,5.807936082002561,2004 Q4,5.117552766666667,-2.0277192439150937,1.0669929324696348
NAIRU[30],5.530818943907353,5.51482479796659,5.154462553939628,5.881141056343088,5.312383352195014,5.757435975521336,2005 Q1,5.106783733333334,-0.5676458004804985,1.0557282805876866
NAIRU[31],5.483402991897411,5.4757527472799445,5.076046547030996,5.826820533690788,5.272906976617193,5.701214990594733,2005 Q2,5.0571962,-2.6194201090823377,1.0446989964655096
NAIRU[32],5.430380229574588,5.424392179726672,5.0675707892926525,5.7946787486057305,5.190652517300398,5.659373109397349,2005 Q3,4.958602733333334,-2.6841037524811817,0.9195467093100262
NAIRU[33],5.377132434124404,5.392036766445891,5.03109065527701,5.730319383291406,5.169655251002929,5.585634923922528,2005 Q4,5.007952566666667,-1.0294896726862568,0.9111680351256091
NAIRU[34],5.352414577811018,5.35112598325531,4.998044793811424,5.739828933604712,5.136642043425194,5.548956099482291,2006 Q1,5.044254333333333,1.1320875624481808,1.1274076573218217
NAIRU[35],5.332641884021033,5.342029977494587,4.9875479515210115,5.67370328762955,5.13265562767016,5.541577141418651,2006 Q2,4.857371833333333,1.2246973609973288,1.0039125028328044
NAIRU[36],5.300346975626446,5.2947306647237244,4.950373236076297,5.633566242485866,5.097748982438441,5.524270190192455,2006 Q3,4.678365866666667,-0.7532992307544895,0.9939341902557963
NAIRU[37],5.289110969814573,5.286699856504086,4.930833725484168,5.695377115342086,5.025110708940935,5.517218643315787,2006 Q4,4.515483166666667,-1.5166167471410752,1.0929070532190721
NAIRU[38],5.255151866887731,5.2463730797663715,4.888847491666465,5.640370812897946,4.9996609969340735,5.477681776828676,2007 Q1,4.549238466666667,-2.2771382412477337,0.8658062743114314
NAIRU[39],5.223725811763032,5.234991367332183,4.846457489748724,5.567070708555397,4.997536966171586,5.454084716544297,2007 Q2,4.3249484,-4.011999378942566,1.071821622002389
NAIRU[40],5.220022198500517,5.222622116996372,4.834777858602239,5.582079494493679,5.002679942802557,5.43202168998822,2007 Q3,4.2552332999999996,-4.050698427981736,1.1658849603703558
NAIRU[41],5.166725101708502,5.172364460639163,4.78754012687778,5.5222470883548285,4.947910621671761,5.387141595970742,2007 Q4,4.353817833333333,-4.293342290860114,0.7349114441473681
NAIRU[42],5.1204257780468865,5.12866199444948,4.774911901374363,5.4938421731875735,4.884028028819032,5.3441700718591205,2008 Q1,4.086222633333334,-2.8225718064629035,1.0405921161116716
NAIRU[43],5.06730336511586,5.067596871574663,4.6819516188341455,5.417685355964358,4.860210451165198,5.302426434056064,2008 Q2,4.258564,-2.366974408590483,1.1322817830264675
NAIRU[44],5.039759775707618,5.038349938786245,4.615492700849227,5.393614711337858,4.831082367294851,5.269447745112381,2008 Q3,4.1850008333333335,0.5888142625222414,1.2207679579929298
NAIRU[45],4.9751510070830225,4.976866072169411,4.530415532857481,5.298422209563306,4.776377851620209,5.219688711381054,2008 Q4,4.441033366666667,15.997331929834147,0.8056438339125727
NAIRU[46],4.936283896037175,4.955397144616441,4.516832018095174,5.270549977071142,4.712677090181978,5.155752051933491,2009 Q1,5.3073573666666665,17.60498742460772,0.8986580697846414
NAIRU[47],4.923794416524852,4.930562627973938,4.522867469106631,5.246724257709548,4.700569502667014,5.129983225354063,2009 Q2,5.729036,12.903025974373161,0.7920833491444235
NAIRU[48],4.892770299909028,4.913573401324726,4.473012952485945,5.251716881733258,4.6614547722773585,5.094057501353947,2009 Q3,5.683215466666667,6.166011635755986,0.39370129593390146
NAIRU[49],4.878341549448152,4.894729345947407,4.483864882544814,5.234519526745198,4.631708365042925,5.08124505911054,2009 Q4,5.5578409,-12.760168444084918,0.782782862024689
NAIRU[50],4.89561172635866,4.914565814400031,4.479818500162508,5.267178890912967,4.634131339077097,5.1191900809407835,2010 Q1,5.3289932,-14.112877009846336,0.9699397088713368
NAIRU[51],4.870046079446364,4.883504984533483,4.483739008092957,5.22298228354571,4.594180863370653,5.096208451840737,2010 Q2,5.290939833333333,-7.654007712233479,0.7692345623156349
NAIRU[52],4.840676814912294,4.850343602715082,4.428677920094035,5.174214113084382,4.601396195020994,5.075629874395471,2010 Q3,5.124916533333333,-3.0829158019901826,1.048127746758265
NAIRU[53],4.820248433173843,4.830685234327564,4.422889142147706,5.147756105913852,4.597377809743854,5.0541385923482,2010 Q4,5.090326233333333,-2.3438572972017013,1.037255881562249
NAIRU[54],4.800673656760287,4.826795168379462,4.423274763988484,5.115614185567062,4.5664351529411595,5.010073655268167,2011 Q1,4.9672569,-4.185525773661247,0.9337135995940216
NAIRU[55],4.789027736788241,4.786438779628115,4.381691718435467,5.112425112473104,4.577368386888959,5.026729959769693,2011 Q2,4.9632171666666665,-5.84962066816086,0.740744127786197
NAIRU[56],4.775076954258136,4.775787607720576,4.361104693386754,5.131980700502968,4.561284106815756,4.99820158962495,2011 Q3,5.194893633333333,-5.760499194271507,0.8268306176947071
NAIRU[57],4.765475019470104,4.777014125428192,4.388836331912691,5.086119226601661,4.548258849310105,4.995483389922837,2011 Q4,5.2052778,0,1.001373866050237
NAIRU[58],4.7482154888481976,4.761587098375814,4.382109163008898,5.099383101682708,4.515078699525113,4.977204924380402,2012 Q1,5.1409404,-2.2111453607431386,0.9914457057178083
NAIRU[59],4.75017733426886,4.7547401302318315,4.355066361083664,5.117877453222984,4.477911911006558,5.018749129054686,2012 Q2,5.1192635,1.197619104671599,0.892863074430128
NAIRU[60],4.746736040123693,4.753345310122603,4.319999443433006,5.110986578459924,4.478102080446218,5.008603823560675,2012 Q3,5.2759066,0,0.7085946389485898
NAIRU[61],4.730850370987087,4.741757419717303,4.352779893442916,5.108646117708697,4.484952358453712,4.972060783112738,2012 Q4,5.366588366666667,-1.996074256253788,0.7912129187949368
NAIRU[62],4.706423465425427,4.723405108314281,4.310653521658867,5.0670048333696345,4.44133007569319,4.96115553027262,2013 Q1,5.474768766666667,0.708863727773501,0.6980831141340182
NAIRU[63],4.6887656033154554,4.691062239167685,4.2795248658322205,5.084346164492516,4.408601441713536,4.9646854745441145,2013 Q2,5.6312682999999994,-0.5970166986504211,0.6932436775644923
NAIRU[64],4.639777412175165,4.639533221524337,4.215750838714795,5.011444272263352,4.384048976312874,4.931256770283,2013 Q3,5.7286164,5.475463371835865,0.5167970158442614
NAIRU[65],4.6055917544039175,4.59896147893885,4.135459932374939,5.023913246159032,4.333429618539532,4.902241336127236,2013 Q4,5.840081433333333,4.629088381435409,0.6849341845574841
NAIRU[66],4.570622729089273,4.560821842140074,4.081978278061593,4.985235371202918,4.309217188384395,4.86408397657929,2014 Q1,5.8995707,7.669939312596341,0.7649846060403753
NAIRU[67],4.526605330229903,4.502121866720943,4.0561675190896525,4.935541485480521,4.239272926433433,4.848393923307641,2014 Q2,5.927679333333333,4.964523048916547,0.5067578412305984
NAIRU[68],4.467390998136211,4.454135583882014,4.013899577055216,4.9423079518466695,4.1777710355915625,4.780695771520202,2014 Q3,6.169539133333333,-0.19047624806542984,0.5879899342879469
NAIRU[69],4.402864568270571,4.416305348465443,3.972719633650206,4.831291867031779,4.113565033145973,4.718001777758534,2014 Q4,6.253391966666666,3.8702329019038473,0.5845528127435884
NAIRU[70],4.340044880635729,4.3413316113311815,3.8930094248829024,4.802401611877914,4.047559608110527,4.625713693653251,2015 Q1,6.202812866666666,4.923510299768541,0.581155641477693
NAIRU[71],4.290696032130161,4.294245624331399,3.8207343069388258,4.740271493718492,3.9980681705791983,4.5813650694147094,2015 Q2,6.017128733333333,6.346957394866681,0.4954593124683271
NAIRU[72],4.229835196960472,4.2468723264418395,3.7709544285775833,4.67055959856262,3.91792657100055,4.487852922439488,2015 Q3,6.178474766666667,9.97202349434545,0.5749502491260827
NAIRU[73],4.1803231229542215,4.21187729681634,3.75428352236691,4.619821697127362,3.8918860724630684,4.421374620710364,2015 Q4,5.834532633333334,8.430710645999362,0.49019706002066954
NAIRU[74],4.140385962228537,4.157357238051979,3.7223160860713747,4.549661107192742,3.8823912464842216,4.3955002118428315,2016 Q1,5.796395033333333,3.9254931018431805,0.4878058453432921
NAIRU[75],4.1230973586871515,4.112571769552309,3.724797083979644,4.534871398061521,3.870841413242946,4.391487615677161,2016 Q2,5.6874937,2.2037031046728828,0.48543784647980814
NAIRU[76],4.093082015056767,4.102140375946882,3.70622076508171,4.484228381260028,3.8331839025463146,4.371713633968648,2016 Q3,5.6576064666666666,-2.092491342424818,0.40273916699824497
NAIRU[77],4.077918955729286,4.073071715083204,3.6762760235245886,4.464756434468004,3.814815011549013,4.361692084222793,2016 Q4,5.733405633333334,-4.082199452025481,0.4811556997222688
NAIRU[78],4.071098652497329,4.085146046213269,3.659295710634786,4.462496563672429,3.7932252733106777,4.329187015616898,2017 Q1,5.807673066666666,-3.3046485355948008,0.5584378293900016
NAIRU[79],4.062509007452592,4.090349314508709,3.65447507076684,4.412893676105585,3.7931556533368176,4.31602045859216,2017 Q2,5.593200266666667,-0.9636517848274018,0.4761913760243708
NAIRU[80],4.059609016455724,4.078926662911465,3.619663883903279,4.4366794870322215,3.8005180009756696,4.301705869604379,2017 Q3,5.532623233333333,-1.5986130846302515,0.4739345363896419
NAIRU[81],4.049366107523791,4.061947012098823,3.638778895435148,4.4270591596375315,3.772583600339795,4.304850324241451,2017 Q4,5.491421833333333,-0.44424773195608225,0.5500996190347607
NAIRU[82],4.0194529751975825,4.021128407734141,3.5855220700495596,4.390028192739709,3.748975230181207,4.259045773124363,2018 Q1,5.545387633333333,-0.5319161477600254,0.46911735758801143
NAIRU[83],3.995465092427576,3.9992090019231563,3.6110235162658286,4.3566922673853785,3.7448943597025157,4.250560834357687,2018 Q2,5.441253533333334,0.4391750580978737,0.6220859875102569
NAIRU[84],3.9723198155339166,3.9927119101693296,3.552006473686297,4.31353014426369,3.71309080233711,4.208733929297029,2018 Q3,5.1852937,3.5183928124475905,0.6182399908317926
NAIRU[85],3.9634830891023607,3.9757262706018053,3.5351387595761836,4.308111416184345,3.7166540409559077,4.201654098914552,2018 Q4,5.042751866666666,3.4999197780220648,0.5378422492758439
NAIRU[86],3.94844988577978,3.9752158581164228,3.5369642785492585,4.306792135021439,3.6896111982476123,4.182662596694675,2019 Q1,5.0437186333333335,3.2359622773336483,0.5349649747239837
NAIRU[87],3.9392299303949945,3.9568889833862917,3.547358201666261,4.26379682501595,3.690036276929428,4.1575828576320655,2019 Q2,5.2255074,2.851165052596638,0.6079046076382433
NAIRU[88],3.943351806945066,3.9720073096163504,3.559963452809307,4.303850403827573,3.6466619472595845,4.185757988244743,2019 Q3,5.252756266666666,2.3068088250274066,0.5289018751791552
NAIRU[89],3.9546014681115826,3.9676144077851143,3.555494814325101,4.3084235152237635,3.707490525214803,4.188230586750504,2019 Q4,5.171337833333333,2.1268347403926136,0.5261192143361626
NAIRU[90],3.991101431138625,3.9905997572792105,3.58243788358559,4.362226781889687,3.738562081460584,4.224033534447079,2020 Q1,5.186909333333333,2.4650631943442747,0.5233656806108655
NAIRU[91],4.044213586758014,4.057988330258529,3.6538474652788406,4.410307405942664,3.771688847229654,4.280933293006023,2020 Q2,6.9056799,3.843413733926049,0.2234637801416639
NAIRU[92],4.078671468732427,4.089584830888146,3.6430843008592744,4.438447917741877,3.84913464223001,4.322802162932748,2020 Q3,7.050215966666666,-0.9333966790475046,0.07437709528446135
NAIRU[93],4.1062080806955645,4.1052218747482065,3.6856626061857685,4.47126301201975,3.8725312461695065,4.368802248493276,2020 Q4,6.7729957,-2.2989518224698635,0.5190964566970102
NAIRU[94],4.136640487012579,4.151694381940288,3.7495850336590753,4.509379435304918,3.907401360894386,4.376570752461371,2021 Q1,5.932969166666667,-4.464260590811708,0.6634746048556295
NAIRU[95],4.150408987172251,4.1520990805992,3.7545282178993986,4.535322291011829,3.904504916844793,4.386519066511104,2021 Q2,5.2007346,-6.782259633876109,0.5130095531030499
NAIRU[96],4.149399615210574,4.161534773902282,3.7818807679902657,4.535954575898946,3.9149373528740976,4.34907144127177,2021 Q3,4.664694133333334,1.1864545956192352,0.5103911918175719
NAIRU[97],4.18750403371237,4.192190299660008,3.854712684118046,4.51722424293383,3.973287493589101,4.389812715073389,2021 Q4,4.6930859,5.202515398928043,0.6524126076943304
NAIRU[98],4.22071923785912,4.238310289489099,3.92167307129053,4.557674567361004,4.003220498409365,4.420321396073072,2022 Q1,4.0610144,9.299286684916463,0.6481837602190232
NAIRU[99],4.255182265391935,4.264826888867971,3.9364073211746486,4.549316439065455,4.044003868429575,4.445534880420983,2022 Q2,3.7994325,8.08520966290951,0.7865610805951384
NAIRU[100],4.331866001259927,4.340881058622344,4.0311435614086,4.7001167255687175,4.132959255446544,4.516356194459428,2022 Q3,3.5227551333333333,8.939550265436758,0.9922122506315745
NAIRU[101],4.373173471258232,4.375578291581129,4.05079368191576,4.668823020657456,4.183734004183254,4.560350375527251,2022 Q4,3.4929186333333333,8.687509078839728,0.8427016161880019
NAIRU[102],4.436033755363711,4.432548437624131,4.145512840164772,4.755327531259278,4.244380080078031,4.626529093832612,2023 Q1,3.6231456333333334,4.382547954002902,0.9742596198819342
NAIRU[103],4.418694940931527,4.425488963311424,4.115599645643779,4.730196848343689,4.238614255845076,4.5966681965432725,2023 Q2,3.6039779,6.271647386762602,0.827590930385913
NAIRU[104],4.433060702833506,4.436949845812652,4.146696655091853,4.7304384866136635,4.231433100320387,4.628449881093884,2023 Q3,3.6488515666666665,1.3772214621226908,1.2965040017289375
NAIRU[105],4.4533930005091396,4.458996281934144,4.150382300625078,4.729954223467629,4.2434651171290465,4.630793853344799,2023 Q4,3.899197733333333,0.5979091056057761,1.0789045990818202
NAIRU[106],4.428744133805122,4.440831988897073,4.121848699374055,4.711599194516916,4.234399445196843,4.617196491555018,2024 Q1,3.9113048,1.0662705744040046,0.7350517559340908
NAIRU[107],4.434055633190618,4.439649114283254,4.148163091098032,4.697579393609472,4.238963552311568,4.615005973087409,2024 Q2,4.039988866666667,0.9077218151117172,0.8617885619389476
NAIRU[108],4.478386415636805,4.4822627608365515,4.178244731235701,4.770297564655566,4.295611952082622,4.665297024160012,2024 Q3,4.109908833333333,1.1333706509849328,0.8544251782996781
NAIRU[109],4.490369516438413,4.496229552966335,4.215283404091574,4.739402681043823,4.318914703009911,4.665949377308401,2024 Q4,4.008619466666667,0.4460973940624946,0.717316411241331
NAIRU[110],4.52341462207597,4.518154504353632,4.23759514117313,4.822925154206065,4.341996852882288,4.708973929673617,2025 Q1,4.094575966666667,3.2056416116116537,0.9699397088713368
NAIRU[111],4.549061423139889,4.553460779408169,4.26447002420637,4.871082781612888,4.3571061503463095,4.739306291851945,2025 Q2,4.157974933333334,2.967576814611661,0.8330711428428117
NAIRU[112],4.5800190570982595,4.573890756329455,4.290993501943296,4.888014466304037,4.403408358267747,4.774580711129074,2025 Q3,4.3060484,2.0818595756032288,0.7628771899621078
NAIRU[113],4.605357437528558,4.595273433382097,4.329216877821965,4.931617575595856,4.412879856795295,4.788226043219702,2025 Q4,4.2573268,1.326474865848315,0.8199352148686501
NAIRU[114],4.61253105996217,4.607318464179294,4.31276494641309,4.931425159571472,4.418414943366033,4.807623356056116,2026 Q1,4.223809066666667,-2.2256111517823918,0.7509422022131673
NAIRU[115],4.642820612022937,4.638697651861602,4.352299644057804,4.9838018623255795,4.4467791963047265,4.849262897698948,2026 Q2,4.434078,-3.571808260207998,0.8072071150646565
NAIRU[116],4.658521433289113,4.66099942815537,4.377347984871257,4.993092454148215,4.454994686909323,4.859689177396928,2026 Q3,4.4618247,-3.571808260207998,0.8072071150646565
NAIRU[117],4.656603411275255,4.658049721512457,4.330159143977123,5.0400645746816854,4.473130873589748,4.829049352609801,2026 Q4,4.4618247,-3.571808260207998,0.8072071150646565
NAIRU[118],4.65617100437789,4.648076459333526,4.317106582208354,5.00346763886726,4.451458841930389,4.851301732640588,2027 Q1,4.4618247,-3.571808260207998,0.8072071150646565
NAIRU[119],4.658331402325313,4.66942008333124,4.279841475808465,5.000624293676552,4.394045276755441,4.900101226753399,2027 Q2,4.4618247,-3.571808260207998,0.8048034901698115
