variable,mean,median,lowera,uppera,lowerb,upperb,date,LUR,dl4pmcg,DLNULC_EST
NAIRU[1],5.787008891776364,5.772555087778211,5.412994770443597,6.200242264346622,5.544495226127317,6.0338643807801695,1997 Q4,7.977187499999999,6.3871470386661855,-0.32936986563028015
NAIRU[2],5.888563852365956,5.889832358878673,5.478829940296384,6.342812559420279,5.611561184032393,6.176262954992604,1998 Q1,7.840956133333333,8.205906323515144,0.39627248451481467
NAIRU[3],5.996759245150963,6.006409266021446,5.53105279518263,6.483452306653902,5.690049299422907,6.277601493895785,1998 Q2,7.733828733333333,10.244080555449209,0.4713425082337741
NAIRU[4],6.108774846771973,6.097189354997125,5.654786075647667,6.584667427384231,5.810010576897921,6.442251913712962,1998 Q3,7.7882881,11.102625319350423,1.1498984420212688
NAIRU[5],6.184252943640277,6.160875361491351,5.7111433293044485,6.670050445200501,5.885241770689242,6.516818721920061,1998 Q4,7.3748021,6.51638942498538,-0.9077055783360155
NAIRU[6],6.252685718997499,6.251734509189054,5.79062571678519,6.817311823264657,5.92360917541443,6.599385764368605,1999 Q1,7.082459,3.2587647998844282,0.09455380317711093
NAIRU[7],6.306916534125706,6.307405043228838,5.77935957482715,6.8368248940658445,5.9714337132284445,6.627637958742378,1999 Q2,6.886110866666667,-1.1469027348764982,1.2125120189788507
NAIRU[8],6.358329689608582,6.3685181048234725,5.869519241372992,6.886099090651213,6.034079321341708,6.686674058350168,1999 Q3,6.874404833333333,-5.666003356549165,-0.7518715056077152
NAIRU[9],6.4428775374395,6.473295850051326,5.863019683771089,6.98168237169238,6.090588559121559,6.751391725261258,1999 Q4,6.6339581333333335,-3.9118416595471217,1.082920328052439
NAIRU[10],6.548225723489266,6.543276993487565,5.991073727602226,7.077818489439216,6.1504840447511775,6.922619821295406,2000 Q1,6.650502033333333,-2.0131970951924316,1.2756539266030043
NAIRU[11],6.626031849167575,6.566022146529825,5.992322719333811,7.236828018457573,6.255780408944818,7.012786389163297,2000 Q2,6.3020701,4.170891253848286,0.20956498186845973
NAIRU[12],6.669605653630425,6.634467157741809,6.08751464949984,7.27670465995221,6.2943599957762855,7.068735675438608,2000 Q3,5.989740533333333,5.919918008416758,1.6099331190101207
NAIRU[13],6.6480676485544015,6.623255560384141,6.02783013002905,7.277430812748648,6.3068687133801555,7.049171893519607,2000 Q4,6.172109266666666,8.981477240732882,1.7067092556067198
NAIRU[14],6.643052789132194,6.631078390775986,6.048511707339765,7.253701299011,6.300258120243702,7.0226087792263,2001 Q1,6.366243933333333,8.228463259096674,0.8748952221238282
NAIRU[15],6.592585123069349,6.593019280950202,6.02028235646861,7.098564507167972,6.213166682569874,6.9531862758511815,2001 Q2,6.869537533333333,8.246203732647572,0.4943078310464255
NAIRU[16],6.522217684812056,6.509951921979784,5.991526037123778,7.060603217294829,6.214210333714052,6.870910370698919,2001 Q3,6.867782666666667,5.66886876816568,-0.05041463721384698
NAIRU[17],6.438041422933348,6.454657754434225,5.884672364037669,6.97627644846449,6.118098680498263,6.738435615414887,2001 Q4,6.979481766666667,2.8755974987303645,-0.048602266831676566
NAIRU[18],6.344853623969925,6.343544536614739,5.852779621425831,6.828226191606379,6.020176398509263,6.655669718423676,2002 Q1,6.6275595,1.9355442952956103,0.4681272685548965
NAIRU[19],6.235574289948628,6.24237014880927,5.708478658367689,6.746664206240051,5.910732166781075,6.526382172353918,2002 Q2,6.404725666666667,-4.324132417319415,-0.1536349308730145
NAIRU[20],6.147096751128947,6.126666185857024,5.603816914771595,6.666799470828638,5.834771103413338,6.464187624693495,2002 Q3,6.280471133333333,-2.753210339020118,1.5304735988773022
NAIRU[21],6.057166914515476,6.050968097951252,5.507979165764361,6.576461565058164,5.725304510279578,6.382944080618331,2002 Q4,6.157816866666667,-4.345011692652445,-0.0031097987960748696
NAIRU[22],6.0188877865798744,6.013034609890444,5.526183907839801,6.5353227143326045,5.7039427930162905,6.331368863485477,2003 Q1,6.056286166666666,-4.659608729443221,1.5375356028862308
NAIRU[23],5.877892051122014,5.896489989860679,5.359042254307688,6.396256549829265,5.508526168323119,6.20027445869673,2003 Q2,6.051211533333333,-5.552309049921789,1.5366661127980796
NAIRU[24],5.754279239459621,5.766649727801777,5.171992910330568,6.235216443075856,5.395549174190298,6.0750281328258815,2003 Q3,5.9071963,-8.031641781620547,-0.5734931659679754
NAIRU[25],5.686698372879166,5.68200625692519,5.163248704082822,6.169982275964548,5.364601253753268,5.984314437682778,2003 Q4,5.708952,-10.389959501815138,0.09831130400757004
NAIRU[26],5.605965956524358,5.608635054024091,5.061595150624362,6.085226777267169,5.234373026997125,5.914905161096438,2004 Q1,5.5373783,-11.98772772594987,1.3651186454151087
NAIRU[27],5.533845446350157,5.5198372402733105,5.0301954647849065,6.081174989875188,5.201236588812931,5.887350997422062,2004 Q2,5.435813933333333,-6.52308022313326,0.7353415695427357
NAIRU[28],5.461136313819728,5.447588084194422,4.936266138302118,5.9744143953311895,5.130973972390562,5.797898675473243,2004 Q3,5.479516333333334,-2.613938820303563,1.4924280506167564
NAIRU[29],5.411327168641448,5.4061929811415546,4.890965448482566,5.920181696152009,5.077058880717604,5.74696926255776,2004 Q4,5.117552766666667,-2.0277192439150937,1.3543191794279874
NAIRU[30],5.348854670119121,5.33955590750299,4.879975534300557,5.784078372256232,5.048516966214291,5.652645412187184,2005 Q1,5.106783733333334,-0.5676458004804985,0.8760945391007802
NAIRU[31],5.320840968568062,5.323929859104737,4.823131069880773,5.832063416253268,5.021618124994182,5.598993752240635,2005 Q2,5.0571962,-2.6194201090823377,0.7337813341348864
NAIRU[32],5.282227206901386,5.2553975081399855,4.760420325551204,5.7913719826961705,4.964538411066431,5.591757768491213,2005 Q3,4.958602733333334,-2.6841037524811817,1.1570869815165752
NAIRU[33],5.233945960300271,5.255106224111476,4.694162723858699,5.767210988208678,4.893589603672309,5.556027578071638,2005 Q4,5.007952566666667,-1.0294896726862568,0.5731498987183947
NAIRU[34],5.271082768676121,5.286925559704811,4.739068937389068,5.7793711148607265,4.953848439807105,5.579162436199491,2006 Q1,5.044254333333333,1.1320875624481808,1.8606576038000977
NAIRU[35],5.276893389549934,5.284628174487174,4.78101974109366,5.800479053344209,4.955235779677612,5.54934922674973,2006 Q2,4.857371833333333,1.2246973609973288,1.2092527480498605
NAIRU[36],5.319157203978284,5.2971613005501865,4.848969663803245,5.836444450965389,5.03975693175402,5.627092132833583,2006 Q3,4.678365866666667,-0.7532992307544895,0.3393529137975415
NAIRU[37],5.430352478984099,5.409408843492055,4.89723170066219,6.005965786807544,5.142531254076451,5.776658915082871,2006 Q4,4.515483166666667,-1.5166167471410752,2.2110607132087123
NAIRU[38],5.475495860881339,5.458770295701431,4.971516702945144,6.064201120065367,5.1685301595304685,5.773180277932095,2007 Q1,4.549238466666667,-2.2771382412477337,1.0317689078977121
NAIRU[39],5.499177801526082,5.487854170389856,5.027537532912523,6.0039552375048935,5.18425650144224,5.809590852876341,2007 Q2,4.3249484,-4.011999378942566,1.89274835299027
NAIRU[40],5.443605268792091,5.4367034817966395,5.05748831840795,5.907342748700077,5.158412717187072,5.719615057448823,2007 Q3,4.2552332999999996,-4.050698427981736,0.619670524145266
NAIRU[41],5.40105562068463,5.380816130575985,5.0095427870654605,5.881134150596828,5.11169148739718,5.664027665167558,2007 Q4,4.353817833333333,-4.293342290860114,1.1772099500571453
NAIRU[42],5.287697333237998,5.2705128123181115,4.834575801382031,5.793772913916128,5.005826903091178,5.622865607746918,2008 Q1,4.086222633333334,-2.8225718064629035,0.8962772184476275
NAIRU[43],5.157726393249949,5.160082377057586,4.68341845481302,5.629969155727632,4.836059061562556,5.449776481104258,2008 Q2,4.258564,-2.366974408590483,2.224377920453935
NAIRU[44],5.065920382546572,5.063211597202322,4.528147134569387,5.553676633869567,4.754420523235725,5.387190254433118,2008 Q3,4.1850008333333335,0.5888142625222414,-0.07883360114251392
NAIRU[45],4.944838926997659,4.967909715629885,4.397458638013853,5.411533025284475,4.619136644137313,5.291843682992182,2008 Q4,4.441033366666667,15.997331929834147,0.7281508208120568
NAIRU[46],4.889335917653718,4.880618482178317,4.400370903846534,5.4251067294022475,4.522885114259429,5.257003270374244,2009 Q1,5.3073573666666665,17.60498742460772,-1.395508260385414
NAIRU[47],4.849960353070915,4.85212692385222,4.331735067637046,5.387811736814147,4.450024363572867,5.183937728419686,2009 Q2,5.729036,12.903025974373161,-0.8785116776917512
NAIRU[48],4.856945426387002,4.8506474363076695,4.350431989335297,5.369324419296573,4.522219629144787,5.177089919108821,2009 Q3,5.683215466666667,6.166011635755986,0.9872848862003014
NAIRU[49],4.842262878129921,4.850303707140268,4.288380152533299,5.376014059293637,4.5125771872287626,5.142585869750853,2009 Q4,5.5578409,-12.760168444084918,0.824607861511284
NAIRU[50],4.894267428912035,4.87218021821209,4.322712134191764,5.432917038097223,4.584879577743423,5.238313635915551,2010 Q1,5.3289932,-14.112877009846336,1.3461693814744935
NAIRU[51],4.872886262916333,4.892980873313314,4.293699524677813,5.445277925138108,4.495582667579918,5.204241331841613,2010 Q2,5.290939833333333,-7.654007712233479,2.0535648396790673
NAIRU[52],4.826314729708682,4.828126009046434,4.291728712417719,5.3583222983958505,4.45772438764506,5.17722388463349,2010 Q3,5.124916533333333,-3.0829158019901826,1.5066098398969219
NAIRU[53],4.762111951881749,4.784649396017944,4.1970031618659736,5.277751194927107,4.433582154741693,5.081179853345644,2010 Q4,5.090326233333333,-2.3438572972017013,1.3170247147473058
NAIRU[54],4.676459983889023,4.67062592038083,4.1713398455650434,5.175247415162602,4.36134270747273,5.017475357404202,2011 Q1,4.9672569,-4.185525773661247,2.2021026602847327
NAIRU[55],4.640325476485366,4.638146998068887,4.15019648811663,5.117363225856815,4.326958294060595,4.957208832156338,2011 Q2,4.9632171666666665,-5.84962066816086,0.51669155834837
NAIRU[56],4.581017535248294,4.577600642901103,4.098711064089636,5.084537142403334,4.260998640237626,4.87939025110128,2011 Q3,5.194893633333333,-5.760499194271507,0.3341312115294759
NAIRU[57],4.584604391299086,4.558393821786046,4.116380201370052,5.066895864673864,4.273632972218713,4.866876996327086,2011 Q4,5.2052778,0,-0.09984349031431083
NAIRU[58],4.589506577158615,4.57314555358789,4.1035410356039765,5.135998880729566,4.335969586146544,4.834017980683682,2012 Q1,5.1409404,-2.2111453607431386,1.204666304513613
NAIRU[59],4.611179699560753,4.613395567224813,4.129296043205137,5.082690856274285,4.3050560356880405,4.871656788068831,2012 Q2,5.1192635,1.197619104671599,0.02762798969178082
NAIRU[60],4.689235825343785,4.670024520989504,4.20799866171409,5.202656580285035,4.383288297882356,4.962547379804207,2012 Q3,5.2759066,0,-0.7813681038325138
NAIRU[61],4.802070003451237,4.780379841525349,4.304275656393808,5.355850925344242,4.517859122244297,5.103103876956788,2012 Q4,5.366588366666667,-1.996074256253788,0.8921989802700869
NAIRU[62],4.84385464797491,4.854125752019908,4.388590352451742,5.322301255953924,4.524274530943001,5.151599773910144,2013 Q1,5.474768766666667,0.708863727773501,-0.06299672614697993
NAIRU[63],4.868897784890473,4.877809804797794,4.363629875718387,5.360050288503313,4.579637493741605,5.186884418426351,2013 Q2,5.6312682999999994,-0.5970166986504211,0.57094725735507
NAIRU[64],4.871065292521546,4.867175195221422,4.370149069223025,5.362699028864463,4.543788580053841,5.19987464151218,2013 Q3,5.7286164,5.475463371835865,-0.12501707232566162
NAIRU[65],4.895632529647689,4.865535719462813,4.393507866176502,5.467324783340207,4.556636405205938,5.23358661490555,2013 Q4,5.840081433333333,4.629088381435409,0.5724652268577657
NAIRU[66],4.877573657501609,4.8602334019488715,4.387467893317116,5.444035795256341,4.543457414735203,5.257331039740183,2014 Q1,5.8995707,7.669939312596341,-0.0951952738460271
NAIRU[67],4.866498119215934,4.836092763446834,4.350228649674277,5.473352270648455,4.518983438958201,5.258294846863889,2014 Q2,5.927679333333333,4.964523048916547,0.3792000145289576
NAIRU[68],4.797169672494781,4.786125221879846,4.2206925710493985,5.344315031104766,4.458121022358705,5.151093790553624,2014 Q3,6.169539133333333,-0.19047624806542984,0.3449481918176289
NAIRU[69],4.7762393002534,4.765776472815645,4.226781453269321,5.337023262277894,4.403497051133164,5.157634715788202,2014 Q4,6.253391966666666,3.8702329019038473,0.09435676816980099
NAIRU[70],4.694274724098856,4.73502542480867,4.135267297806753,5.174891211226829,4.308157271028483,5.033500798468812,2015 Q1,6.202812866666666,4.923510299768541,-0.6054727796827697
NAIRU[71],4.654839669079636,4.688829664922969,4.037260170105,5.202681516599096,4.299684066148029,4.99500491897775,2015 Q2,6.017128733333333,6.346957394866681,0.921017063522811
NAIRU[72],4.563603452193152,4.5878981943421095,3.9391777667374717,5.072310738466448,4.234018251739698,4.894873318735748,2015 Q3,6.178474766666667,9.97202349434545,-0.0474247808211814
NAIRU[73],4.526557212893036,4.535385019306132,3.926160367094102,5.064990580849706,4.214180384365491,4.871992223706078,2015 Q4,5.834532633333334,8.430710645999362,0.16932170111643163
NAIRU[74],4.459422290654552,4.453055385159782,3.916668132294234,5.053354212908614,4.1272997120144375,4.799073686053994,2016 Q1,5.796395033333333,3.9254931018431805,0.08576164119036278
NAIRU[75],4.463948844800683,4.507940322085657,3.918040116132601,4.9189486107256135,4.144559858940846,4.786736912819344,2016 Q2,5.6874937,2.2037031046728828,-0.41473420799336136
NAIRU[76],4.439029429170813,4.4667369162769095,3.9241286932436634,4.937195822133368,4.139042838406427,4.7685066130044556,2016 Q3,5.6576064666666666,-2.092491342424818,1.032987357647741
NAIRU[77],4.430375544886615,4.439336549229848,3.9129113554614356,4.992141149166213,4.118231490453337,4.716346387305886,2016 Q4,5.733405633333334,-4.082199452025481,-1.4358968261291682
NAIRU[78],4.449515609637342,4.4675675381054045,3.9584795361842455,4.939054371148563,4.156048770736356,4.735614340425794,2017 Q1,5.807673066666666,-3.3046485355948008,0.65505194109019
NAIRU[79],4.466132386075897,4.483997336143505,4.0068704911203135,4.968812289439865,4.165923366293841,4.7770176535767,2017 Q2,5.593200266666667,-0.9636517848274018,0.7715482733078094
NAIRU[80],4.46754329885643,4.474270696618703,3.9782903130626392,4.963299309435579,4.171952982111748,4.753336841744981,2017 Q3,5.532623233333333,-1.5986130846302515,0.22415972107063808
NAIRU[81],4.477642763728294,4.480736607597076,4.0251091178439875,4.981334468939189,4.168094121290731,4.747881860821226,2017 Q4,5.491421833333333,-0.44424773195608225,1.2529799446320822
NAIRU[82],4.456850546149993,4.476726772295719,3.865466932363004,4.964672319080375,4.136264974763523,4.800524740866505,2018 Q1,5.545387633333333,-0.5319161477600254,0.10562149374226948
NAIRU[83],4.405930762364758,4.413888345794266,3.902811924409011,4.926819540128465,4.080060092833399,4.724714944144818,2018 Q2,5.441253533333334,0.4391750580978737,0.20151971088024911
NAIRU[84],4.405078811480469,4.430631757559823,3.8169946912332327,4.933012293357479,4.078157488575696,4.738829536196199,2018 Q3,5.1852937,3.5183928124475905,0.876674490265994
NAIRU[85],4.391926256140821,4.41854802413937,3.825441262006731,4.920416183338933,4.052224449865308,4.7476952281516,2018 Q4,5.042751866666666,3.4999197780220648,1.1043132949061452
NAIRU[86],4.376460655449298,4.396445158977517,3.792515215607991,4.870479726319814,3.992693673305264,4.726204157886588,2019 Q1,5.0437186333333335,3.2359622773336483,0.7031411161410817
NAIRU[87],4.359878366358799,4.401142415504277,3.7632995749711773,4.888851679297273,3.992514795910566,4.686485305772353,2019 Q2,5.2255074,2.851165052596638,1.1218512220970478
NAIRU[88],4.381181190696897,4.416910762528055,3.7979513662615796,4.8858092014710595,4.060781654175996,4.690114437709499,2019 Q3,5.252756266666666,2.3068088250274066,0.411179528036143
NAIRU[89],4.415533369488654,4.456146994544543,3.799404994782375,4.9271213567759276,4.0768515648640715,4.727361897321346,2019 Q4,5.171337833333333,2.1268347403926136,0.7773673554610228
NAIRU[90],4.510977207397653,4.513014228559186,3.983164224996674,5.019808948252061,4.207886329629969,4.838446339903781,2020 Q1,5.186909333333333,2.4650631943442747,0.9265624467023725
NAIRU[91],4.54631076383801,4.584077636028663,3.9815291796465093,5.052891828299808,4.210546380997464,4.872842462746094,2020 Q2,6.9056799,3.843413733926049,5.0727669920073275
NAIRU[92],4.566780639635631,4.5877778215925265,4.002034373134881,5.08479095725727,4.196321105444226,4.875935317580309,2020 Q3,7.050215966666666,-0.9333966790475046,-1.1839551972131268
NAIRU[93],4.584463943397823,4.619035202121289,3.9360799448051194,5.1165030977710515,4.210599904914483,4.913789163192013,2020 Q4,6.7729957,-2.2989518224698635,-1.5044403848114563
NAIRU[94],4.595336603258653,4.6065929825122804,4.004634623393086,5.140000473869702,4.259264337366926,4.932802944783202,2021 Q1,5.932969166666667,-4.464260590811708,-0.10369113217154613
NAIRU[95],4.63080748242403,4.644972903729686,4.0427002686761,5.23198734962526,4.288763798932306,4.976662523565433,2021 Q2,5.2007346,-6.782259633876109,1.016853518783456
NAIRU[96],4.641720336176635,4.634116606941982,4.1234066370549005,5.213671270290017,4.301078890023664,4.979893143990269,2021 Q3,4.664694133333334,1.1864545956192352,2.4737112804426364
NAIRU[97],4.6224054711751945,4.609121008171331,4.052009397171524,5.244886625936053,4.2655605642034145,4.97476596050397,2021 Q4,4.6930859,5.202515398928043,-1.0198407556646805
NAIRU[98],4.632217961726374,4.628423791314782,4.121459123972275,5.117029859406286,4.326110129919795,4.943725323167804,2022 Q1,4.0610144,9.299286684916463,1.1015860105033526
NAIRU[99],4.685781780049934,4.670358718328446,4.194995775263811,5.211964036310708,4.407836727610346,4.962368770861685,2022 Q2,3.7994325,8.08520966290951,1.664494873796063
NAIRU[100],4.727543641633874,4.722121780656581,4.2557094525669035,5.250741098597452,4.409016980148647,5.04833908494082,2022 Q3,3.5227551333333333,8.939550265436758,2.2890383109042123
NAIRU[101],4.751089066383058,4.748851166756507,4.2849359709125965,5.247390656200883,4.41392068348201,5.053540352851158,2022 Q4,3.4929186333333333,8.687509078839728,0.8659683527837192
NAIRU[102],4.748709967942909,4.749033700164254,4.282391899453268,5.223838615933134,4.442005356545671,5.021999243563233,2023 Q1,3.6231456333333334,4.382547954002902,1.403161803111086
NAIRU[103],4.742359244740833,4.7570672861966425,4.274334277659662,5.22307387190594,4.428974920895122,5.002112065544432,2023 Q2,3.6039779,6.271647386762602,1.1881353600079914
NAIRU[104],4.745785996610416,4.745069905344665,4.27717666801815,5.242392646378119,4.438737399956007,5.052102305330069,2023 Q3,3.6488515666666665,1.3772214621226908,1.9178419331609464
NAIRU[105],4.702553107525288,4.687946671184143,4.224680573582417,5.192665482623752,4.406343138914779,5.008390710651547,2023 Q4,3.899197733333333,0.5979091056057761,1.71765841244369
NAIRU[106],4.660182940139641,4.669164778411639,4.126210694086859,5.1107176947411075,4.397866982223406,4.95849850848553,2024 Q1,3.9113048,1.0662705744040046,0.8384343365973823
NAIRU[107],4.6684757808495245,4.658366124342891,4.205902844290018,5.1305650896418955,4.387317315217452,4.9793099481528165,2024 Q2,4.039988866666667,0.9077218151117172,0.9399721796034766
NAIRU[108],4.794639870817067,4.790834587839218,4.366789310429563,5.318266631991379,4.503440009214448,5.085125341051974,2024 Q3,4.109908833333333,1.1333706509849328,1.1392950344753183
NAIRU[109],4.8252112063349015,4.816883920659997,4.3842216503014475,5.33111819121128,4.555660388644436,5.095993327339463,2024 Q4,4.008619466666667,0.4460973940624946,1.6971057276952473
NAIRU[110],4.878875736794791,4.858178437564323,4.407392313141494,5.364655108031659,4.614779926079638,5.171534292458679,2025 Q1,4.094575966666667,3.2056416116116537,1.2430773801046624
NAIRU[111],4.892143626829857,4.861707004148052,4.436024407833132,5.313995131452447,4.65990443481748,5.195942873415165,2025 Q2,4.157974933333334,2.967576814611661,0.6363379164154859
NAIRU[112],4.973176417988166,4.981437004883171,4.465904840807649,5.389616100204361,4.722784105210818,5.2213625925914915,2025 Q3,4.3060484,2.0818595756032288,1.2068786462299586
NAIRU[113],5.00679162035105,4.979232799297947,4.599828670922504,5.451945459986287,4.732024752053423,5.282882550118005,2025 Q4,4.2573268,1.326474865848315,0.5519293141781789
NAIRU[114],5.03611551515302,5.016778491878354,4.600804069108401,5.4646335776563095,4.777590177819309,5.300000235720222,2026 Q1,4.223809066666667,-2.2256111517823918,0.9852231720965277
NAIRU[115],5.092654829152894,5.090218926702766,4.658177778732669,5.565164739924596,4.8217978084922875,5.372746162775937,2026 Q2,4.434078,-3.571808260207998,1.1265584160728648
NAIRU[116],5.136562989146929,5.114582197915993,4.712805742431011,5.655456835012844,4.856665798628696,5.422296163854896,2026 Q3,4.4618247,-3.571808260207998,1.1265584160728648
NAIRU[117],5.14425602487944,5.134000976565389,4.658374720530329,5.654462137171346,4.842427051164922,5.473886703405587,2026 Q4,4.4618247,-3.571808260207998,1.1265584160728648
NAIRU[118],5.143694203413204,5.157037638417859,4.633204753395293,5.683445254682388,4.816964364723748,5.476843497000626,2027 Q1,4.4618247,-3.571808260207998,1.1265584160728648
NAIRU[119],5.142300145310624,5.16927023010388,4.5853662236587605,5.760174032417184,4.769462465665025,5.509200331144785,2027 Q2,4.4618247,-3.571808260207998,0.8789576359638593
