variable,mean,median,lowera,uppera,lowerb,upperb,date,LUR,dl4pmcg,DLAENA_EST
NAIRU[1],5.72612313778709,5.74069073490045,5.392366451876912,5.993284007779343,5.542150646277191,5.918751123327074,1997 Q4,7.977187499999999,6.3871470386661855,0.5
NAIRU[2],5.754076087634142,5.761420408573066,5.437477504677294,6.054745708838598,5.5498417407889935,5.95117301706687,1998 Q1,7.840956133333333,8.205906323515144,0
NAIRU[3],5.793984208193431,5.80458632905635,5.434672020046958,6.100048177834614,5.568774426717634,5.989994146234556,1998 Q2,7.733828733333333,10.244080555449209,0.4
NAIRU[4],5.837557123593599,5.847407170586097,5.470491167469581,6.199987810492353,5.608509715707192,6.022654642522285,1998 Q3,7.7882881,11.102625319350423,3.1
NAIRU[5],5.8706313260792085,5.87033808340559,5.50219414868924,6.261396601112227,5.660049921236876,6.101436415329023,1998 Q4,7.3748021,6.51638942498538,0.2
NAIRU[6],5.898570647662044,5.8797826688494705,5.525891722395021,6.322857861734006,5.670929780351391,6.174820330454249,1999 Q1,7.082459,3.2587647998844282,0.3
NAIRU[7],5.917320847465823,5.907341293525028,5.552396811956587,6.325627048541041,5.667821706655223,6.178530744209963,1999 Q2,6.886110866666667,-1.1469027348764982,1.5
NAIRU[8],5.947667482555335,5.939753587777289,5.50284332600787,6.345211251986284,5.709158160324764,6.209635032621413,1999 Q3,6.874404833333333,-5.666003356549165,0
NAIRU[9],5.95411533074365,5.96243789397635,5.494508122419784,6.364247746986104,5.684748282142632,6.220838027763904,1999 Q4,6.6339581333333335,-3.9118416595471217,0.9
NAIRU[10],5.975515544546967,5.982144066413626,5.4891434021326395,6.430772852081627,5.668722547426735,6.244770142436808,2000 Q1,6.650502033333333,-2.0131970951924316,1.4
NAIRU[11],5.986880080742071,5.995619746619558,5.478304716624313,6.500154625442693,5.688122524867988,6.261156894475691,2000 Q2,6.3020701,4.170891253848286,-0.6
NAIRU[12],5.990349112715124,5.981657723260264,5.500682758105127,6.465096392763455,5.671589053388233,6.3032191647380005,2000 Q3,5.989740533333333,5.919918008416758,1.6
NAIRU[13],5.995938577803784,5.9827381648003435,5.523476577982633,6.486355102013023,5.7313420614493085,6.317295007819332,2000 Q4,6.172109266666666,8.981477240732882,3.1
NAIRU[14],5.995763915049627,5.965453742473594,5.568587040734883,6.482319399254378,5.721655849932908,6.2771755839427055,2001 Q1,6.366243933333333,8.228463259096674,1.9
NAIRU[15],5.970317993666155,5.955254981327355,5.487743963844965,6.483959356362883,5.688918571092245,6.272422003239958,2001 Q2,6.869537533333333,8.246203732647572,0.5
NAIRU[16],5.930912019763627,5.9302682050578,5.475930982374545,6.433770982663374,5.630896924893066,6.224116544563752,2001 Q3,6.867782666666667,5.66886876816568,1.3
NAIRU[17],5.89771131506952,5.901349076495737,5.464548073161753,6.374980197154494,5.608563212667189,6.198173414808088,2001 Q4,6.979481766666667,2.8755974987303645,1.4
NAIRU[18],5.849683026311095,5.844847868714359,5.398174818838442,6.343958794360173,5.563663780835624,6.164335237351919,2002 Q1,6.6275595,1.9355442952956103,0.6
NAIRU[19],5.796189716202931,5.786327977290839,5.385673341570858,6.246312465298779,5.513849800635592,6.105743826646978,2002 Q2,6.404725666666667,-4.324132417319415,1.7
NAIRU[20],5.738693729396181,5.70830487877058,5.3483554648463425,6.2356773175680456,5.4645222447226525,6.008896902102957,2002 Q3,6.280471133333333,-2.753210339020118,0.9
NAIRU[21],5.677636965132116,5.664038243382214,5.246075372978125,6.148650658702784,5.411198525897658,5.927064879845687,2002 Q4,6.157816866666667,-4.345011692652445,0.1
NAIRU[22],5.622208803775428,5.602552486219135,5.225760806360994,6.080678718140345,5.372764445738163,5.876880322636866,2003 Q1,6.056286166666666,-4.659608729443221,0.5
NAIRU[23],5.561061514166619,5.5583472536571374,5.176778412291608,5.987640611873191,5.29998422890787,5.811011105332335,2003 Q2,6.051211533333333,-5.552309049921789,1.4
NAIRU[24],5.49729083327166,5.475264758943359,5.113412260343073,5.8864355029125495,5.258142252933363,5.783154882764699,2003 Q3,5.9071963,-8.031641781620547,1.3
NAIRU[25],5.453335665175466,5.4394590970095145,5.04248292265148,5.879317628311219,5.211670967977882,5.688826866355882,2003 Q4,5.708952,-10.389959501815138,1.9
NAIRU[26],5.398218629709567,5.403124460705243,4.961400980943774,5.813748848479008,5.126096712858585,5.644737629036489,2004 Q1,5.5373783,-11.98772772594987,0.9
NAIRU[27],5.329662988466908,5.330609944453034,4.911403851619238,5.792623363640453,5.03461474509717,5.611847025247138,2004 Q2,5.435813933333333,-6.52308022313326,1.1
NAIRU[28],5.276995413368852,5.259795468287605,4.837083333320865,5.746957559915705,5.0020882525157235,5.567762947187704,2004 Q3,5.479516333333334,-2.613938820303563,1.8
NAIRU[29],5.234114222659094,5.2327611991891025,4.739407823101489,5.691229121126612,4.953383571329233,5.508121394339744,2004 Q4,5.117552766666667,-2.0277192439150937,0.6
NAIRU[30],5.182013473296289,5.192478498142645,4.684466539864853,5.668309897185084,4.895937392242009,5.419268838049129,2005 Q1,5.106783733333334,-0.5676458004804985,0.1
NAIRU[31],5.144658846374754,5.14546692858603,4.678122725497694,5.610479912936029,4.864228198169875,5.404687608520417,2005 Q2,5.0571962,-2.6194201090823377,-0.1
NAIRU[32],5.114346879489784,5.1225905130839315,4.656266158653811,5.594325471236625,4.820476447170064,5.363728493369369,2005 Q3,4.958602733333334,-2.6841037524811817,2.5
NAIRU[33],5.090815283136983,5.1037543353900965,4.6716905207172585,5.5329426002190125,4.789782905854013,5.33291525357355,2005 Q4,5.007952566666667,-1.0294896726862568,1.4
NAIRU[34],5.070466979659646,5.065075718199662,4.633674841950917,5.51769409787563,4.750163943594076,5.341560453700816,2006 Q1,5.044254333333333,1.1320875624481808,1.2
NAIRU[35],5.05796143343447,5.0524114447376105,4.574766232660196,5.570140714904651,4.7622520607426075,5.345377134786657,2006 Q2,4.857371833333333,1.2246973609973288,0
NAIRU[36],5.067422664349315,5.047694977911032,4.646221375845164,5.518328656129537,4.797320999368287,5.33613720598897,2006 Q3,4.678365866666667,-0.7532992307544895,1.2
NAIRU[37],5.07836692132721,5.057055323328363,4.671811080359093,5.523972563581437,4.837886137952117,5.337385602819554,2006 Q4,4.515483166666667,-1.5166167471410752,3.1
NAIRU[38],5.075412494357948,5.0646996871698065,4.621899475954576,5.5018909070468185,4.801486414629566,5.3450179172299,2007 Q1,4.549238466666667,-2.2771382412477337,1.1
NAIRU[39],5.078029246524173,5.048097864469456,4.708235789254554,5.495754401371849,4.840223191683087,5.320643683383194,2007 Q2,4.3249484,-4.011999378942566,2.1
NAIRU[40],5.056874479008025,5.039678232383862,4.6887219427006945,5.472787313788388,4.799479732268385,5.306056474456542,2007 Q3,4.2552332999999996,-4.050698427981736,1.1
NAIRU[41],5.033680711168662,5.001619613026956,4.627482309643259,5.417949870700845,4.797759479195372,5.299415336787847,2007 Q4,4.353817833333333,-4.293342290860114,0.3
NAIRU[42],4.995500631372794,4.954147993879099,4.573032264233207,5.436004768232709,4.77412034706874,5.258943326147309,2008 Q1,4.086222633333334,-2.8225718064629035,0.7
NAIRU[43],4.956533355071492,4.947195199810199,4.540295971439367,5.376655081155302,4.71436305990274,5.22460779635081,2008 Q2,4.258564,-2.366974408590483,1.8
NAIRU[44],4.908087016628697,4.896100562207316,4.537361884792976,5.351400497555072,4.652879985353849,5.1802689721787125,2008 Q3,4.1850008333333335,0.5888142625222414,0.5
NAIRU[45],4.83977179343508,4.846110901224595,4.441139707773317,5.2905710317144665,4.5742563403584064,5.106240127656823,2008 Q4,4.441033366666667,15.997331929834147,0.8
NAIRU[46],4.8058487698109085,4.807412005237718,4.432275009763658,5.244689985724117,4.5440477449949235,5.08617516463095,2009 Q1,5.3073573666666665,17.60498742460772,-0.5
NAIRU[47],4.748229998257916,4.748235131780866,4.34786035313728,5.165385452857467,4.477661916255066,5.022293675136535,2009 Q2,5.729036,12.903025974373161,0.5
NAIRU[48],4.709689439773673,4.700829662361542,4.265554209595467,5.162071588262229,4.42973289631404,4.979545952615142,2009 Q3,5.683215466666667,6.166011635755986,2.2
NAIRU[49],4.664500835620508,4.656882070215868,4.241882395923505,5.127015962321762,4.390917743322213,4.952173641961867,2009 Q4,5.5578409,-12.760168444084918,0.5
NAIRU[50],4.635272136516726,4.633439382491467,4.212438946142229,5.079841654374774,4.331852293230757,4.926037730181047,2010 Q1,5.3289932,-14.112877009846336,0.5
NAIRU[51],4.603338764975364,4.61367818160875,4.179054587274058,5.023948642614497,4.323237360467385,4.89184944684415,2010 Q2,5.290939833333333,-7.654007712233479,2.1
NAIRU[52],4.573924728094648,4.601520943784257,4.135699469134672,5.007910554764811,4.308153936995742,4.842034947223953,2010 Q3,5.124916533333333,-3.0829158019901826,2.2
NAIRU[53],4.540257661027228,4.559509473601354,4.108079998740893,4.971852458358386,4.284761730110435,4.784596443729459,2010 Q4,5.090326233333333,-2.3438572972017013,1.4
NAIRU[54],4.520084061060572,4.528058797838106,4.103091136768329,4.904334232025165,4.251749619419176,4.767157818492507,2011 Q1,4.9672569,-4.185525773661247,-0.1
NAIRU[55],4.5168865893940335,4.523178387345636,4.097625891388361,4.903109051463942,4.280571932651563,4.7747675170815995,2011 Q2,4.9632171666666665,-5.84962066816086,2.4
NAIRU[56],4.513413289699817,4.512882512776203,4.07440473475237,4.873505746163951,4.276225373096015,4.7530840288674545,2011 Q3,5.194893633333333,-5.760499194271507,1.4
NAIRU[57],4.5220122008243875,4.525864080048963,4.110255807635442,4.946236761359464,4.2621521963095885,4.78327141269952,2011 Q4,5.2052778,0,0.2
NAIRU[58],4.533081544483423,4.529089714643839,4.08702758761402,4.990984770817473,4.281410504003325,4.800002999609179,2012 Q1,5.1409404,-2.2111453607431386,1.2
NAIRU[59],4.556985761730661,4.534708418326149,4.154858121655795,5.02011124860804,4.319864168910119,4.816971529695959,2012 Q2,5.1192635,1.197619104671599,1
NAIRU[60],4.576639094127184,4.576399291430077,4.132161075669524,5.0108193806276455,4.331892200459283,4.846335690511419,2012 Q3,5.2759066,0,-0.3
NAIRU[61],4.592542807414014,4.575086794627234,4.1519011596813735,5.066304150257972,4.351687823008338,4.8430996459916535,2012 Q4,5.366588366666667,-1.996074256253788,0.8
NAIRU[62],4.591228022559794,4.597611632812178,4.138686030973909,5.044658055277368,4.343182885562144,4.8417890808972395,2013 Q1,5.474768766666667,0.708863727773501,0
NAIRU[63],4.594403327838522,4.583026330631066,4.175019198824282,5.047858886259185,4.3386417409805205,4.895841607210163,2013 Q2,5.6312682999999994,-0.5970166986504211,0.7
NAIRU[64],4.594449384714275,4.56947668285408,4.111429033811433,5.081370341686199,4.304615523009129,4.9147629011640674,2013 Q3,5.7286164,5.475463371835865,0.7
NAIRU[65],4.583765671149947,4.578697010924762,4.0760855504710944,5.048621210693629,4.280669770790382,4.89456587787308,2013 Q4,5.840081433333333,4.629088381435409,1.9
NAIRU[66],4.563084400259436,4.55288400727812,3.9990365931734253,5.035372385893373,4.246706917000312,4.847530610527023,2014 Q1,5.8995707,7.669939312596341,0.1
NAIRU[67],4.544411727327957,4.542734121194391,3.988022825023697,5.05191701797038,4.243029407037193,4.818919694913318,2014 Q2,5.927679333333333,4.964523048916547,0.6
NAIRU[68],4.526346410453612,4.5187042995235736,3.9874483572913624,4.986021059260121,4.226542406832482,4.846948374147253,2014 Q3,6.169539133333333,-0.19047624806542984,0.8
NAIRU[69],4.5000247819714465,4.4955141861655585,3.982747481943001,4.950536390842152,4.155534207366809,4.823134456386949,2014 Q4,6.253391966666666,3.8702329019038473,0.8
NAIRU[70],4.475038054061488,4.468110470528162,3.929581319639788,4.979263663745507,4.158597070243025,4.7971505462737385,2015 Q1,6.202812866666666,4.923510299768541,-1.2
NAIRU[71],4.450860886556136,4.4502993931410435,3.97790101370991,4.886766995877817,4.128155413459957,4.774407911584921,2015 Q2,6.017128733333333,6.346957394866681,1.1
NAIRU[72],4.427018080590385,4.445718414441532,3.9360756257437757,4.873487699166539,4.071770776580852,4.736423383705887,2015 Q3,6.178474766666667,9.97202349434545,0.5
NAIRU[73],4.3983088418805405,4.405448440159314,3.951817563221292,4.86503264389894,4.080476994632433,4.703841277762824,2015 Q4,5.834532633333334,8.430710645999362,0.5
NAIRU[74],4.379028114650129,4.375408316497136,3.905322630362681,4.823281513111086,4.063392056574786,4.69211004857858,2016 Q1,5.796395033333333,3.9254931018431805,-0.1
NAIRU[75],4.367501308768626,4.3587499365393585,3.892740614105696,4.793683903388385,4.046679810888221,4.6680498845946605,2016 Q2,5.6874937,2.2037031046728828,0.5
NAIRU[76],4.352995422267589,4.364724902048174,3.8681608061748665,4.850217810712855,4.055950219960911,4.644011945737709,2016 Q3,5.6576064666666666,-2.092491342424818,0.3
NAIRU[77],4.332037568866023,4.322679830641136,3.8057329166733154,4.846434642568849,4.035227090362094,4.636278816453052,2016 Q4,5.733405633333334,-4.082199452025481,-0.6
NAIRU[78],4.313013887952767,4.317751514010548,3.8091542291820266,4.802997979125857,4.023341004510342,4.590071799590754,2017 Q1,5.807673066666666,-3.3046485355948008,-0.6
NAIRU[79],4.299280085021511,4.289092631753755,3.8177027256792266,4.7930592703387465,3.9901917331125714,4.563161793999402,2017 Q2,5.593200266666667,-0.9636517848274018,0.9
NAIRU[80],4.276986005950834,4.270835107274928,3.78788781375819,4.7400238839624365,3.952827797798193,4.6085709504709715,2017 Q3,5.532623233333333,-1.5986130846302515,1
NAIRU[81],4.245961935338464,4.247674006611518,3.7629497548143123,4.739295189763387,3.914356820040746,4.552132778699769,2017 Q4,5.491421833333333,-0.44424773195608225,0.8
NAIRU[82],4.237501216146351,4.2313364442619665,3.7846341498841634,4.700138249304071,3.935241445585155,4.525414849134734,2018 Q1,5.545387633333333,-0.5319161477600254,0.7
NAIRU[83],4.22508969006713,4.217332570755737,3.7658996101060236,4.68275664597185,3.9272916220011402,4.5373729788132255,2018 Q2,5.441253533333334,0.4391750580978737,0
NAIRU[84],4.216494072482533,4.215643042794936,3.7796487803926673,4.660907900228079,3.9263913761908817,4.499516353255341,2018 Q3,5.1852937,3.5183928124475905,0.9
NAIRU[85],4.209718240375268,4.187626751130949,3.7786483668152124,4.685062456255693,3.943275168411083,4.486772900786706,2018 Q4,5.042751866666666,3.4999197780220648,1.3
NAIRU[86],4.209339151142988,4.205201218577185,3.790173489086603,4.6657655714557515,3.914800701809275,4.488879681168996,2019 Q1,5.0437186333333335,3.2359622773336483,-0.1
NAIRU[87],4.1981231587240035,4.198689285458081,3.7285186782042734,4.656833925229793,3.915590455415419,4.4821923083771384,2019 Q2,5.2255074,2.851165052596638,1.9
NAIRU[88],4.207370622374925,4.211861058577982,3.7898374868286258,4.643930065279009,3.914824740523715,4.461974521215392,2019 Q3,5.252756266666666,2.3068088250274066,0.6
NAIRU[89],4.2121711960294785,4.208518307007541,3.775951771837937,4.643549006817065,3.9457677695015207,4.499801204616833,2019 Q4,5.171337833333333,2.1268347403926136,1.5
NAIRU[90],4.246430850344092,4.251937334035107,3.8097717907188335,4.717773321195944,3.984071835411383,4.492594655682227,2020 Q1,5.186909333333333,2.4650631943442747,1.3
NAIRU[91],4.26290476089349,4.273669269710869,3.810547870993047,4.6930327623163475,3.9850300193834505,4.505069307784681,2020 Q2,6.9056799,3.843413733926049,5.8
NAIRU[92],4.284213178345335,4.273702202928037,3.8300317351502957,4.706336225968504,4.043419839585161,4.548464222076966,2020 Q3,7.050215966666666,-0.9333966790475046,-1.8
NAIRU[93],4.296558839549423,4.270201130621872,3.8726675143539664,4.714909542349461,4.048842104126368,4.564270686006349,2020 Q4,6.7729957,-2.2989518224698635,-0.2
NAIRU[94],4.307076817953535,4.3018832771059206,3.90186348523983,4.749075741566181,4.0494892301888035,4.560235836814928,2021 Q1,5.932969166666667,-4.464260590811708,1.1
NAIRU[95],4.32205120289214,4.309379249730453,3.9286503506063255,4.75064965236549,4.049407565983062,4.571186899829297,2021 Q2,5.2007346,-6.782259633876109,0.1
NAIRU[96],4.344219964305193,4.321708661803294,3.9731411049285206,4.760266922027735,4.104741081076034,4.59383662039033,2021 Q3,4.664694133333334,1.1864545956192352,2.8
NAIRU[97],4.361336812199951,4.356007104377154,4.002237262508819,4.752473733533497,4.1305039507136225,4.629142085293422,2021 Q4,4.6930859,5.202515398928043,0.6
NAIRU[98],4.382238657157069,4.362581060288171,4.047702526446812,4.7728812382818955,4.134789318522246,4.655776441439339,2022 Q1,4.0610144,9.299286684916463,1.5
NAIRU[99],4.395451379484698,4.387342527011324,4.068979374397682,4.799782506691389,4.17253897646196,4.634099048753424,2022 Q2,3.7994325,8.08520966290951,-0.6
NAIRU[100],4.422350317578349,4.416322834538706,4.087084239779478,4.769293878007324,4.213630890530749,4.645529683679091,2022 Q3,3.5227551333333333,8.939550265436758,0.8
NAIRU[101],4.4403907859145635,4.422192293055113,4.1260821804286065,4.7799312218959145,4.215327691284564,4.653963600514176,2022 Q4,3.4929186333333333,8.687509078839728,0.2
NAIRU[102],4.44105500903314,4.422734551969249,4.1088927408101785,4.824729523436447,4.203397732404557,4.664981949527875,2023 Q1,3.6231456333333334,4.382547954002902,0.8
NAIRU[103],4.44421523527061,4.435030484500535,4.091671638526343,4.864390831553148,4.205178570052511,4.6828961721297855,2023 Q2,3.6039779,6.271647386762602,0.4
NAIRU[104],4.457399835279303,4.446277612173768,4.108509395547987,4.85599589052087,4.222119988740555,4.703177013991814,2023 Q3,3.6488515666666665,1.3772214621226908,2.9
NAIRU[105],4.467413937870655,4.443244524779849,4.1172639994758,4.85049188302252,4.224704377079885,4.699370366500437,2023 Q4,3.899197733333333,0.5979091056057761,2.3
NAIRU[106],4.47751527574713,4.464192378730122,4.126182986174808,4.872718642698414,4.216767583241378,4.706258543506365,2024 Q1,3.9113048,1.0662705744040046,0.8
NAIRU[107],4.497601822930745,4.490832364323064,4.1140698341855,4.925049336914764,4.24953527589459,4.716731369859013,2024 Q2,4.039988866666667,0.9077218151117172,0.7
NAIRU[108],4.5283585931341745,4.5259702881482085,4.1523881206388,4.937630912264241,4.304286817484138,4.747695409938828,2024 Q3,4.109908833333333,1.1333706509849328,0
NAIRU[109],4.548913812105899,4.54783084627619,4.192018415561143,4.913002831501351,4.309675648268168,4.761129261225647,2024 Q4,4.008619466666667,0.4460973940624946,1.9
NAIRU[110],4.59094124878069,4.592792680758368,4.248198070622848,4.985133231085074,4.336952827440043,4.78502814018902,2025 Q1,4.094575966666667,3.2056416116116537,1.2
NAIRU[111],4.617760991442685,4.62148969271367,4.278096430392692,4.995401395041231,4.369681159475603,4.81534433804236,2025 Q2,4.157974933333334,2.967576814611661,1.4
NAIRU[112],4.648711475294553,4.651359850292385,4.273718250563506,5.045126469284996,4.413152421616982,4.851089933673662,2025 Q3,4.3060484,2.0818595756032288,1.3
NAIRU[113],4.660922547152052,4.66486970290059,4.257848261256672,5.047522193147922,4.427725498664197,4.878277831471685,2025 Q4,4.2573268,1.326474865848315,0.4
NAIRU[114],4.685983652559204,4.655374709132877,4.308185047280601,5.107582878911795,4.45574286410354,4.904105826558979,2026 Q1,4.223809066666667,-2.2256111517823918,0.2
NAIRU[115],4.698320914191753,4.702998644210108,4.338037552202246,5.108363402604611,4.460170229008137,4.9442027814560525,2026 Q2,4.434078,-3.571808260207998,1.3
NAIRU[116],4.713635917472549,4.683239980376381,4.3261062312793666,5.121563244901135,4.448095641562184,4.95742082484322,2026 Q3,4.4618247,-3.571808260207998,1.3
NAIRU[117],4.707863928776572,4.700444529312946,4.301090205282441,5.1961807138228355,4.4562121437729285,4.978646005692119,2026 Q4,4.4618247,-3.571808260207998,1.3
NAIRU[118],4.722691093211358,4.691249208858553,4.32340865581355,5.22331751408409,4.469545054144026,4.993827515322096,2027 Q1,4.4618247,-3.571808260207998,1.3
NAIRU[119],4.716720589413429,4.705823727653616,4.291430746784771,5.213738502008433,4.446745244450746,5.0116818362366935,2027 Q2,4.4618247,-3.571808260207998,0.8633737364123835
